sequence,browser_event_ns,xr_receive_ns,browser_to_xr_offset_ns,clock_sync_valid,browser_to_xr_raw_ms,browser_to_xr_ms,right_b,left_y
1,1791019352272000000,1791019352368303687,,0,96.303687,,0,0
2,1791019352312999936,1791019352410280500,,0,97.280564,,0,0
3,1791019352335000064,1791019352439525503,,0,104.525439,,0,0
4,1791019352372000000,1791019352468820513,,0,96.820513,,0,0
5,1791019352400999936,1791019352498782399,,0,97.782463,,0,0
6,1791019352437999872,1791019352533172705,,0,95.172833,,0,0
7,1791019352472999936,1791019352570989301,,0,97.989365,,0,0
8,1791019352516000000,1791019352616844159,,0,100.844159,,0,0
9,1791019352535000064,1791019352629404711,,0,94.404647,,0,0
10,1791019352565999872,1791019352664399870,,0,98.399998,,0,0
11,1791019352599000064,1791019352694110874,,0,95.110810,,0,0
12,1791019352632000000,1791019352726919342,,0,94.919342,,0,0
13,1791019352664999936,1791019352760013613,,0,95.013677,,0,0
14,1791019352697999872,1791019352792787997,,0,94.788125,,0,0
15,1791019352731000064,1791019352826281219,,0,95.281155,,0,0
16,1791019352764000000,1791019352858419459,,0,94.419459,,0,0
17,1791019352796999936,1791019352892922913,,0,95.922977,,0,0
18,1791019352829999872,1791019352924700197,,0,94.700325,,0,0
19,1791019352862999808,1791019352957384341,,0,94.384533,,0,0
20,1791019352896000000,1791019352990375801,,0,94.375801,,0,0
21,1791019352928999936,1791019353024886797,,0,95.886861,,0,0
22,1791019352990000128,1791019353089524230,,0,99.524102,,0,0
24,1791019353028000000,1791019353121941567,,0,93.941567,,0,0
25,1791019353061000192,1791019353155948006,,0,94.947814,,0,0
26,1791019353094000128,1791019353189343445,,0,95.343317,,0,0
27,1791019353127000064,1791019353221632268,,0,94.632204,,0,0
28,1791019353160000000,1791019353254960656,,0,94.960656,,0,0
29,1791019353193000192,1791019353288020283,,0,95.020091,,0,0
30,1791019353226000128,1791019353320368893,,0,94.368765,,0,0
31,1791019353260000000,1791019353355115683,,0,95.115683,,0,0
32,1791019353292000000,1791019353387662372,,0,95.662372,,0,0
33,1791019353324999936,1791019353419742500,,0,94.742564,,0,0
34,1791019353358000128,1791019353452677245,,0,94.677117,,0,0
35,1791019353391000064,1791019353485595507,,0,94.595443,,0,0
36,1791019353424000000,1791019353520938489,,0,96.938489,,0,0
37,1791019353456999936,1791019353551571160,,0,94.571224,,0,0
38,1791019353490000128,1791019353594182718,,0,104.182590,,0,0
39,1791019353523000064,1791019353618163680,,0,95.163616,,0,0
40,1791019353556000000,1791019353651420547,,0,95.420547,,0,0
41,1791019353588999936,1791019353683254264,,0,94.254328,,0,0
42,1791019353621999872,1791019353717145599,,0,95.145727,,0,0
43,1791019353655000064,1791019353755947839,,0,100.947775,,0,0
44,1791019353688000000,1791019353783690625,,0,95.690625,,0,0
45,1791019353720999936,1791019353816389016,,0,95.389080,,0,0
46,1791019353753999872,1791019353849318452,,0,95.318580,,0,0
47,1791019353787000064,1791019353882761665,,0,95.761601,,0,0
48,1791019353820000000,1791019353915890857,,0,95.890857,,0,0
49,1791019353854000128,1791019353949458672,,0,95.458544,,0,0
50,1791019353887000064,1791019353984565301,,0,97.565237,,0,0
51,1791019353920999936,1791019354016042251,,0,95.042315,,0,0
52,1791019353953999872,1791019354049330129,,0,95.330257,,0,0
53,1791019353988000000,1791019354082983991,,0,94.983991,,0,0
54,1791019354020999936,1791019354114979186,,0,93.979250,,0,0
55,1791019354051000064,1791019354146894200,,0,95.894136,,0,0
56,1791019354084000000,1791019354178836035,,0,94.836035,,0,0
57,1791019354117000192,1791019354211779718,,0,94.779526,,0,0
58,1791019354150000128,1791019354244828448,,0,94.828320,,0,0
59,1791019354183000064,1791019354277934170,,0,94.934106,,0,0
60,1791019354216000000,1791019354310928421,,0,94.928421,,0,0
61,1791019354249000192,1791019354343504723,,0,94.504531,,0,0
62,1791019354282000128,1791019354376665762,,0,94.665634,,0,0
63,1791019354315000064,1791019354409516972,,0,94.516908,,0,0
64,1791019354348000000,1791019354442951243,,0,94.951243,,0,0
65,1791019354380999936,1791019354476893702,,0,95.893766,,0,0
66,1791019354414000128,1791019354509659143,,0,95.659015,,0,0
67,1791019354448000000,1791019354542462858,,0,94.462858,,0,0
68,1791019354480000000,1791019354574620093,,0,94.620093,,0,0
69,1791019354512999936,1791019354608881602,,0,95.881666,,0,0
70,1791019354546000128,1791019354641806288,,0,95.806160,,0,0
71,1791019354579000064,1791019354675117912,,0,96.117848,,0,0
72,1791019354612999936,1791019354707633588,,0,94.633652,,0,0
73,1791019354645999872,1791019354742751111,,0,96.751239,,0,0
74,1791019354680000000,1791019354775496437,,0,95.496437,,0,0
75,1791019354712999936,1791019354807992836,,0,94.992900,,0,0
76,1791019354746000128,1791019354841361733,,0,95.361605,,0,0
77,1791019354776999936,1791019354871759166,,0,94.759230,,0,0
79,1791019354842999808,1791019354937617198,,0,94.617390,,0,0
80,1791019354876000000,1791019354970872109,,0,94.872109,,0,0
81,1791019354908999936,1791019355004187924,,0,95.187988,,0,0
82,1791019354941999872,1791019355036880445,,0,94.880573,,0,0
83,1791019354976000000,1791019355074449787,,0,98.449787,,0,0
84,1791019355009999872,1791019355105434191,,0,95.434319,,0,0
85,1791019355040999936,1791019355137008642,,0,96.008706,,0,0
86,1791019355073999872,1791019355168944329,,0,94.944457,,0,0
87,1791019355108999936,1791019355203689998,,0,94.690062,,0,0
88,1791019355141999872,1791019355236355699,,0,94.355827,,0,0
89,1791019355173000192,1791019355268367936,,0,95.367744,,0,0
90,1791019355208000000,1791019355303686050,,0,95.686050,,0,0
91,1791019355239000064,1791019355336597045,,0,97.596981,,0,0
92,1791019355272000000,1791019355366779915,,0,94.779915,,0,0
93,1791019355305999872,1791019355400453052,,0,94.453180,,0,0
94,1791019355339000064,1791019355434307506,,0,95.307442,,0,0
95,1791019355372000000,1791019355467170169,,0,95.170169,,0,0
96,1791019355404000000,1791019355498772278,,0,94.772278,,0,0
97,1791019355438999808,1791019355533971378,,0,94.971570,,0,0
98,1791019355472999936,1791019355567230757,,0,94.230821,,0,0
99,1791019355504000000,1791019355599210865,,0,95.210865,,0,0
100,1791019355536999936,1791019355632474155,,0,95.474219,,0,0
101,1791019355569999872,1791019355665275913,,0,95.276041,,0,0
102,1791019355604999936,1791019355699379013,,0,94.379077,,0,0
103,1791019355635000064,1791019355729764711,,0,94.764647,,0,0
104,1791019355668000000,1791019355762938601,,0,94.938601,,0,0
105,1791019355700999936,1791019355795739521,,0,94.739585,,0,0
106,1791019355733999872,1791019355832045236,,0,98.045364,,0,0
107,1791019355767000064,1791019355862304097,,0,95.304033,,0,0
108,1791019355800000000,1791019355895753173,,0,95.753173,,0,0
109,1791019355832999936,1791019355927599180,,0,94.599244,,0,0
110,1791019355865999872,1791019355961066416,,0,95.066544,,0,0
111,1791019355898999808,1791019355994506552,,0,95.506744,,0,0
112,1791019355932000000,1791019356027129787,,0,95.129787,,0,0
113,1791019355964999936,1791019356060252828,,0,95.252892,,0,0
114,1791019355997999872,1791019356094458458,,0,96.458586,,0,0
115,1791019356030999808,1791019356126391629,,0,95.391821,,0,0
116,1791019356064000000,1791019356162019572,,0,98.019572,,0,0
117,1791019356096999936,1791019356192466173,,0,95.466237,,0,0
118,1791019356130000128,1791019356227984042,,0,97.983914,,0,0
119,1791019356163000064,1791019356260344102,,0,97.344038,,0,0
120,1791019356196000000,1791019356292255202,,0,96.255202,,0,0
121,1791019356229000192,1791019356325096909,,0,96.096717,,0,0
122,1791019356262000128,1791019356357546650,,0,95.546522,,0,0
123,1791019356296000000,1791019356391086522,,0,95.086522,,0,0
124,1791019356329999872,1791019356429402081,,0,99.402209,,0,0
125,1791019356361999872,1791019356457598293,,0,95.598421,,0,0
126,1791019356396000000,1791019356491072233,,0,95.072233,,0,0
127,1791019356428999936,1791019356524522984,,0,95.523048,,0,0
128,1791019356463000064,1791019356557974015,,0,94.973951,,0,0
130,1791019356526000128,1791019356620832082,,0,94.831954,,0,0
131,1791019356559000064,1791019356654931269,,0,95.931205,,0,0
132,1791019356592000000,1791019356688035313,,0,96.035313,,0,0
133,1791019356624999936,1791019356720204278,,0,95.204342,,0,0
134,1791019356657999872,1791019356753647766,,0,95.647894,,0,0
135,1791019356691000064,1791019356788837365,,0,97.837301,,0,0
136,1791019356724000000,1791019356819458857,,0,95.458857,,0,0
137,1791019356756999936,1791019356852213678,,0,95.213742,,0,0
138,1791019356789999872,1791019356884610616,,0,94.610744,,0,0
139,1791019356823000064,1791019356918000463,,0,95.000399,,0,0
140,1791019356856000000,1791019356950847479,,0,94.847479,,0,0
141,1791019356888999936,1791019356985404566,,0,96.404630,,0,0
142,1791019356921999872,1791019357015959286,,0,93.959414,,0,0
143,1791019356954999808,1791019357048841502,,0,93.841694,,0,0
144,1791019356988000000,1791019357084044789,,0,96.044789,,0,0
145,1791019357020999936,1791019357116878673,,0,95.878737,,0,0
146,1791019357053999872,1791019357148674947,,0,94.675075,,0,0
147,1791019357088000000,1791019357185536062,,0,97.536062,,0,0
148,1791019357120999936,1791019357216212869,,0,95.212933,,0,0
149,1791019357154000128,1791019357249251257,,0,95.251129,,0,0
150,1791019357188000000,1791019357283034188,,0,95.034188,,0,0
151,1791019357220000000,1791019357316862656,,0,96.862656,,0,0
152,1791019357253999872,1791019357350216741,,0,96.216869,,0,0
153,1791019357285000192,1791019357380328646,,0,95.328454,,0,0
154,1791019357318000128,1791019357413949537,,0,95.949409,,0,0
155,1791019357351000064,1791019357445756987,,0,94.756923,,0,0
156,1791019357384000000,1791019357478439727,,0,94.439727,,0,0
157,1791019357416999936,1791019357512315131,,0,95.315195,,0,0
158,1791019357450000128,1791019357547558649,,0,97.558521,,0,0
159,1791019357483000064,1791019357582416066,,0,99.416002,,0,0
160,1791019357516000000,1791019357610137055,,0,94.137055,,0,0
161,1791019357548999936,1791019357643971112,,0,94.971176,,0,0
162,1791019357582000128,1791019357676737106,,0,94.736978,,0,0
163,1791019357615000064,1791019357714907107,,0,99.907043,,0,0
164,1791019357648000000,1791019357743503387,,0,95.503387,,0,0
165,1791019357680999936,1791019357776798244,,0,95.798308,,0,0
166,1791019357713999872,1791019357809537977,,0,95.538105,,0,0
167,1791019357747000064,1791019357841887978,,0,94.887914,,0,0
168,1791019357780000000,1791019357875709463,,0,95.709463,,0,0
169,1791019357813999872,1791019357910415178,,0,96.415306,,0,0
170,1791019357846999808,1791019357943195142,,0,96.195334,,0,0
171,1791019357880999936,1791019357977101836,,0,96.101900,,0,0
172,1791019357914000128,1791019358008735791,,0,94.735663,,0,0
173,1791019357947000064,1791019358045339878,,0,98.339814,,0,0
174,1791019357977999872,1791019358072776459,,0,94.776587,,0,0
175,1791019358012999936,1791019358108045398,,0,95.045462,,0,0
176,1791019358046000128,1791019358141036011,,0,95.035883,,0,0
177,1791019358078000128,1791019358173394672,,0,95.394544,,0,0
178,1791019358111000064,1791019358209183533,,0,98.183469,,0,0
179,1791019358144999936,1791019358239904481,,0,94.904545,,0,0
181,1791019358210000128,1791019358305393722,,0,95.393594,,0,0
182,1791019358244000000,1791019358338756467,,0,94.756467,,0,0
183,1791019358276999936,1791019358372295498,,0,95.295562,,0,0
184,1791019358308000000,1791019358402841555,,0,94.841555,,0,0
185,1791019358344000000,1791019358438734066,,0,94.734066,,0,0
186,1791019358374000128,1791019358469331808,,0,95.331680,,0,0
187,1791019358408000000,1791019358502896822,,0,94.896822,,0,0
188,1791019358440000000,1791019358534613751,,0,94.613751,,0,0
189,1791019358472999936,1791019358569692434,,0,96.692498,,0,0
190,1791019358506000128,1791019358600224801,,0,94.224673,,0,0
191,1791019358539000064,1791019358633627776,,0,94.627712,,0,0
192,1791019358572000000,1791019358666156578,,0,94.156578,,0,0
193,1791019358604999936,1791019358699817418,,0,94.817482,,0,0
194,1791019358638000128,1791019358734069702,,0,96.069574,,0,0
195,1791019358671000064,1791019358766929566,,0,95.929502,,0,0
196,1791019358704000000,1791019358801263148,,0,97.263148,,0,0
197,1791019358737999872,1791019358833724061,,0,95.724189,,0,0
198,1791019358770999808,1791019358866398418,,0,95.398610,,0,0
199,1791019358804000000,1791019358899762000,,0,95.762000,,0,0
200,1791019358838000128,1791019358933092616,,0,95.092488,,0,0
201,1791019358871000064,1791019358967893319,,0,96.893255,,0,0
202,1791019358904000000,1791019358999433122,,0,95.433122,,0,0
203,1791019358937999872,1791019359033761954,,0,95.762082,,0,0
204,1791019358970000128,1791019359065661036,,0,95.660908,,0,0
205,1791019359000999936,1791019359095867368,,0,94.867432,,0,0
206,1791019359033999872,1791019359128472718,,0,94.472846,,0,0
207,1791019359066999808,1791019359162821106,,0,95.821298,,0,0
208,1791019359100000000,1791019359194774946,,0,94.774946,,0,0
209,1791019359132999936,1791019359227859708,,0,94.859772,,0,0
210,1791019359165999872,1791019359261069072,,0,95.069200,,0,0
211,1791019359198999808,1791019359293692302,,0,94.692494,,0,0
212,1791019359232000000,1791019359326665592,,0,94.665592,,0,0
213,1791019359265000192,1791019359359836123,,0,94.835931,,0,0
214,1791019359298000128,1791019359394329787,,0,96.329659,,0,0
215,1791019359331000064,1791019359426489808,,0,95.489744,,0,0
216,1791019359364000000,1791019359458573560,,0,94.573560,,0,0
217,1791019359397000192,1791019359492741469,,0,95.741277,,0,0
218,1791019359430000128,1791019359526565186,,0,96.565058,,0,0
219,1791019359463000064,1791019359558834444,,0,95.834380,,0,0
220,1791019359496000000,1791019359590781300,,0,94.781300,,0,0
221,1791019359528999936,1791019359625959440,,0,96.959504,,0,0
222,1791019359562000128,1791019359657013963,,0,95.013835,,0,0
223,1791019359595000064,1791019359689933892,,0,94.933828,,0,0
224,1791019359630000128,1791019359725788126,,0,95.787998,,0,0
225,1791019359661999872,1791019359758711687,,0,96.711815,,0,0
226,1791019359694000128,1791019359790827566,,0,96.827438,,0,0
227,1791019359728000000,1791019359825358388,,0,97.358388,,0,0
228,1791019359760000000,1791019359854642494,,0,94.642494,,0,0
229,1791019359795000064,1791019359890519358,,0,95.519294,,0,0
230,1791019359825999872,1791019359921252317,,0,95.252445,,0,0
231,1791019359859000064,1791019359954791068,,0,95.791004,,0,0
233,1791019359924999936,1791019360019869341,,0,94.869405,,0,0
234,1791019359957999872,1791019360052578618,,0,94.578746,,0,0
235,1791019359991000064,1791019360085554979,,0,94.554915,,0,0
236,1791019360024000000,1791019360120797933,,0,96.797933,,0,0
237,1791019360056999936,1791019360151803564,,0,94.803628,,0,0
238,1791019360089999872,1791019360185024381,,0,95.024509,,0,0
239,1791019360122999808,1791019360218794176,,0,95.794368,,0,0
240,1791019360156000000,1791019360252172842,,0,96.172842,,0,0
241,1791019360188999936,1791019360284042868,,0,95.042932,,0,0
242,1791019360221999872,1791019360316078844,,0,94.078972,,0,0
243,1791019360255000064,1791019360349246859,,0,94.246795,,0,0
244,1791019360288000000,1791019360382794828,,0,94.794828,,0,0
245,1791019360321000192,1791019360416099179,,0,95.098987,,0,0
246,1791019360354000128,1791019360448055812,,0,94.055684,,0,0
247,1791019360387000064,1791019360482423196,,0,95.423132,,0,0
248,1791019360420999936,1791019360515648204,,0,94.648268,,0,0
249,1791019360453999872,1791019360549624179,,0,95.624307,,0,0
250,1791019360488000000,1791019360583149519,,0,95.149519,,0,0
251,1791019360520000000,1791019360614811967,,0,94.811967,,0,0
252,1791019360552999936,1791019360649282162,,0,96.282226,,0,0
253,1791019360585999872,1791019360681110281,,0,95.110409,,0,0
254,1791019360620000000,1791019360717447558,,0,97.447558,,0,0
255,1791019360651000064,1791019360746557889,,0,95.557825,,0,0
256,1791019360686000128,1791019360781050155,,0,95.050027,,0,0
257,1791019360719000064,1791019360814088539,,0,95.088475,,0,0
258,1791019360750000128,1791019360844748579,,0,94.748451,,0,0
259,1791019360784000000,1791019360878779592,,0,94.779592,,0,0
260,1791019360816000000,1791019360911498926,,0,95.498926,,0,0
261,1791019360848999936,1791019360944024093,,0,95.024157,,0,0
262,1791019360881999872,1791019360977927710,,0,95.927838,,0,0
263,1791019360916000000,1791019361012000349,,0,96.000349,,0,0
264,1791019360948999936,1791019361044126842,,0,95.126906,,0,0
265,1791019360983000064,1791019361078663249,,0,95.663185,,0,0
266,1791019361016999936,1791019361112188866,,0,95.188930,,0,0
267,1791019361048000000,1791019361143683127,,0,95.683127,,0,0
268,1791019361081000192,1791019361176657811,,0,95.657619,,0,0
269,1791019361114000128,1791019361209791181,,0,95.791053,,0,0
270,1791019361147000064,1791019361242662775,,0,95.662711,,0,0
271,1791019361180000000,1791019361275357523,,0,95.357523,,0,0
272,1791019361213999872,1791019361309424015,,0,95.424143,,0,0
273,1791019361249000192,1791019361344900527,,0,95.900335,,0,0
274,1791019361280999936,1791019361376725572,,0,95.725636,,0,0
275,1791019361316000000,1791019361410890964,,0,94.890964,,0,0
276,1791019361344000000,1791019361439555966,,0,95.555966,,0,0
277,1791019361377000192,1791019361472221099,,0,95.220907,,0,0
278,1791019361410000128,1791019361504749617,,0,94.749489,,0,0
279,1791019361444000000,1791019361538939874,,0,94.939874,,0,0
280,1791019361476000000,1791019361584859250,,0,108.859250,,0,0
281,1791019361509999872,1791019361604838395,,0,94.838523,,0,0
282,1791019361542000128,1791019361637090608,,0,95.090480,,0,0
284,1791019361608000000,1791019361702599956,,0,94.599956,,0,0
285,1791019361640999936,1791019361735762382,,0,94.762446,,0,0
286,1791019361674000128,1791019361768732038,,0,94.731910,,0,0
287,1791019361707000064,1791019361801503893,,0,94.503829,,0,0
289,1791019361772999936,1791019361867305750,,0,94.305814,,0,0
290,1791019361805999872,1791019361900550593,,0,94.550721,,0,0
291,1791019361840000000,1791019361934935576,,0,94.935576,,0,0
292,1791019361872000000,1791019361966645237,,0,94.645237,,0,0
293,1791019361904999936,1791019361999643668,,0,94.643732,,0,0
294,1791019361937999872,1791019362033151683,,0,95.151811,,0,0
295,1791019361971000064,1791019362065392161,,0,94.392097,,0,0
296,1791019362005000192,1791019362100387862,,0,95.387670,,0,0
297,1791019362038000128,1791019362133118089,,0,95.117961,,0,0
298,1791019362071000064,1791019362166269339,,0,95.269275,,0,0
299,1791019362104000000,1791019362200846812,,0,96.846812,,0,0
300,1791019362137000192,1791019362232570161,,0,95.569969,,0,0
301,1791019362170000128,1791019362265662741,,0,95.662613,,0,0
302,1791019362201999872,1791019362299885963,,0,97.886091,,0,0
303,1791019362236000000,1791019362330950260,,0,94.950260,,0,0
304,1791019362268000000,1791019362363037639,,0,95.037639,,0,0
305,1791019362301000192,1791019362396069315,,0,95.069123,,0,0
306,1791019362334000128,1791019362428962140,,0,94.962012,,0,0
307,1791019362367000064,1791019362461885976,,0,94.885912,,0,0
308,1791019362400000000,1791019362494984143,,0,94.984143,,0,0
309,1791019362433000192,1791019362527540876,,0,94.540684,,0,0
310,1791019362466000128,1791019362560827903,,0,94.827775,,0,0
311,1791019362499000064,1791019362593454202,,0,94.454138,,0,0
312,1791019362532000000,1791019362626650710,,0,94.650710,,0,0
313,1791019362564999936,1791019362660134419,,0,95.134483,,0,0
314,1791019362598000128,1791019362692357017,,0,94.356889,,0,0
315,1791019362631000064,1791019362726297509,,0,95.297445,,0,0
316,1791019362664000000,1791019362759893527,,0,95.893527,,0,0
317,1791019362696999936,1791019362792492167,,0,95.492231,,0,0
318,1791019362730000128,1791019362825957158,,0,95.957030,,0,0
319,1791019362763000064,1791019362858561665,,0,95.561601,,0,0
320,1791019362796000000,1791019362891891716,,0,95.891716,,0,0
321,1791019362828999936,1791019362923747770,,0,94.747834,,0,0
322,1791019362861999872,1791019362957404135,,0,95.404263,,0,0
323,1791019362896000000,1791019362991372285,,0,95.372285,,0,0
324,1791019362928000000,1791019363023716969,,0,95.716969,,0,0
325,1791019362961999872,1791019363059402174,,0,97.402302,,0,0
326,1791019362994999808,1791019363096919538,,0,101.919730,,0,0
327,1791019363028999936,1791019363124650856,,0,95.650920,,0,0
329,1791019363095000064,1791019363190513053,,0,95.512989,,0,0
331,1791019363158999808,1791019363253994950,,0,94.995142,,0,0
332,1791019363192000000,1791019363286630746,,0,94.630746,,0,0
333,1791019363224999936,1791019363320099926,,0,95.099990,,0,0
335,1791019363290999808,1791019363385513162,,0,94.513354,,0,0
336,1791019363324000000,1791019363419418171,,0,95.418171,,0,0
337,1791019363357000192,1791019363451957023,,0,94.956831,,0,0
338,1791019363390000128,1791019363484481627,,0,94.481499,,0,0
339,1791019363423000064,1791019363520314901,,0,97.314837,,0,0
340,1791019363456000000,1791019363551398195,,0,95.398195,,0,0
341,1791019363489000192,1791019363584077015,,0,95.076823,,0,0
342,1791019363522000128,1791019363617588939,,0,95.588811,,0,0
343,1791019363555000064,1791019363649336873,,0,94.336809,,0,0
344,1791019363588000000,1791019363686494677,,0,98.494677,,0,0
345,1791019363620999936,1791019363716759953,,0,95.760017,,0,0
346,1791019363655000064,1791019363750355691,,0,95.355627,,0,0
347,1791019363688000000,1791019363783783802,,0,95.783802,,0,0
348,1791019363720000000,1791019363815906660,,0,95.906660,,0,0
349,1791019363756000000,1791019363851002657,,0,95.002657,,0,0
350,1791019363788000000,1791019363882797526,,0,94.797526,,0,0
351,1791019363821000192,1791019363917102604,,0,96.102412,,0,0
352,1791019363852000000,1791019363946775039,,0,94.775039,,0,0
353,1791019363884999936,1791019363979810066,,0,94.810130,,0,0
354,1791019363917999872,1791019364013031437,,0,95.031565,,0,0
355,1791019363952000000,1791019364047490451,,0,95.490451,,0,0
356,1791019363987000064,1791019364084899415,,0,97.899351,,0,0
357,1791019364017999872,1791019364112850882,,0,94.851010,,0,0
358,1791019364051000064,1791019364146157462,,0,95.157398,,0,0
359,1791019364084999936,1791019364180481816,,0,95.481880,,0,0
360,1791019364118000128,1791019364212932383,,0,94.932255,,0,0
361,1791019364151000064,1791019364245620142,,0,94.620078,,0,0
362,1791019364181999872,1791019364277176979,,0,95.177107,,0,0
363,1791019364216999936,1791019364311473954,,0,94.474018,,0,0
364,1791019364248000000,1791019364343304302,,0,95.304302,,0,0
365,1791019364280999936,1791019364376649716,,0,95.649780,,0,0
366,1791019364313999872,1791019364409450064,,0,95.450192,,0,0
367,1791019364348000000,1791019364442792125,,0,94.792125,,0,0
368,1791019364380999936,1791019364476256554,,0,95.256618,,0,0
369,1791019364415000064,1791019364509891404,,0,94.891340,,0,0
370,1791019364447000064,1791019364541615309,,0,94.615245,,0,0
371,1791019364482000128,1791019364577453052,,0,95.452924,,0,0
372,1791019364513999872,1791019364609797455,,0,95.797583,,0,0
373,1791019364548000000,1791019364643485945,,0,95.485945,,0,0
374,1791019364581000192,1791019364678212044,,0,97.211852,,0,0
376,1791019364648000000,1791019364743522466,,0,95.522466,,0,0
377,1791019364676999936,1791019364771858916,,0,94.858980,,0,0
378,1791019364710000128,1791019364804727712,,0,94.727584,,0,0
379,1791019364743000064,1791019364837736475,,0,94.736411,,0,0
380,1791019364776000000,1791019364871131339,,0,95.131339,,0,0
381,1791019364808999936,1791019364906346908,,0,97.346972,,0,0
382,1791019364842000128,1791019364937082095,,0,95.081967,,0,0
383,1791019364875000064,1791019364969804776,,0,94.804712,,0,0
384,1791019364908000000,1791019365002231596,,0,94.231596,,0,0
385,1791019364940999936,1791019365036340827,,0,95.340891,,0,0
386,1791019364973999872,1791019365068658688,,0,94.658816,,0,0
387,1791019365007000064,1791019365102377350,,0,95.377286,,0,0
388,1791019365040000000,1791019365134608045,,0,94.608045,,0,0
389,1791019365072999936,1791019365168101807,,0,95.101871,,0,0
390,1791019365105999872,1791019365200332502,,0,94.332630,,0,0
391,1791019365139000064,1791019365233973776,,0,94.973712,,0,0
392,1791019365172000000,1791019365267563923,,0,95.563923,,0,0
393,1791019365204999936,1791019365300438863,,0,95.438927,,0,0
394,1791019365237999872,1791019365332968772,,0,94.968900,,0,0
395,1791019365272000000,1791019365367138349,,0,95.138349,,0,0
396,1791019365305000192,1791019365400331780,,0,95.331588,,0,0
397,1791019365339000064,1791019365434863151,,0,95.863087,,0,0
398,1791019365369999872,1791019365465416462,,0,95.416590,,0,0
399,1791019365404999936,1791019365499991975,,0,94.992039,,0,0
400,1791019365437999872,1791019365537026571,,0,99.026699,,0,0
401,1791019365471000064,1791019365583453568,,0,112.453504,,0,0
402,1791019365502000128,1791019365597014564,,0,95.014436,,0,0
403,1791019365535000064,1791019365630025562,,0,95.025498,,0,0
404,1791019365568000000,1791019365663103330,,0,95.103330,,0,0
405,1791019365601000192,1791019365696154558,,0,95.154366,,0,0
406,1791019365634000128,1791019365728931716,,0,94.931588,,0,0
407,1791019365667000064,1791019365761918966,,0,94.918902,,0,0
408,1791019365700000000,1791019365795701605,,0,95.701605,,0,0
409,1791019365732999936,1791019365827769423,,0,94.769487,,0,0
410,1791019365766000128,1791019365860825400,,0,94.825272,,0,0
411,1791019365799000064,1791019365893605072,,0,94.605008,,0,0
412,1791019365832000000,1791019365927966023,,0,95.966023,,0,0
413,1791019365864999936,1791019365959611701,,0,94.611765,,0,0
415,1791019365931000064,1791019366026583020,,0,95.582956,,0,0
417,1791019365996999936,1791019366091458166,,0,94.458230,,0,0
418,1791019366029999872,1791019366124859732,,0,94.859860,,0,0
419,1791019366063000064,1791019366157976333,,0,94.976269,,0,0
420,1791019366096000000,1791019366191692758,,0,95.692758,,0,0
421,1791019366128999936,1791019366224672463,,0,95.672527,,0,0
422,1791019366163000064,1791019366258161195,,0,95.161131,,0,0
423,1791019366196000000,1791019366291727873,,0,95.727873,,0,0
424,1791019366229000192,1791019366324258339,,0,95.258147,,0,0
425,1791019366262000128,1791019366357812725,,0,95.812597,,0,0
426,1791019366296000000,1791019366392059129,,0,96.059129,,0,0
427,1791019366328999936,1791019366425072918,,0,96.072982,,0,0
428,1791019366361999872,1791019366458161861,,0,96.161989,,0,0
429,1791019366392999936,1791019366487850217,,0,94.850281,,0,0
430,1791019366426000128,1791019366520774885,,0,94.774757,,0,0
431,1791019366459000064,1791019366554062744,,0,95.062680,,0,0
432,1791019366492000000,1791019366586993279,,0,94.993279,,0,0
433,1791019366525000192,1791019366619739425,,0,94.739233,,0,0
434,1791019366558000128,1791019366652796239,,0,94.796111,,0,0
435,1791019366591000064,1791019366686272957,,0,95.272893,,0,0
436,1791019366624000000,1791019366718751459,,0,94.751459,,0,0
437,1791019366657000192,1791019366751052835,,0,94.052643,,0,0
438,1791019366690000128,1791019366788046361,,0,98.046233,,0,0
439,1791019366723000064,1791019366817994818,,0,94.994754,,0,0
440,1791019366756000000,1791019366850564397,,0,94.564397,,0,0
441,1791019366788999936,1791019366883888575,,0,94.888639,,0,0
442,1791019366822000128,1791019366918085530,,0,96.085402,,0,0
443,1791019366855000064,1791019366951792455,,0,96.792391,,0,0
444,1791019366888000000,1791019366983251229,,0,95.251229,,0,0
445,1791019366921999872,1791019367017577813,,0,95.577941,,0,0
446,1791019366954999808,1791019367051852992,,0,96.853184,,0,0
447,1791019366987000064,1791019367082870347,,0,95.870283,,0,0
448,1791019367020999936,1791019367117391099,,0,96.391163,,0,0
449,1791019367055000064,1791019367150590952,,0,95.590888,,0,0
450,1791019367088000000,1791019367184144219,,0,96.144219,,0,0
451,1791019367119000064,1791019367217280933,,0,98.280869,,0,0
452,1791019367155000064,1791019367250464304,,0,95.464240,,0,0
453,1791019367184999936,1791019367281133833,,0,96.133897,,0,0
454,1791019367217999872,1791019367313405315,,0,95.405443,,0,0
455,1791019367252000000,1791019367346885943,,0,94.885943,,0,0
456,1791019367285000192,1791019367380716073,,0,95.715881,,0,0
457,1791019367318000128,1791019367414093890,,0,96.093762,,0,0
458,1791019367354000128,1791019367449982755,,0,95.982627,,0,0
459,1791019367384999936,1791019367480935014,,0,95.935078,,0,0
460,1791019367417999872,1791019367513092510,,0,95.092638,,0,0
461,1791019367451000064,1791019367546932139,,0,95.932075,,0,0
462,1791019367484999936,1791019367581459595,,0,96.459659,,0,0
463,1791019367516000000,1791019367611725145,,0,95.725145,,0,0
464,1791019367548000000,1791019367643296505,,0,95.296505,,0,0
465,1791019367581000192,1791019367676219216,,0,95.219024,,0,0
466,1791019367615000064,1791019367710506408,,0,95.506344,,0,0
467,1791019367648000000,1791019367742967029,,0,94.967029,,0,0
468,1791019367680999936,1791019367776077481,,0,95.077545,,0,0
469,1791019367714999808,1791019367809906214,,0,94.906406,,0,0
470,1791019367747000064,1791019367842457632,,0,95.457568,,0,0
471,1791019367782000128,1791019367877340178,,0,95.340050,,0,0
472,1791019367812999936,1791019367908066701,,0,95.066765,,0,0
473,1791019367845999872,1791019367942206102,,0,96.206230,,0,0
475,1791019367913000192,1791019368008312183,,0,95.311991,,0,0
476,1791019367946000128,1791019368041635520,,0,95.635392,,0,0
478,1791019368012999936,1791019368108592583,,0,95.592647,,0,0
479,1791019368043000064,1791019368138124485,,0,95.124421,,0,0
480,1791019368076000000,1791019368170758318,,0,94.758318,,0,0
481,1791019368108999936,1791019368203759254,,0,94.759318,,0,0
482,1791019368141999872,1791019368237278714,,0,95.278842,,0,0
483,1791019368175000064,1791019368270297809,,0,95.297745,,0,0
484,1791019368208000000,1791019368303725354,,0,95.725354,,0,0
485,1791019368240999936,1791019368342600485,,0,101.600549,,0,0
486,1791019368273999872,1791019368369965534,,0,95.965662,,0,0
487,1791019368306999808,1791019368402458840,,0,95.459032,,0,0
488,1791019368340000000,1791019368435036518,,0,95.036518,,0,0
489,1791019368372999936,1791019368469748642,,0,96.748706,,0,0
490,1791019368405999872,1791019368501662239,,0,95.662367,,0,0
491,1791019368438999808,1791019368535958090,,0,96.958282,,0,0
492,1791019368472000000,1791019368567511011,,0,95.511011,,0,0
493,1791019368505000192,1791019368600830157,,0,95.829965,,0,0
494,1791019368538000128,1791019368635836466,,0,97.836338,,0,0
495,1791019368571000064,1791019368666146714,,0,95.146650,,0,0
496,1791019368604000000,1791019368699812289,,0,95.812289,,0,0
497,1791019368638000128,1791019368733357173,,0,95.357045,,0,0
498,1791019368670000128,1791019368766363696,,0,96.363568,,0,0
499,1791019368704000000,1791019368800804544,,0,96.804544,,0,0
500,1791019368737999872,1791019368833956902,,0,95.957030,,0,0
501,1791019368770999808,1791019368869634834,,0,98.635026,,0,0
502,1791019368804000000,1791019368900775673,,0,96.775673,,0,0
503,1791019368835000064,1791019368930182972,,0,95.182908,,0,0
504,1791019368868000000,1791019368963060702,,0,95.060702,,0,0
505,1791019368900999936,1791019368996618717,,0,95.618781,,0,0
506,1791019368934000128,1791019369029091627,,0,95.091499,,0,0
507,1791019368967000064,1791019369061952034,,0,94.951970,,0,0
508,1791019369000000000,1791019369095551953,,0,95.551953,,0,0
509,1791019369032999936,1791019369127839636,,0,94.839700,,0,0
510,1791019369065999872,1791019369161378372,,0,95.378500,,0,0
511,1791019369099000064,1791019369194128704,,0,95.128640,,0,0
512,1791019369132000000,1791019369227545631,,0,95.545631,,0,0
513,1791019369164999936,1791019369260294846,,0,95.294910,,0,0
514,1791019369197999872,1791019369293565100,,0,95.565228,,0,0
515,1791019369231000064,1791019369326490881,,0,95.490817,,0,0
516,1791019369264000000,1791019369361086782,,0,97.086782,,0,0
517,1791019369296999936,1791019369392197726,,0,95.197790,,0,0
518,1791019369329999872,1791019369425838155,,0,95.838283,,0,0
519,1791019369362999808,1791019369460049633,,0,97.049825,,0,0
520,1791019369396000000,1791019369491412575,,0,95.412575,,0,0
521,1791019369428999936,1791019369523850842,,0,94.850906,,0,0
522,1791019369461999872,1791019369567656430,,0,105.656558,,0,0
523,1791019369494999808,1791019369590667096,,0,95.667288,,0,0
524,1791019369528999936,1791019369625148452,,0,96.148516,,0,0
525,1791019369563000064,1791019369662425542,,0,99.425478,,0,0
526,1791019369595000064,1791019369690702478,,0,95.702414,,0,0
527,1791019369628999936,1791019369723519302,,0,94.519366,,0,0
528,1791019369660000000,1791019369759126829,,0,99.126829,,0,0
529,1791019369694999808,1791019369790107024,,0,95.107216,,0,0
530,1791019369726000128,1791019369821533665,,0,95.533537,,0,0
531,1791019369759000064,1791019369853840345,,0,94.840281,,0,0
532,1791019369792000000,1791019369887266492,,0,95.266492,,0,0
533,1791019369824999936,1791019369920043085,,0,95.043149,,0,0
534,1791019369858000128,1791019369952559019,,0,94.558891,,0,0
535,1791019369891000064,1791019369986127649,,0,95.127585,,0,0
536,1791019369924000000,1791019370019551839,,0,95.551839,,0,0
538,1791019369990000128,1791019370084861685,,0,94.861557,,0,0
539,1791019370023000064,1791019370117879939,,0,94.879875,,0,0
540,1791019370056000000,1791019370150884503,,0,94.884503,,0,0
541,1791019370088999936,1791019370184849848,,0,95.849912,,0,0
542,1791019370122999808,1791019370218197208,,0,95.197400,,0,0
543,1791019370155000064,1791019370251021295,,0,96.021231,,0,0
544,1791019370188999936,1791019370284831026,,0,95.831090,,0,0
545,1791019370221999872,1791019370318096249,,0,96.096377,,0,0
546,1791019370255000064,1791019370350611903,,0,95.611839,,0,0
547,1791019370287000064,1791019370382440007,,0,95.439943,,0,0
548,1791019370322000128,1791019370418564662,,0,96.564534,,0,0
549,1791019370352999936,1791019370449245921,,0,96.245985,,0,0
550,1791019370390000128,1791019370485467240,,0,95.467112,,0,0
551,1791019370418999808,1791019370515645620,,0,96.645812,,0,0
552,1791019370453000192,1791019370548868937,,0,95.868745,,0,0
553,1791019370486000128,1791019370581321730,,0,95.321602,,0,0
554,1791019370520000000,1791019370614985626,,0,94.985626,,0,0
555,1791019370551000064,1791019370646796130,,0,95.796066,,0,0
556,1791019370584000000,1791019370679979496,,0,95.979496,,0,0
557,1791019370617000192,1791019370712483136,,0,95.482944,,0,0
558,1791019370650000128,1791019370745326499,,0,95.326371,,0,0
559,1791019370684000000,1791019370778831429,,0,94.831429,,0,0
560,1791019370716000000,1791019370813160244,,0,97.160244,,0,0
561,1791019370750000128,1791019370845673662,,0,95.673534,,0,0
562,1791019370783000064,1791019370878355266,,0,95.355202,,0,0
563,1791019370815000064,1791019370910227512,,0,95.227448,,0,0
564,1791019370848000000,1791019370942646222,,0,94.646222,,0,0
565,1791019370880999936,1791019370976365155,,0,95.365219,,0,0
566,1791019370914000128,1791019371009034186,,0,95.034058,,0,0
567,1791019370947000064,1791019371042042101,,0,95.042037,,0,0
568,1791019370980000000,1791019371077270790,,0,97.270790,,0,0
569,1791019371012999936,1791019371108478675,,0,95.478739,,0,0
570,1791019371046000128,1791019371142766140,,0,96.766012,,0,0
571,1791019371079000064,1791019371176620849,,0,97.620785,,0,0
572,1791019371112000000,1791019371208741182,,0,96.741182,,0,0
573,1791019371145999872,1791019371242891193,,0,96.891321,,0,0
574,1791019371180000000,1791019371275844071,,0,95.844071,,0,0
575,1791019371212999936,1791019371309254291,,0,96.254355,,0,0
576,1791019371247000064,1791019371342805875,,0,95.805811,,0,0
577,1791019371280000000,1791019371376030587,,0,96.030587,,0,0
578,1791019371312999936,1791019371408131922,,0,95.131986,,0,0
579,1791019371344000000,1791019371439768652,,0,95.768652,,0,0
580,1791019371378000128,1791019371473823954,,0,95.823826,,0,0
581,1791019371408999936,1791019371504840466,,0,95.840530,,0,0
582,1791019371441999872,1791019371537005219,,0,95.005347,,0,0
583,1791019371474999808,1791019371570412645,,0,95.412837,,0,0
584,1791019371508000000,1791019371606026874,,0,98.026874,,0,0
585,1791019371540999936,1791019371635978957,,0,94.979021,,0,0
586,1791019371573999872,1791019371669160924,,0,95.161052,,0,0
587,1791019371607000064,1791019371701910415,,0,94.910351,,0,0
588,1791019371640000000,1791019371735146024,,0,95.146024,,0,0
589,1791019371673000192,1791019371768357326,,0,95.357134,,0,0
590,1791019371706000128,1791019371801262710,,0,95.262582,,0,0
591,1791019371739000064,1791019371833526363,,0,94.526299,,0,0
592,1791019371772000000,1791019371868050182,,0,96.050182,,0,0
594,1791019371838000128,1791019371933194913,,0,95.194785,,0,0
595,1791019371871000064,1791019371966567975,,0,95.567911,,0,0
596,1791019371904000000,1791019371999315231,,0,95.315231,,0,0
597,1791019371936999936,1791019372034126248,,0,97.126312,,0,0
598,1791019371970000128,1791019372064489014,,0,94.488886,,0,0
599,1791019372003000064,1791019372097770439,,0,94.770375,,0,0
600,1791019372036000000,1791019372131424554,,0,95.424554,,0,0
601,1791019372068999936,1791019372165118340,,0,96.118404,,0,0
602,1791019372104000000,1791019372199613102,,0,95.613102,,0,0
603,1791019372136000000,1791019372231959170,,0,95.959170,,0,0
604,1791019372170000128,1791019372265962227,,0,95.962099,,0,0
605,1791019372200999936,1791019372296573081,,0,95.573145,,0,0
606,1791019372236999936,1791019372332331189,,0,95.331253,,0,0
607,1791019372267000064,1791019372362933661,,0,95.933597,,0,0
608,1791019372300000000,1791019372395283361,,0,95.283361,,0,0
609,1791019372332999936,1791019372429324693,,0,96.324757,,0,0
610,1791019372365999872,1791019372461138547,,0,95.138675,,0,0
611,1791019372398999808,1791019372494077175,,0,95.077367,,0,0
612,1791019372432000000,1791019372527404417,,0,95.404417,,0,0
613,1791019372464999936,1791019372560733057,,0,95.733121,,0,0
614,1791019372497999872,1791019372592682130,,0,94.682258,,0,0
615,1791019372530999808,1791019372625927515,,0,94.927707,,0,0
616,1791019372564000000,1791019372659232128,,0,95.232128,,0,0
617,1791019372596999936,1791019372691792199,,0,94.792263,,0,0
618,1791019372630000128,1791019372725088431,,0,95.088303,,0,0
619,1791019372663000064,1791019372757889605,,0,94.889541,,0,0
620,1791019372696000000,1791019372790726261,,0,94.726261,,0,0
621,1791019372729000192,1791019372826760673,,0,97.760481,,0,0
622,1791019372762000128,1791019372858432044,,0,96.431916,,0,0
623,1791019372795000064,1791019372891156110,,0,96.156046,,0,0
624,1791019372828999936,1791019372924426639,,0,95.426703,,0,0
625,1791019372861999872,1791019372957083934,,0,95.084062,,0,0
626,1791019372896000000,1791019372991870925,,0,95.870925,,0,0
627,1791019372928000000,1791019373023892635,,0,95.892635,,0,0
628,1791019372960999936,1791019373056122760,,0,95.122824,,0,0
629,1791019372992999936,1791019373091030161,,0,98.030225,,0,0
630,1791019373028000000,1791019373122703207,,0,94.703207,,0,0
631,1791019373061000192,1791019373156462925,,0,95.462733,,0,0
632,1791019373092999936,1791019373189858055,,0,96.858119,,0,0
633,1791019373124999936,1791019373221328832,,0,96.328896,,0,0
634,1791019373157999872,1791019373253422621,,0,95.422749,,0,0
635,1791019373192000000,1791019373286977555,,0,94.977555,,0,0
636,1791019373226000128,1791019373322904125,,0,96.903997,,0,0
637,1791019373259000064,1791019373354119551,,0,95.119487,,0,0
638,1791019373292000000,1791019373387005934,,0,95.005934,,0,0
639,1791019373324999936,1791019373419863821,,0,94.863885,,0,0
640,1791019373359000064,1791019373454098760,,0,95.098696,,0,0
641,1791019373391000064,1791019373486103148,,0,95.103084,,0,0
642,1791019373423000064,1791019373518613768,,0,95.613704,,0,0
643,1791019373456999936,1791019373566780992,,0,109.781056,,0,0
644,1791019373489000192,1791019373585701565,,0,96.701373,,0,0
645,1791019373522000128,1791019373618119991,,0,96.119863,,0,0
646,1791019373556999936,1791019373652582623,,0,95.582687,,0,0
647,1791019373589999872,1791019373685550305,,0,95.550433,,0,0
648,1791019373622999808,1791019373718521060,,0,95.521252,,0,0
650,1791019373688000000,1791019373783580855,,0,95.580855,,0,0
651,1791019373719000064,1791019373814094763,,0,95.094699,,0,0
652,1791019373752000000,1791019373847065798,,0,95.065798,,0,0
653,1791019373785000192,1791019373880434107,,0,95.433915,,0,0
654,1791019373818000128,1791019373913435874,,0,95.435746,,0,0
655,1791019373851000064,1791019373949197053,,0,98.196989,,0,0
656,1791019373884000000,1791019373982259444,,0,98.259444,,0,0
657,1791019373916999936,1791019374012329979,,0,95.330043,,0,0
658,1791019373950000128,1791019374045379518,,0,95.379390,,0,0
659,1791019373983000064,1791019374078427659,,0,95.427595,,0,0
660,1791019374016000000,1791019374111171838,,0,95.171838,,0,0
661,1791019374048999936,1791019374145390572,,0,96.390636,,0,0
662,1791019374082000128,1791019374176462395,,0,94.462267,,0,0
663,1791019374115000064,1791019374209998889,,0,94.998825,,0,0
664,1791019374148000000,1791019374243452407,,0,95.452407,,0,0
665,1791019374180999936,1791019374275480262,,0,94.480326,,0,0
666,1791019374213999872,1791019374308652447,,0,94.652575,,0,0
667,1791019374247000064,1791019374342672543,,0,95.672479,,0,0
668,1791019374280000000,1791019374375078116,,0,95.078116,,0,0
669,1791019374312999936,1791019374408636960,,0,95.637024,,0,0
670,1791019374345999872,1791019374442721313,,0,96.721441,,0,0
671,1791019374380000000,1791019374475107609,,0,95.107609,,0,0
672,1791019374413000192,1791019374509129381,,0,96.129189,,0,0
673,1791019374446000128,1791019374541522382,,0,95.522254,,0,0
674,1791019374479000064,1791019374574918069,,0,95.918005,,0,0
675,1791019374512999936,1791019374609491613,,0,96.491677,,0,0
676,1791019374546000128,1791019374642509861,,0,96.509733,,0,0
677,1791019374579000064,1791019374676336069,,0,97.336005,,0,0
678,1791019374612999936,1791019374708406109,,0,95.406173,,0,0
679,1791019374642999808,1791019374738744846,,0,95.745038,,0,0
680,1791019374676000000,1791019374771436223,,0,95.436223,,0,0
681,1791019374712000000,1791019374807457501,,0,95.457501,,0,0
682,1791019374742000128,1791019374837307327,,0,95.307199,,0,0
683,1791019374775000064,1791019374871131580,,0,96.131516,,0,0
684,1791019374808000000,1791019374903940853,,0,95.940853,,0,0
685,1791019374841000192,1791019374936783373,,0,95.783181,,0,0
686,1791019374874000128,1791019374969799665,,0,95.799537,,0,0
687,1791019374907000064,1791019375002767625,,0,95.767561,,0,0
688,1791019374940000000,1791019375035915223,,0,95.915223,,0,0
689,1791019374972999936,1791019375068638727,,0,95.638791,,0,0
690,1791019375006000128,1791019375101920985,,0,95.920857,,0,0
691,1791019375039000064,1791019375135113284,,0,96.113220,,0,0
692,1791019375072000000,1791019375167093084,,0,95.093084,,0,0
693,1791019375104999936,1791019375201139720,,0,96.139784,,0,0
694,1791019375138000128,1791019375233256973,,0,95.256845,,0,0
695,1791019375171000064,1791019375267061668,,0,96.061604,,0,0
696,1791019375204000000,1791019375300151435,,0,96.151435,,0,0
697,1791019375237999872,1791019375333491804,,0,95.491932,,0,0
698,1791019375269999872,1791019375366298841,,0,96.298969,,0,0
699,1791019375304000000,1791019375400120299,,0,96.120299,,0,0
700,1791019375338000128,1791019375434353000,,0,96.352872,,0,0
702,1791019375404000000,1791019375499026130,,0,95.026130,,0,0
704,1791019375471000064,1791019375566318705,,0,95.318641,,0,0
705,1791019375503000064,1791019375598626494,,0,95.626430,,0,0
706,1791019375533999872,1791019375629121123,,0,95.121251,,0,0
707,1791019375566999808,1791019375661968390,,0,94.968582,,0,0
709,1791019375632999936,1791019375729138039,,0,96.138103,,0,0
710,1791019375665999872,1791019375760988487,,0,94.988615,,0,0
711,1791019375698999808,1791019375793917333,,0,94.917525,,0,0
712,1791019375732000000,1791019375826664304,,0,94.664304,,0,0
713,1791019375765000192,1791019375859849060,,0,94.848868,,0,0
714,1791019375798000128,1791019375892497969,,0,94.497841,,0,0
715,1791019375831000064,1791019375926183090,,0,95.183026,,0,0
716,1791019375864000000,1791019375959491051,,0,95.491051,,0,0
717,1791019375897000192,1791019375992003624,,0,95.003432,,0,0
718,1791019375930000128,1791019376025456861,,0,95.456733,,0,0
719,1791019375963000064,1791019376058211932,,0,95.211868,,0,0
720,1791019375996000000,1791019376090667790,,0,94.667790,,0,0
721,1791019376028999936,1791019376124749067,,0,95.749131,,0,0
722,1791019376063000064,1791019376158049763,,0,95.049699,,0,0
723,1791019376095000064,1791019376193903412,,0,98.903348,,0,0
724,1791019376130000128,1791019376226772190,,0,96.772062,,0,0
725,1791019376161999872,1791019376258772104,,0,96.772232,,0,0
726,1791019376196000000,1791019376292008543,,0,96.008543,,0,0
727,1791019376229000192,1791019376329136712,,0,100.136520,,0,0
728,1791019376263000064,1791019376358645416,,0,95.645352,,0,0
729,1791019376292999936,1791019376388877987,,0,95.878051,,0,0
730,1791019376325999872,1791019376421078214,,0,95.078342,,0,0
731,1791019376359000064,1791019376454039187,,0,95.039123,,0,0
732,1791019376392999936,1791019376491042754,,0,98.042818,,0,0
733,1791019376424999936,1791019376520958231,,0,95.958295,,0,0
734,1791019376459000064,1791019376554338270,,0,95.338206,,0,0
735,1791019376492000000,1791019376587342826,,0,95.342826,,0,0
736,1791019376525000192,1791019376620549930,,0,95.549738,,0,0
737,1791019376560000000,1791019376655458724,,0,95.458724,,0,0
738,1791019376591000064,1791019376686735608,,0,95.735544,,0,0
739,1791019376622999808,1791019376718270079,,0,95.270271,,0,0
740,1791019376656000000,1791019376752777127,,0,96.777127,,0,0
741,1791019376688999936,1791019376784880690,,0,95.880754,,0,0
742,1791019376723000064,1791019376817595531,,0,94.595467,,0,0
743,1791019376756000000,1791019376852266016,,0,96.266016,,0,0
744,1791019376788999936,1791019376885145131,,0,96.145195,,0,0
745,1791019376823000064,1791019376918206680,,0,95.206616,,0,0
746,1791019376856000000,1791019376951889843,,0,95.889843,,0,0
747,1791019376888999936,1791019376984706378,,0,95.706442,,0,0
748,1791019376923000064,1791019377018232810,,0,95.232746,,0,0
749,1791019376954999808,1791019377050485839,,0,95.486031,,0,0
750,1791019376989000192,1791019377084458995,,0,95.458803,,0,0
751,1791019377023000064,1791019377118227368,,0,95.227304,,0,0
752,1791019377056000000,1791019377151072397,,0,95.072397,,0,0
753,1791019377088999936,1791019377184413602,,0,95.413666,,0,0
754,1791019377121999872,1791019377217360883,,0,95.361011,,0,0
755,1791019377151000064,1791019377246914286,,0,95.914222,,0,0
756,1791019377184000000,1791019377280459156,,0,96.459156,,0,0
758,1791019377249999872,1791019377345328404,,0,95.328532,,0,0
759,1791019377283000064,1791019377379106555,,0,96.106491,,0,0
760,1791019377316000000,1791019377411835922,,0,95.835922,,0,0
761,1791019377348999936,1791019377443877183,,0,94.877247,,0,0
762,1791019377381999872,1791019377478266332,,0,96.266460,,0,0
763,1791019377415000064,1791019377510607365,,0,95.607301,,0,0
765,1791019377480999936,1791019377577045876,,0,96.045940,,0,0
766,1791019377513999872,1791019377609051376,,0,95.051504,,0,0
767,1791019377546999808,1791019377642701572,,0,95.701764,,0,0
768,1791019377580000000,1791019377675068307,,0,95.068307,,0,0
769,1791019377612999936,1791019377708946196,,0,95.946260,,0,0
770,1791019377647000064,1791019377746503488,,0,99.503424,,0,0
771,1791019377680000000,1791019377776845573,,0,96.845573,,0,0
772,1791019377712999936,1791019377808539288,,0,95.539352,,0,0
773,1791019377746000128,1791019377841496627,,0,95.496499,,0,0
774,1791019377779000064,1791019377875017471,,0,96.017407,,0,0
775,1791019377812999936,1791019377909355495,,0,96.355559,,0,0
776,1791019377845999872,1791019377942119784,,0,96.119912,,0,0
777,1791019377880000000,1791019377976198825,,0,96.198825,,0,0
778,1791019377912000000,1791019378007710385,,0,95.710385,,0,0
780,1791019377976000000,1791019378071924489,,0,95.924489,,0,0
781,1791019378008999936,1791019378104928763,,0,95.928827,,0,0
782,1791019378042000128,1791019378137332933,,0,95.332805,,0,0
783,1791019378075000064,1791019378170824720,,0,95.824656,,0,0
784,1791019378108000000,1791019378203409648,,0,95.409648,,0,0
785,1791019378140999936,1791019378236410569,,0,95.410633,,0,0
786,1791019378174000128,1791019378269452838,,0,95.452710,,0,0
787,1791019378207000064,1791019378302008710,,0,95.008646,,0,0
788,1791019378240000000,1791019378334835579,,0,94.835579,,0,0
789,1791019378272999936,1791019378369185335,,0,96.185399,,0,0
790,1791019378305999872,1791019378401363209,,0,95.363337,,0,0
791,1791019378339000064,1791019378435293061,,0,96.292997,,0,0
792,1791019378372000000,1791019378467114449,,0,95.114449,,0,0
793,1791019378404999936,1791019378499844374,,0,94.844438,,0,0
794,1791019378437999872,1791019378533525579,,0,95.525707,,0,0
795,1791019378471000064,1791019378566113580,,0,95.113516,,0,0
796,1791019378504000000,1791019378599611793,,0,95.611793,,0,0
797,1791019378536999936,1791019378633265061,,0,96.265125,,0,0
798,1791019378571000064,1791019378669489720,,0,98.489656,,0,0
799,1791019378604000000,1791019378699860300,,0,95.860300,,0,0
800,1791019378638000128,1791019378734382712,,0,96.382584,,0,0
801,1791019378672000000,1791019378768003572,,0,96.003572,,0,0
802,1791019378704000000,1791019378803116028,,0,99.116028,,0,0
803,1791019378736999936,1791019378833328481,,0,96.328545,,0,0
804,1791019378768000000,1791019378863740131,,0,95.740131,,0,0
805,1791019378801000192,1791019378896876270,,0,95.876078,,0,0
806,1791019378834000128,1791019378929827741,,0,95.827613,,0,0
807,1791019378867000064,1791019378962742055,,0,95.741991,,0,0
808,1791019378900000000,1791019378996449243,,0,96.449243,,0,0
809,1791019378933000192,1791019379028939460,,0,95.939268,,0,0
810,1791019378966000128,1791019379061763254,,0,95.763126,,0,0
811,1791019378999000064,1791019379093997282,,0,94.997218,,0,0
812,1791019379032000000,1791019379126928357,,0,94.928357,,0,0
813,1791019379064999936,1791019379160204184,,0,95.204248,,0,0
814,1791019379098000128,1791019379194962668,,0,96.962540,,0,0
815,1791019379131000064,1791019379225637769,,0,94.637705,,0,0
816,1791019379164000000,1791019379259358086,,0,95.358086,,0,0
817,1791019379196999936,1791019379291710011,,0,94.710075,,0,0
818,1791019379230000128,1791019379326011992,,0,96.011864,,0,0
819,1791019379263000064,1791019379358885236,,0,95.885172,,0,0
820,1791019379296000000,1791019379396353124,,0,100.353124,,0,0
821,1791019379328999936,1791019379425318154,,0,96.318218,,0,0
822,1791019379361999872,1791019379458378861,,0,96.378989,,0,0
823,1791019379397000192,1791019379492881714,,0,95.881522,,0,0
824,1791019379430000128,1791019379526128486,,0,96.128358,,0,0
826,1791019379493999872,1791019379590122717,,0,96.122845,,0,0
827,1791019379528999936,1791019379625035418,,0,96.035482,,0,0
828,1791019379560000000,1791019379655829254,,0,95.829254,,0,0
830,1791019379627000064,1791019379722523950,,0,95.523886,,0,0
831,1791019379658999808,1791019379754362099,,0,95.362291,,0,0
832,1791019379693000192,1791019379788168744,,0,95.168552,,0,0
833,1791019379727000064,1791019379823517832,,0,96.517768,,0,0
834,1791019379759000064,1791019379855075487,,0,96.075423,,0,0
835,1791019379792000000,1791019379888358019,,0,96.358019,,0,0
836,1791019379825999872,1791019379922062970,,0,96.063098,,0,0
837,1791019379860000000,1791019379955548610,,0,95.548610,,0,0
838,1791019379890000128,1791019379986192700,,0,96.192572,,0,0
839,1791019379923000064,1791019380018982688,,0,95.982624,,0,0
840,1791019379956000000,1791019380052076639,,0,96.076639,,0,0
841,1791019379990000128,1791019380085002963,,0,95.002835,,0,0
842,1791019380022000128,1791019380118520730,,0,96.520602,,0,0
843,1791019380055000064,1791019380151839859,,0,96.839795,,0,0
844,1791019380088000000,1791019380183892569,,0,95.892569,,0,0
845,1791019380121999872,1791019380217377369,,0,95.377497,,0,0
846,1791019380155000064,1791019380250465733,,0,95.465669,,0,0
847,1791019380188000000,1791019380290085106,,0,102.085106,,0,0
848,1791019380220999936,1791019380317138634,,0,96.138698,,0,0
849,1791019380255000064,1791019380350417812,,0,95.417748,,0,0
850,1791019380288000000,1791019380385068734,,0,97.068734,,0,0
851,1791019380321000192,1791019380416784236,,0,95.784044,,0,0
852,1791019380354000128,1791019380450010891,,0,96.010763,,0,0
853,1791019380384999936,1791019380481093323,,0,96.093387,,0,0
854,1791019380417999872,1791019380513846154,,0,95.846282,,0,0
855,1791019380451000064,1791019380546588927,,0,95.588863,,0,0
856,1791019380484000000,1791019380579423615,,0,95.423615,,0,0
857,1791019380516999936,1791019380613370785,,0,96.370849,,0,0
858,1791019380549999872,1791019380645561787,,0,95.561915,,0,0
859,1791019380583000064,1791019380681294180,,0,98.294116,,0,0
860,1791019380616000000,1791019380711503837,,0,95.503837,,0,0
861,1791019380648999936,1791019380744911529,,0,95.911593,,0,0
862,1791019380681999872,1791019380777673020,,0,95.673148,,0,0
863,1791019380714999808,1791019380810483123,,0,95.483315,,0,0
864,1791019380748000000,1791019380843895285,,0,95.895285,,0,0
865,1791019380780999936,1791019380876917994,,0,95.918058,,0,0
866,1791019380813999872,1791019380909696528,,0,95.696656,,0,0
867,1791019380846999808,1791019380943987612,,0,96.987804,,0,0
868,1791019380880000000,1791019380976077479,,0,96.077479,,0,0
869,1791019380913000192,1791019381008772479,,0,95.772287,,0,0
870,1791019380947000064,1791019381043736581,,0,96.736517,,0,0
871,1791019380980000000,1791019381076769068,,0,96.769068,,0,0
872,1791019381012999936,1791019381107902904,,0,94.902968,,0,0
873,1791019381046999808,1791019381143436378,,0,96.436570,,0,0
874,1791019381080000000,1791019381175771538,,0,95.771538,,0,0
875,1791019381112999936,1791019381209720104,,0,96.720168,,0,0
876,1791019381145999872,1791019381243108517,,0,97.108645,,0,0
877,1791019381180000000,1791019381276044618,,0,96.044618,,0,0
878,1791019381210000128,1791019381305929916,,0,95.929788,,0,0
879,1791019381243000064,1791019381338449744,,0,95.449680,,0,0
880,1791019381276000000,1791019381372259738,,0,96.259738,,0,0
881,1791019381308999936,1791019381404352957,,0,95.353021,,0,0
882,1791019381342000128,1791019381438626997,,0,96.626869,,0,0
883,1791019381375000064,1791019381470591982,,0,95.591918,,0,0
884,1791019381408000000,1791019381504269830,,0,96.269830,,0,0
885,1791019381440999936,1791019381549811447,,0,108.811511,,0,0
886,1791019381473999872,1791019381570127784,,0,96.127912,,0,0
887,1791019381507000064,1791019381603018347,,0,96.018283,,0,0
888,1791019381540000000,1791019381635873987,,0,95.873987,,0,0
889,1791019381572999936,1791019381669003138,,0,96.003202,,0,0
890,1791019381605999872,1791019381701319859,,0,95.319987,,0,0
891,1791019381639000064,1791019381734051455,,0,95.051391,,0,0
892,1791019381672000000,1791019381768060925,,0,96.060925,,0,0
893,1791019381704999936,1791019381800215886,,0,95.215950,,0,0
894,1791019381737999872,1791019381834021131,,0,96.021259,,0,0
896,1791019381804000000,1791019381900272448,,0,96.272448,,0,0
897,1791019381838000128,1791019381933853353,,0,95.853225,,0,0
898,1791019381871000064,1791019381967772584,,0,96.772520,,0,0
899,1791019381904000000,1791019382000830214,,0,96.830214,,0,0
901,1791019381971000064,1791019382067364538,,0,96.364474,,0,0
903,1791019382036999936,1791019382132969093,,0,95.969157,,0,0
904,1791019382069999872,1791019382166508369,,0,96.508497,,0,0
905,1791019382101000192,1791019382196312088,,0,95.311896,,0,0
906,1791019382134000128,1791019382229323899,,0,95.323771,,0,0
907,1791019382167000064,1791019382262378175,,0,95.378111,,0,0
908,1791019382200000000,1791019382295229344,,0,95.229344,,0,0
909,1791019382232999936,1791019382328238081,,0,95.238145,,0,0
910,1791019382266000128,1791019382361102102,,0,95.101974,,0,0
911,1791019382299000064,1791019382394788889,,0,95.788825,,0,0
912,1791019382332000000,1791019382427877808,,0,95.877808,,0,0
913,1791019382364999936,1791019382460798821,,0,95.798885,,0,0
914,1791019382398000128,1791019382493874330,,0,95.874202,,0,0
915,1791019382431000064,1791019382525608268,,0,94.608204,,0,0
916,1791019382464000000,1791019382558990813,,0,94.990813,,0,0
917,1791019382496999936,1791019382593063141,,0,96.063205,,0,0
918,1791019382529999872,1791019382625337395,,0,95.337523,,0,0
919,1791019382564000000,1791019382659241259,,0,95.241259,,0,0
920,1791019382596999936,1791019382692423769,,0,95.423833,,0,0
921,1791019382630000128,1791019382726384626,,0,96.384498,,0,0
922,1791019382661999872,1791019382758268590,,0,96.268718,,0,0
923,1791019382694999808,1791019382793970248,,0,98.970440,,0,0
924,1791019382729000192,1791019382824823588,,0,95.823396,,0,0
925,1791019382763000064,1791019382858841996,,0,95.841932,,0,0
926,1791019382796000000,1791019382891650420,,0,95.650420,,0,0
927,1791019382826999808,1791019382922357087,,0,95.357279,,0,0
928,1791019382864000000,1791019382959883918,,0,95.883918,,0,0
929,1791019382895000064,1791019382991235668,,0,96.235604,,0,0
930,1791019382928000000,1791019383024343583,,0,96.343583,,0,0
931,1791019382959000064,1791019383054145345,,0,95.145281,,0,0
932,1791019382992000000,1791019383087253260,,0,95.253260,,0,0
933,1791019383025000192,1791019383121214674,,0,96.214482,,0,0
934,1791019383059000064,1791019383154657004,,0,95.656940,,0,0
935,1791019383091000064,1791019383187040494,,0,96.040430,,0,0
936,1791019383124000000,1791019383219640221,,0,95.640221,,0,0
937,1791019383157000192,1791019383252608727,,0,95.608535,,0,0
938,1791019383190000128,1791019383286015297,,0,96.015169,,0,0
939,1791019383223000064,1791019383318943852,,0,95.943788,,0,0
940,1791019383256000000,1791019383352602142,,0,96.602142,,0,0
941,1791019383288999936,1791019383388098456,,0,99.098520,,0,0
942,1791019383322000128,1791019383418437460,,0,96.437332,,0,0
943,1791019383355000064,1791019383451278011,,0,96.277947,,0,0
944,1791019383388000000,1791019383484162145,,0,96.162145,,0,0
945,1791019383420999936,1791019383517992531,,0,96.992595,,0,0
946,1791019383453999872,1791019383550283826,,0,96.283954,,0,0
947,1791019383488000000,1791019383585996937,,0,97.996937,,0,0
948,1791019383520999936,1791019383617338907,,0,96.338971,,0,0
949,1791019383555000064,1791019383652521480,,0,97.521416,,0,0
950,1791019383588000000,1791019383683948939,,0,95.948939,,0,0
951,1791019383620999936,1791019383717875989,,0,96.876053,,0,0
952,1791019383654000128,1791019383749966412,,0,95.966284,,0,0
953,1791019383688000000,1791019383788474974,,0,100.474974,,0,0
954,1791019383717999872,1791019383814046401,,0,96.046529,,0,0
955,1791019383753999872,1791019383849926859,,0,95.926987,,0,0
956,1791019383784000000,1791019383881464393,,0,97.464393,,0,0
957,1791019383816999936,1791019383913050819,,0,96.050883,,0,0
958,1791019383849999872,1791019383945763136,,0,95.763264,,0,0
959,1791019383882999808,1791019383978506184,,0,95.506376,,0,0
960,1791019383916000000,1791019384012075351,,0,96.075351,,0,0
961,1791019383948999936,1791019384044485380,,0,95.485444,,0,0
962,1791019383982000128,1791019384078109025,,0,96.108897,,0,0
963,1791019384015000064,1791019384114204323,,0,99.204259,,0,0
965,1791019384081000192,1791019384176248765,,0,95.248573,,0,0
966,1791019384114000128,1791019384210349586,,0,96.349458,,0,0
967,1791019384147000064,1791019384242904892,,0,95.904828,,0,0
968,1791019384180000000,1791019384276441650,,0,96.441650,,0,0
969,1791019384212999936,1791019384309005616,,0,96.005680,,0,0
970,1791019384246000128,1791019384342711398,,0,96.711270,,0,0
971,1791019384279000064,1791019384375782434,,0,96.782370,,0,0
972,1791019384312999936,1791019384409850289,,0,96.850353,,0,0
973,1791019384346999808,1791019384443089790,,0,96.089982,,0,0
974,1791019384380000000,1791019384475778638,,0,95.778638,,0,0
975,1791019384413000192,1791019384508721998,,0,95.721806,,0,0
976,1791019384446000128,1791019384542592613,,0,96.592485,,0,0
977,1791019384476999936,1791019384573008166,,0,96.008230,,0,0
978,1791019384512999936,1791019384609000932,,0,96.000996,,0,0
979,1791019384543000064,1791019384639044354,,0,96.044290,,0,0
980,1791019384576000000,1791019384671630390,,0,95.630390,,0,0
981,1791019384608999936,1791019384704638567,,0,95.638631,,0,0
982,1791019384641999872,1791019384737919695,,0,95.919823,,0,0
983,1791019384675000064,1791019384770471647,,0,95.471583,,0,0
984,1791019384708000000,1791019384803109369,,0,95.109369,,0,0
985,1791019384740999936,1791019384837259361,,0,96.259425,,0,0
986,1791019384773999872,1791019384869428287,,0,95.428415,,0,0
987,1791019384806999808,1791019384902760541,,0,95.760733,,0,0
988,1791019384840000000,1791019384935210242,,0,95.210242,,0,0
989,1791019384872999936,1791019384968014472,,0,95.014536,,0,0
990,1791019384905999872,1791019385003793794,,0,97.793922,,0,0
991,1791019384938999808,1791019385034007076,,0,95.007268,,0,0
992,1791019384972000000,1791019385067778790,,0,95.778790,,0,0
993,1791019385005000192,1791019385100287996,,0,95.287804,,0,0
994,1791019385038000128,1791019385134800060,,0,96.799932,,0,0
995,1791019385071000064,1791019385166862822,,0,95.862758,,0,0
996,1791019385104000000,1791019385200211278,,0,96.211278,,0,0
997,1791019385139000064,1791019385241049567,,0,102.049503,,0,0
998,1791019385170000128,1791019385265937913,,0,95.937785,,0,0
999,1791019385204999936,1791019385301229999,,0,96.230063,,0,0
1000,1791019385237999872,1791019385333777201,,0,95.777329,,0,0
1001,1791019385270999808,1791019385367340499,,0,96.340691,,0,0
1002,1791019385304000000,1791019385406751727,,0,102.751727,,0,0
1003,1791019385335000064,1791019385430836863,,0,95.836799,,0,0
1004,1791019385368000000,1791019385463906780,,0,95.906780,,0,0
1005,1791019385400999936,1791019385498775330,,0,97.775394,,0,0
1006,1791019385434000128,1791019385543207531,,0,109.207403,,0,0
1007,1791019385467000064,1791019385562895265,,0,95.895201,,0,0
1008,1791019385500000000,1791019385596481472,,0,96.481472,,0,0
1009,1791019385532999936,1791019385628945699,,0,95.945763,,0,0
1010,1791019385565999872,1791019385661506590,,0,95.506718,,0,0
1011,1791019385600000000,1791019385695392848,,0,95.392848,,0,0
1012,1791019385632999936,1791019385728914798,,0,95.914862,,0,0
1013,1791019385665999872,1791019385761930237,,0,95.930365,,0,0
1014,1791019385697999872,1791019385794872199,,0,96.872327,,0,0
1015,1791019385732999936,1791019385829328388,,0,96.328452,,0,0
1016,1791019385766000128,1791019385862230399,,0,96.230271,,0,0
1017,1791019385799000064,1791019385894915613,,0,95.915549,,0,0
1018,1791019385832000000,1791019385927709226,,0,95.709226,,0,0
1019,1791019385862999808,1791019385959767238,,0,96.767430,,0,0
1020,1791019385896000000,1791019385992325615,,0,96.325615,,0,0
1021,1791019385930000128,1791019386026007089,,0,96.006961,,0,0
1022,1791019385963000064,1791019386059735497,,0,96.735433,,0,0
1023,1791019385996999936,1791019386092898725,,0,95.898789,,0,0
1024,1791019386029999872,1791019386126683289,,0,96.683417,,0,0
1025,1791019386063000064,1791019386162258662,,0,99.258598,,0,0
1026,1791019386096999936,1791019386192981527,,0,95.981591,,0,0
1027,1791019386131000064,1791019386226274386,,0,95.274322,,0,0
1028,1791019386164000000,1791019386259899984,,0,95.899984,,0,0
1030,1791019386226000128,1791019386321594361,,0,95.594233,,0,0
1031,1791019386259000064,1791019386354620693,,0,95.620629,,0,0
1032,1791019386292000000,1791019386387810462,,0,95.810462,,0,0
1033,1791019386324999936,1791019386421949835,,0,96.949899,,0,0
1034,1791019386358000128,1791019386453785740,,0,95.785612,,0,0
1035,1791019386391000064,1791019386486383788,,0,95.383724,,0,0
1036,1791019386424000000,1791019386519251713,,0,95.251713,,0,0
1037,1791019386456999936,1791019386552925364,,0,95.925428,,0,0
1038,1791019386490000128,1791019386586191124,,0,96.190996,,0,0
1039,1791019386523000064,1791019386619469176,,0,96.469112,,0,0
1040,1791019386556000000,1791019386652604466,,0,96.604466,,0,0
1041,1791019386588999936,1791019386685471553,,0,96.471617,,0,0
1042,1791019386621999872,1791019386717206045,,0,95.206173,,0,0
1043,1791019386655000064,1791019386750712628,,0,95.712564,,0,0
1044,1791019386688000000,1791019386784095726,,0,96.095726,,0,0
1045,1791019386720999936,1791019386817180728,,0,96.180792,,0,0
1046,1791019386755000064,1791019386851362007,,0,96.361943,,0,0
1047,1791019386788000000,1791019386883957819,,0,95.957819,,0,0
1048,1791019386820000000,1791019386916864858,,0,96.864858,,0,0
1049,1791019386855000064,1791019386951531137,,0,96.531073,,0,0
1050,1791019386888000000,1791019386985025427,,0,97.025427,,0,0
1051,1791019386920999936,1791019387017476521,,0,96.476585,,0,0
1052,1791019386953999872,1791019387050295275,,0,96.295403,,0,0
1053,1791019386984999936,1791019387081349481,,0,96.349545,,0,0
1054,1791019387020999936,1791019387117164559,,0,96.164623,,0,0
1055,1791019387051000064,1791019387147719796,,0,96.719732,,0,0
1056,1791019387084000000,1791019387180384334,,0,96.384334,,0,0
1057,1791019387117000192,1791019387214128386,,0,97.128194,,0,0
1058,1791019387150000128,1791019387246963344,,0,96.963216,,0,0
1059,1791019387183000064,1791019387279673700,,0,96.673636,,0,0
1060,1791019387216000000,1791019387312099649,,0,96.099649,,0,0
1061,1791019387249000192,1791019387345752345,,0,96.752153,,0,0
1062,1791019387282000128,1791019387377761183,,0,95.761055,,0,0
1063,1791019387315000064,1791019387412350911,,0,97.350847,,0,0
1064,1791019387348000000,1791019387444050758,,0,96.050758,,0,0
1065,1791019387380999936,1791019387477563207,,0,96.563271,,0,0
1066,1791019387414000128,1791019387510039165,,0,96.039037,,0,0
1067,1791019387447000064,1791019387543123607,,0,96.123543,,0,0
1068,1791019387480000000,1791019387577098983,,0,97.098983,,0,0
1069,1791019387512999936,1791019387610097936,,0,97.098000,,0,0
1070,1791019387546999808,1791019387643342461,,0,96.342653,,0,0
1071,1791019387580000000,1791019387679215091,,0,99.215091,,0,0
1072,1791019387612999936,1791019387710457876,,0,97.457940,,0,0
1073,1791019387647000064,1791019387743330550,,0,96.330486,,0,0
1074,1791019387680000000,1791019387775937815,,0,95.937815,,0,0
1075,1791019387712999936,1791019387808865527,,0,95.865591,,0,0
1076,1791019387747000064,1791019387843366971,,0,96.366907,,0,0
1077,1791019387780000000,1791019387876168963,,0,96.168963,,0,0
1078,1791019387809999872,1791019387907371238,,0,97.371366,,0,0
1079,1791019387842999808,1791019387939173897,,0,96.174089,,0,0
1080,1791019387876000000,1791019387972360311,,0,96.360311,,0,0
1081,1791019387908999936,1791019388005918019,,0,96.918083,,0,0
1082,1791019387941999872,1791019388038373301,,0,96.373429,,0,0
1083,1791019387974999808,1791019388072318504,,0,97.318696,,0,0
1084,1791019388008000000,1791019388104467309,,0,96.467309,,0,0
1085,1791019388040999936,1791019388136833470,,0,95.833534,,0,0
1086,1791019388073999872,1791019388170454316,,0,96.454444,,0,0
1087,1791019388107000064,1791019388203625643,,0,96.625579,,0,0
1088,1791019388140000000,1791019388236442719,,0,96.442719,,0,0
1089,1791019388173000192,1791019388269373502,,0,96.373310,,0,0
1090,1791019388206000128,1791019388302413801,,0,96.413673,,0,0
1091,1791019388239000064,1791019388334975806,,0,95.975742,,0,0
1093,1791019388305000192,1791019388400658291,,0,95.658099,,0,0
1094,1791019388338000128,1791019388434635342,,0,96.635214,,0,0
1096,1791019388404000000,1791019388500221442,,0,96.221442,,0,0
1097,1791019388437999872,1791019388534001533,,0,96.001661,,0,0
1098,1791019388471000064,1791019388567613438,,0,96.613374,,0,0
1100,1791019388538000128,1791019388634440253,,0,96.440125,,0,0
1101,1791019388571000064,1791019388667129375,,0,96.129311,,0,0
1102,1791019388604000000,1791019388700528953,,0,96.528953,,0,0
1103,1791019388635000064,1791019388731908632,,0,96.908568,,0,0
1104,1791019388668000000,1791019388765006762,,0,97.006762,,0,0
1105,1791019388700999936,1791019388797336884,,0,96.336948,,0,0
1106,1791019388733999872,1791019388830571350,,0,96.571478,,0,0
1107,1791019388767000064,1791019388863447934,,0,96.447870,,0,0
1108,1791019388800000000,1791019388896209973,,0,96.209973,,0,0
1109,1791019388834000128,1791019388930103211,,0,96.103083,,0,0
1110,1791019388868000000,1791019388964101775,,0,96.101775,,0,0
1111,1791019388901999872,1791019388997586564,,0,95.586692,,0,0
1112,1791019388932000000,1791019389030830528,,0,98.830528,,0,0
1113,1791019388968000000,1791019389063780027,,0,95.780027,,0,0
1114,1791019389000000000,1791019389096608836,,0,96.608836,,0,0
1115,1791019389030999808,1791019389127042542,,0,96.042734,,0,0
1116,1791019389064000000,1791019389165697489,,0,101.697489,,0,0
1117,1791019389096999936,1791019389193236285,,0,96.236349,,0,0
1118,1791019389131000064,1791019389226961896,,0,95.961832,,0,0
1119,1791019389164000000,1791019389259976770,,0,95.976770,,0,0
1120,1791019389197999872,1791019389297142076,,0,99.142204,,0,0
1121,1791019389231000064,1791019389327611262,,0,96.611198,,0,0
1122,1791019389264000000,1791019389359923502,,0,95.923502,,0,0
1123,1791019389298000128,1791019389394067900,,0,96.067772,,0,0
1124,1791019389329999872,1791019389427012371,,0,97.012499,,0,0
1125,1791019389364000000,1791019389460100721,,0,96.100721,,0,0
1126,1791019389397000192,1791019389493142695,,0,96.142503,,0,0
1127,1791019389430000128,1791019389539864946,,0,109.864818,,0,0
1128,1791019389463000064,1791019389559119362,,0,96.119298,,0,0
1129,1791019389492999936,1791019389588802939,,0,95.803003,,0,0
1130,1791019389526000128,1791019389621647952,,0,95.647824,,0,0
1131,1791019389559000064,1791019389654758373,,0,95.758309,,0,0
1132,1791019389592000000,1791019389687814036,,0,95.814036,,0,0
1133,1791019389624999936,1791019389720432195,,0,95.432259,,0,0
1134,1791019389657999872,1791019389753523339,,0,95.523467,,0,0
1135,1791019389691000064,1791019389786939120,,0,95.939056,,0,0
1136,1791019389724000000,1791019389819270637,,0,95.270637,,0,0
1137,1791019389756999936,1791019389852914948,,0,95.915012,,0,0
1138,1791019389789999872,1791019389885847686,,0,95.847814,,0,0
1139,1791019389823000064,1791019389922309798,,0,99.309734,,0,0
1140,1791019389856000000,1791019389952073557,,0,96.073557,,0,0
1141,1791019389888999936,1791019389985815651,,0,96.815715,,0,0
1142,1791019389921999872,1791019390018769620,,0,96.769748,,0,0
1143,1791019389954999808,1791019390051933122,,0,96.933314,,0,0
1144,1791019389988000000,1791019390084455452,,0,96.455452,,0,0
1145,1791019390020999936,1791019390118753226,,0,97.753290,,0,0
1146,1791019390053999872,1791019390150766531,,0,96.766659,,0,0
1147,1791019390088000000,1791019390184566175,,0,96.566175,,0,0
1148,1791019390120999936,1791019390217964633,,0,96.964697,,0,0
1149,1791019390155000064,1791019390251089022,,0,96.088958,,0,0
1150,1791019390188000000,1791019390284878608,,0,96.878608,,0,0
1151,1791019390220999936,1791019390317298966,,0,96.299030,,0,0
1152,1791019390252000000,1791019390348623326,,0,96.623326,,0,0
1153,1791019390285000192,1791019390381533432,,0,96.533240,,0,0
1154,1791019390318000128,1791019390414339610,,0,96.339482,,0,0
1155,1791019390351000064,1791019390447296931,,0,96.296867,,0,0
1156,1791019390384000000,1791019390480411821,,0,96.411821,,0,0
1157,1791019390416999936,1791019390512734955,,0,95.735019,,0,0
1158,1791019390450000128,1791019390547217956,,0,97.217828,,0,0
1159,1791019390483000064,1791019390579974964,,0,96.974900,,0,0
1160,1791019390516000000,1791019390612433037,,0,96.433037,,0,0
1162,1791019390582000128,1791019390678535980,,0,96.535852,,0,0
1163,1791019390615000064,1791019390711371213,,0,96.371149,,0,0
1164,1791019390648000000,1791019390743233095,,0,95.233095,,0,0
1166,1791019390713999872,1791019390810278098,,0,96.278226,,0,0
1167,1791019390747000064,1791019390842305931,,0,95.305867,,0,0
1168,1791019390780000000,1791019390876527155,,0,96.527155,,0,0
1169,1791019390812999936,1791019390909841800,,0,96.841864,,0,0
1170,1791019390846999808,1791019390943194999,,0,96.195191,,0,0
1171,1791019390879000064,1791019390976455445,,0,97.455381,,0,0
1172,1791019390913000192,1791019391009955037,,0,96.954845,,0,0
1173,1791019390946000128,1791019391042941971,,0,96.941843,,0,0
1174,1791019390980999936,1791019391078021162,,0,97.021226,,0,0
1175,1791019391012999936,1791019391109289924,,0,96.289988,,0,0
1176,1791019391046000128,1791019391142846788,,0,96.846660,,0,0
1177,1791019391079000064,1791019391178229383,,0,99.229319,,0,0
1178,1791019391112999936,1791019391209782552,,0,96.782616,,0,0
1179,1791019391142999808,1791019391240932020,,0,97.932212,,0,0
1180,1791019391176000000,1791019391272449149,,0,96.449149,,0,0
1181,1791019391209000192,1791019391304987123,,0,95.986931,,0,0
1182,1791019391242000128,1791019391338262654,,0,96.262526,,0,0
1183,1791019391275000064,1791019391372377993,,0,97.377929,,0,0
1184,1791019391308000000,1791019391404663131,,0,96.663131,,0,0
1185,1791019391341000192,1791019391437506744,,0,96.506552,,0,0
1186,1791019391374000128,1791019391469907264,,0,95.907136,,0,0
1187,1791019391407000064,1791019391503140888,,0,96.140824,,0,0
1188,1791019391440000000,1791019391535961592,,0,95.961592,,0,0
1189,1791019391472999936,1791019391569106095,,0,96.106159,,0,0
1190,1791019391506000128,1791019391601437609,,0,95.437481,,0,0
1191,1791019391539000064,1791019391634944464,,0,95.944400,,0,0
1192,1791019391572000000,1791019391667816294,,0,95.816294,,0,0
1193,1791019391604999936,1791019391701770991,,0,96.771055,,0,0
1194,1791019391638000128,1791019391734401439,,0,96.401311,,0,0
1195,1791019391672000000,1791019391768872426,,0,96.872426,,0,0
1196,1791019391704999936,1791019391801019831,,0,96.019895,,0,0
1197,1791019391737999872,1791019391834598206,,0,96.598334,,0,0
1198,1791019391770999808,1791019391867097906,,0,96.098098,,0,0
1199,1791019391805000192,1791019391901756355,,0,96.756163,,0,0
1200,1791019391839000064,1791019391937333397,,0,98.333333,,0,0
1201,1791019391872000000,1791019391969111464,,0,97.111464,,0,0
1202,1791019391903000064,1791019391999776771,,0,96.776707,,0,0
1203,1791019391936000000,1791019392033033582,,0,97.033582,,0,0
1204,1791019391968000000,1791019392064724203,,0,96.724203,,0,0
1205,1791019392000999936,1791019392097492662,,0,96.492726,,0,0
1206,1791019392033999872,1791019392133334273,,0,99.334401,,0,0
1207,1791019392069999872,1791019392166478216,,0,96.478344,,0,0
1208,1791019392101999872,1791019392197347467,,0,95.347595,,0,0
1209,1791019392136000000,1791019392232527791,,0,96.527791,,0,0
1210,1791019392168000000,1791019392264135996,,0,96.135996,,0,0
1211,1791019392201999872,1791019392298178696,,0,96.178824,,0,0
1212,1791019392233999872,1791019392330427792,,0,96.427920,,0,0
1213,1791019392265000192,1791019392360828528,,0,95.828336,,0,0
1214,1791019392298000128,1791019392393731926,,0,95.731798,,0,0
1215,1791019392331000064,1791019392426649852,,0,95.649788,,0,0
1216,1791019392364000000,1791019392459854419,,0,95.854419,,0,0
1217,1791019392397000192,1791019392492950588,,0,95.950396,,0,0
1218,1791019392430000128,1791019392526053462,,0,96.053334,,0,0
1220,1791019392496000000,1791019392592158914,,0,96.158914,,0,0
1221,1791019392528999936,1791019392625465733,,0,96.465797,,0,0
1222,1791019392563000064,1791019392659092998,,0,96.092934,,0,0
1223,1791019392595000064,1791019392691735179,,0,96.735115,,0,0
1224,1791019392628999936,1791019392726289698,,0,97.289762,,0,0
1225,1791019392663000064,1791019392759289761,,0,96.289697,,0,0
1226,1791019392696000000,1791019392792880149,,0,96.880149,,0,0
1228,1791019392763000064,1791019392858995658,,0,95.995594,,0,0
1229,1791019392796000000,1791019392892184021,,0,96.184021,,0,0
1230,1791019392825999872,1791019392922538380,,0,96.538508,,0,0
1231,1791019392859000064,1791019392954942810,,0,95.942746,,0,0
1232,1791019392892000000,1791019392988765360,,0,96.765360,,0,0
1233,1791019392924999936,1791019393021680492,,0,96.680556,,0,0
1234,1791019392957999872,1791019393054016473,,0,96.016601,,0,0
1235,1791019392991000064,1791019393086963174,,0,95.963110,,0,0
1236,1791019393024000000,1791019393119945914,,0,95.945914,,0,0
1237,1791019393056999936,1791019393153980510,,0,96.980574,,0,0
1238,1791019393089999872,1791019393185158193,,0,95.158321,,0,0
1239,1791019393122999808,1791019393219108138,,0,96.108330,,0,0
1240,1791019393156000000,1791019393251589954,,0,95.589954,,0,0
1241,1791019393188999936,1791019393289604561,,0,100.604625,,0,0
1242,1791019393221999872,1791019393317512969,,0,95.513097,,0,0
1243,1791019393255000064,1791019393351846500,,0,96.846436,,0,0
1244,1791019393288999936,1791019393385052462,,0,96.052526,,0,0
1245,1791019393321000192,1791019393417593227,,0,96.593035,,0,0
1246,1791019393355000064,1791019393451349843,,0,96.349779,,0,0
1247,1791019393388000000,1791019393485000296,,0,97.000296,,0,0
1248,1791019393420999936,1791019393531661075,,0,110.661139,,0,0
1253,1791019393584999936,1791019393684239984,,0,99.240048,,0,0
1254,1791019393618000128,1791019393714598532,,0,96.598404,,0,0
1255,1791019393651000064,1791019393747743870,,0,96.743806,,0,0
1256,1791019393684000000,1791019393780489977,,0,96.489977,,0,0
1257,1791019393716999936,1791019393812957545,,0,95.957609,,0,0
1258,1791019393750000128,1791019393846445121,,0,96.444993,,0,0
1259,1791019393783000064,1791019393879391821,,0,96.391757,,0,0
1260,1791019393816000000,1791019393912337404,,0,96.337404,,0,0
1261,1791019393848999936,1791019393944768374,,0,95.768438,,0,0
1262,1791019393881999872,1791019393979178733,,0,97.178861,,0,0
1263,1791019393915000064,1791019394011567796,,0,96.567732,,0,0
1264,1791019393948000000,1791019394045254286,,0,97.254286,,0,0
1265,1791019393980999936,1791019394077298596,,0,96.298660,,0,0
1266,1791019394013999872,1791019394110450079,,0,96.450207,,0,0
1267,1791019394046999808,1791019394142527915,,0,95.528107,,0,0
1268,1791019394080000000,1791019394177248940,,0,97.248940,,0,0
1269,1791019394112999936,1791019394210025219,,0,97.025283,,0,0
1270,1791019394145999872,1791019394242248051,,0,96.248179,,0,0
1271,1791019394178999808,1791019394275890400,,0,96.890592,,0,0
1272,1791019394212999936,1791019394309767426,,0,96.767490,,0,0
1273,1791019394246000128,1791019394342691496,,0,96.691368,,0,0
1274,1791019394279000064,1791019394376162307,,0,97.162243,,0,0
1275,1791019394312999936,1791019394409234446,,0,96.234510,,0,0
1276,1791019394345999872,1791019394442133931,,0,96.134059,,0,0
1277,1791019394379000064,1791019394474812428,,0,95.812364,,0,0
1278,1791019394411000064,1791019394507267143,,0,96.267079,,0,0
1279,1791019394444000000,1791019394540918991,,0,96.918991,,0,0
1280,1791019394477999872,1791019394574883183,,0,96.883311,,0,0
1281,1791019394508999936,1791019394604817076,,0,95.817140,,0,0
1282,1791019394545000192,1791019394641009861,,0,96.009669,,0,0
1283,1791019394575000064,1791019394671840556,,0,96.840492,,0,0
1284,1791019394608000000,1791019394704833352,,0,96.833352,,0,0
1285,1791019394640999936,1791019394738821850,,0,97.821914,,0,0
1287,1791019394707000064,1791019394803216109,,0,96.216045,,0,0
1288,1791019394740000000,1791019394835783972,,0,95.783972,,0,0
1289,1791019394772999936,1791019394869566848,,0,96.566912,,0,0
1290,1791019394806999808,1791019394902972844,,0,95.973036,,0,0
1291,1791019394840000000,1791019394936481371,,0,96.481371,,0,0
1292,1791019394872999936,1791019394970752319,,0,97.752383,,0,0
1293,1791019394905999872,1791019395002181440,,0,96.181568,,0,0
1295,1791019394972999936,1791019395070334161,,0,97.334225,,0,0
1296,1791019395004000000,1791019395100714498,,0,96.714498,,0,0
1297,1791019395036999936,1791019395133588278,,0,96.588342,,0,0
1298,1791019395072000000,1791019395168501793,,0,96.501793,,0,0
1299,1791019395102999808,1791019395199876993,,0,96.877185,,0,0
1300,1791019395136000000,1791019395232470557,,0,96.470557,,0,0
1301,1791019395168999936,1791019395266443688,,0,97.443752,,0,0
1302,1791019395203000064,1791019395302450406,,0,99.450342,,0,0
1303,1791019395236000000,1791019395332948082,,0,96.948082,,0,0
1304,1791019395268000000,1791019395364293109,,0,96.293109,,0,0
1305,1791019395301000192,1791019395397767550,,0,96.767358,,0,0
1306,1791019395336999936,1791019395433639888,,0,96.639952,,0,0
1307,1791019395367000064,1791019395463848129,,0,96.848065,,0,0
1308,1791019395400000000,1791019395495886012,,0,95.886012,,0,0
1309,1791019395433000192,1791019395529263789,,0,96.263597,,0,0
1310,1791019395466000128,1791019395562638493,,0,96.638365,,0,0
1311,1791019395499000064,1791019395595731585,,0,96.731521,,0,0
1312,1791019395532000000,1791019395628201385,,0,96.201385,,0,0
1313,1791019395564999936,1791019395660082538,,0,95.082602,,0,0
1314,1791019395598000128,1791019395694249276,,0,96.249148,,0,0
1315,1791019395631000064,1791019395726607605,,0,95.607541,,0,0
1316,1791019395664000000,1791019395759945152,,0,95.945152,,0,0
1317,1791019395696999936,1791019395792487591,,0,95.487655,,0,0
1318,1791019395730000128,1791019395825801949,,0,95.801821,,0,0
1319,1791019395763000064,1791019395858989750,,0,95.989686,,0,0
1320,1791019395796000000,1791019395892547446,,0,96.547446,,0,0
1321,1791019395829999872,1791019395927403130,,0,97.403258,,0,0
1322,1791019395862999808,1791019395960782862,,0,97.783054,,0,0
1323,1791019395896000000,1791019395992308367,,0,96.308367,,0,0
1324,1791019395928999936,1791019396026026146,,0,97.026210,,0,0
1325,1791019395963000064,1791019396059841985,,0,96.841921,,0,0
1326,1791019395994999808,1791019396092227133,,0,97.227325,,0,0
1327,1791019396027000064,1791019396123367655,,0,96.367591,,0,0
1328,1791019396062000128,1791019396159024032,,0,97.023904,,0,0
1329,1791019396092999936,1791019396189257974,,0,96.258038,,0,0
1330,1791019396125999872,1791019396221707379,,0,95.707507,,0,0
1331,1791019396158999808,1791019396256549930,,0,97.550122,,0,0
1332,1791019396192000000,1791019396288105048,,0,96.105048,,0,0
1334,1791019396257999872,1791019396354692973,,0,96.693101,,0,0
1335,1791019396290999808,1791019396387509200,,0,96.509392,,0,0
1336,1791019396324000000,1791019396419982352,,0,95.982352,,0,0
1337,1791019396357000192,1791019396453099189,,0,96.098997,,0,0
1338,1791019396390000128,1791019396486766959,,0,96.766831,,0,0
1339,1791019396423000064,1791019396519446570,,0,96.446506,,0,0
1340,1791019396456000000,1791019396552354992,,0,96.354992,,0,0
1341,1791019396489000192,1791019396585469035,,0,96.468843,,0,0
1342,1791019396522000128,1791019396617499374,,0,95.499246,,0,0
1343,1791019396555000064,1791019396650399135,,0,95.399071,,0,0
1344,1791019396588000000,1791019396684094563,,0,96.094563,,0,0
1345,1791019396620999936,1791019396718124405,,0,97.124469,,0,0
1346,1791019396655000064,1791019396760000283,,0,105.000219,,0,0
1347,1791019396687000064,1791019396785378366,,0,98.378302,,0,0
1348,1791019396720999936,1791019396817979752,,0,96.979816,,0,0
1349,1791019396755000064,1791019396852727874,,0,97.727810,,0,0
1350,1791019396787000064,1791019396883480620,,0,96.480556,,0,0
1351,1791019396821000192,1791019396917832026,,0,96.831834,,0,0
1352,1791019396854000128,1791019396953607697,,0,99.607569,,0,0
1353,1791019396887000064,1791019396983877958,,0,96.877894,,0,0
1354,1791019396920000000,1791019397018686146,,0,98.686146,,0,0
1355,1791019396953000192,1791019397049676640,,0,96.676448,,0,0
1356,1791019396986000128,1791019397083913221,,0,97.913093,,0,0
1357,1791019397016999936,1791019397114066421,,0,97.066485,,0,0
1358,1791019397049999872,1791019397147042730,,0,97.042858,,0,0
1359,1791019397083000064,1791019397179997807,,0,96.997743,,0,0
1360,1791019397116000000,1791019397213478671,,0,97.478671,,0,0
1361,1791019397148999936,1791019397244500736,,0,95.500800,,0,0
1362,1791019397181999872,1791019397279015855,,0,97.015983,,0,0
1363,1791019397214999808,1791019397310463132,,0,95.463324,,0,0
1364,1791019397248000000,1791019397345847953,,0,97.847953,,0,0
1365,1791019397280999936,1791019397377836105,,0,96.836169,,0,0
1366,1791019397313999872,1791019397410040773,,0,96.040901,,0,0
1367,1791019397346999808,1791019397446057826,,0,99.058018,,0,0
1368,1791019397380000000,1791019397476881253,,0,96.881253,,0,0
1369,1791019397413000192,1791019397526607633,,0,113.607441,,0,0
1370,1791019397446000128,1791019397543294843,,0,97.294715,,0,0
1371,1791019397479000064,1791019397575215385,,0,96.215321,,0,0
1372,1791019397515000064,1791019397615949445,,0,100.949381,,0,0
1373,1791019397546999808,1791019397643676812,,0,96.677004,,0,0
1374,1791019397580000000,1791019397676127333,,0,96.127333,,0,0
1375,1791019397612999936,1791019397710329550,,0,97.329614,,0,0
1376,1791019397644000000,1791019397740536391,,0,96.536391,,0,0
1377,1791019397678999808,1791019397776426606,,0,97.426798,,0,0
1378,1791019397712999936,1791019397809856065,,0,96.856129,,0,0
1380,1791019397776000000,1791019397872818507,,0,96.818507,,0,0
1381,1791019397809999872,1791019397906821808,,0,96.821936,,0,0
1382,1791019397842000128,1791019397938757715,,0,96.757587,,0,0
1383,1791019397876000000,1791019397971873713,,0,95.873713,,0,0
1384,1791019397908999936,1791019398005642895,,0,96.642959,,0,0
1385,1791019397940999936,1791019398037819625,,0,96.819689,,0,0
1386,1791019397976000000,1791019398071908972,,0,95.908972,,0,0
1387,1791019398009999872,1791019398105853601,,0,95.853729,,0,0
1388,1791019398042000128,1791019398139031619,,0,97.031491,,0,0
1389,1791019398076000000,1791019398172488456,,0,96.488456,,0,0
1390,1791019398107000064,1791019398202650875,,0,95.650811,,0,0
1391,1791019398139000064,1791019398237263496,,0,98.263432,,0,0
1392,1791019398173000192,1791019398269355574,,0,96.355382,,0,0
1393,1791019398206000128,1791019398308983298,,0,102.983170,,0,0
1394,1791019398239000064,1791019398335017078,,0,96.017014,,0,0
1395,1791019398272999936,1791019398369739495,,0,96.739559,,0,0
1396,1791019398305000192,1791019398402606286,,0,97.606094,,0,0
1397,1791019398339000064,1791019398434855654,,0,95.855590,,0,0
1398,1791019398372000000,1791019398468744129,,0,96.744129,,0,0
1399,1791019398405999872,1791019398502777321,,0,96.777449,,0,0
1400,1791019398436000000,1791019398532786920,,0,96.786920,,0,0
1401,1791019398469000192,1791019398565727188,,0,96.726996,,0,0
1402,1791019398503000064,1791019398599970193,,0,96.970129,,0,0
1403,1791019398536000000,1791019398632311197,,0,96.311197,,0,0
1404,1791019398568000000,1791019398668666574,,0,100.666574,,0,0
1405,1791019398601000192,1791019398699986732,,0,98.986540,,0,0
1406,1791019398634000128,1791019398730079027,,0,96.078899,,0,0
1407,1791019398667000064,1791019398763189436,,0,96.189372,,0,0
1408,1791019398700000000,1791019398796512730,,0,96.512730,,0,0
1409,1791019398732999936,1791019398829313310,,0,96.313374,,0,0
1410,1791019398766000128,1791019398861629728,,0,95.629600,,0,0
1411,1791019398799000064,1791019398894553233,,0,95.553169,,0,0
1412,1791019398832000000,1791019398927901672,,0,95.901672,,0,0
1413,1791019398864999936,1791019398961333365,,0,96.333429,,0,0
1414,1791019398898000128,1791019398993900664,,0,95.900536,,0,0
1415,1791019398931000064,1791019399027781315,,0,96.781251,,0,0
1416,1791019398964000000,1791019399060622403,,0,96.622403,,0,0
1417,1791019398996999936,1791019399093728619,,0,96.728683,,0,0
1418,1791019399029999872,1791019399127322629,,0,97.322757,,0,0
1419,1791019399063000064,1791019399159742136,,0,96.742072,,0,0
1420,1791019399096000000,1791019399192643849,,0,96.643849,,0,0
1421,1791019399128999936,1791019399226071629,,0,97.071693,,0,0
1422,1791019399161999872,1791019399259378159,,0,97.378287,,0,0
1423,1791019399196000000,1791019399292444146,,0,96.444146,,0,0
1424,1791019399229000192,1791019399325389720,,0,96.389528,,0,0
1425,1791019399262000128,1791019399359031783,,0,97.031655,,0,0
1426,1791019399295000064,1791019399393806721,,0,98.806657,,0,0
1427,1791019399328000000,1791019399425770563,,0,97.770563,,0,0
1428,1791019399362999808,1791019399458820625,,0,95.820817,,0,0
1430,1791019399426000128,1791019399522157428,,0,96.157300,,0,0
1431,1791019399459000064,1791019399555878833,,0,96.878769,,0,0
1432,1791019399492000000,1791019399588253640,,0,96.253640,,0,0
1433,1791019399525000192,1791019399622010527,,0,97.010335,,0,0
1434,1791019399558000128,1791019399654882346,,0,96.882218,,0,0
1435,1791019399591000064,1791019399689630743,,0,98.630679,,0,0
1436,1791019399624000000,1791019399721061254,,0,97.061254,,0,0
1437,1791019399657000192,1791019399753852333,,0,96.852141,,0,0
1438,1791019399690000128,1791019399785744656,,0,95.744528,,0,0
1439,1791019399723000064,1791019399819440917,,0,96.440853,,0,0
1440,1791019399756000000,1791019399852250994,,0,96.250994,,0,0
1441,1791019399788999936,1791019399885441024,,0,96.441088,,0,0
1442,1791019399822000128,1791019399918751745,,0,96.751617,,0,0
1443,1791019399855000064,1791019399951914396,,0,96.914332,,0,0
1444,1791019399888000000,1791019399984758277,,0,96.758277,,0,0
1445,1791019399920999936,1791019400019825443,,0,98.825507,,0,0
1446,1791019399953999872,1791019400051193931,,0,97.194059,,0,0
1447,1791019399988000000,1791019400084467494,,0,96.467494,,0,0
1448,1791019400020999936,1791019400118100615,,0,97.100679,,0,0
1449,1791019400055000064,1791019400151908067,,0,96.908003,,0,0
1450,1791019400088000000,1791019400184948350,,0,96.948350,,0,0
1451,1791019400120000000,1791019400219113126,,0,99.113126,,0,0
1452,1791019400155000064,1791019400251381489,,0,96.381425,,0,0
1453,1791019400188000000,1791019400284851453,,0,96.851453,,0,0
1454,1791019400217999872,1791019400314617154,,0,96.617282,,0,0
1455,1791019400250999808,1791019400347829812,,0,96.830004,,0,0
1456,1791019400284000000,1791019400380425605,,0,96.425605,,0,0
1457,1791019400316999936,1791019400413906465,,0,96.906529,,0,0
1458,1791019400349999872,1791019400446860979,,0,96.861107,,0,0
1459,1791019400382999808,1791019400480036759,,0,97.036951,,0,0
1460,1791019400416000000,1791019400512697088,,0,96.697088,,0,0
1461,1791019400448999936,1791019400545335347,,0,96.335411,,0,0
1462,1791019400482000128,1791019400578037862,,0,96.037734,,0,0
1463,1791019400515000064,1791019400611290192,,0,96.290128,,0,0
1464,1791019400548000000,1791019400644754569,,0,96.754569,,0,0
1465,1791019400581000192,1791019400677069867,,0,96.069675,,0,0
1466,1791019400614000128,1791019400710066008,,0,96.065880,,0,0
1467,1791019400647000064,1791019400744995998,,0,97.995934,,0,0
1468,1791019400680000000,1791019400777272184,,0,97.272184,,0,0
1469,1791019400712999936,1791019400809979169,,0,96.979233,,0,0
1470,1791019400747000064,1791019400843855627,,0,96.855563,,0,0
1471,1791019400780000000,1791019400882117752,,0,102.117752,,0,0
1472,1791019400812999936,1791019400910530428,,0,97.530492,,0,0
1473,1791019400846999808,1791019400944113261,,0,97.113453,,0,0
1474,1791019400880000000,1791019400977045983,,0,97.045983,,0,0
1475,1791019400914000128,1791019401014089742,,0,100.089614,,0,0
1476,1791019400947000064,1791019401043884217,,0,96.884153,,0,0
1478,1791019401012000000,1791019401109539008,,0,97.539008,,0,0
1479,1791019401045000192,1791019401142078645,,0,97.078453,,0,0
1480,1791019401078000128,1791019401175403891,,0,97.403763,,0,0
1481,1791019401109999872,1791019401206603075,,0,96.603203,,0,0
1482,1791019401141999872,1791019401238495115,,0,96.495243,,0,0
1483,1791019401176000000,1791019401272600383,,0,96.600383,,0,0
1484,1791019401209000192,1791019401305728947,,0,96.728755,,0,0
1485,1791019401242000128,1791019401338752465,,0,96.752337,,0,0
1486,1791019401275000064,1791019401371706977,,0,96.706913,,0,0
1487,1791019401308000000,1791019401404958188,,0,96.958188,,0,0
1488,1791019401342000128,1791019401438746921,,0,96.746793,,0,0
1489,1791019401375000064,1791019401472719205,,0,97.719141,,0,0
1491,1791019401441999872,1791019401538312253,,0,96.312381,,0,0
1492,1791019401472000000,1791019401568797349,,0,96.797349,,0,0
1493,1791019401505000192,1791019401601651006,,0,96.650814,,0,0
1494,1791019401538000128,1791019401634446552,,0,96.446424,,0,0
1495,1791019401571000064,1791019401668050617,,0,97.050553,,0,0
1496,1791019401604000000,1791019401699986519,,0,95.986519,,0,0
1497,1791019401637000192,1791019401733198897,,0,96.198705,,0,0
1498,1791019401670000128,1791019401766369647,,0,96.369519,,0,0
1499,1791019401703000064,1791019401801040374,,0,98.040310,,0,0
1500,1791019401736000000,1791019401835942984,,0,99.942984,,0,0
1501,1791019401768999936,1791019401865909556,,0,96.909620,,0,0
1502,1791019401802000128,1791019401898324870,,0,96.324742,,0,0
1503,1791019401835000064,1791019401932640229,,0,97.640165,,0,0
1504,1791019401868999936,1791019401966296537,,0,97.296601,,0,0
1505,1791019401901999872,1791019401998587248,,0,96.587376,,0,0
1506,1791019401935000064,1791019402032115600,,0,97.115536,,0,0
1507,1791019401969000192,1791019402065917183,,0,96.916991,,0,0
1508,1791019402002000128,1791019402098813025,,0,96.812897,,0,0
1509,1791019402035000064,1791019402132386356,,0,97.386292,,0,0
1510,1791019402065999872,1791019402162386731,,0,96.386859,,0,0
1511,1791019402099000064,1791019402195830711,,0,96.830647,,0,0
1512,1791019402132000000,1791019402230255026,,0,98.255026,,0,0
1513,1791019402164999936,1791019402261942281,,0,96.942345,,0,0
1514,1791019402197999872,1791019402294894557,,0,96.894685,,0,0
1515,1791019402231000064,1791019402332654078,,0,101.654014,,0,0
1516,1791019402264000000,1791019402359918790,,0,95.918790,,0,0
1517,1791019402296999936,1791019402394053950,,0,97.054014,,0,0
1518,1791019402329999872,1791019402426747801,,0,96.747929,,0,0
1519,1791019402362999808,1791019402459560109,,0,96.560301,,0,0
1520,1791019402396000000,1791019402492657661,,0,96.657661,,0,0
1521,1791019402428999936,1791019402525771137,,0,96.771201,,0,0
1522,1791019402461999872,1791019402558895789,,0,96.895917,,0,0
1524,1791019402528000000,1791019402624598909,,0,96.598909,,0,0
1526,1791019402594000128,1791019402690825862,,0,96.825734,,0,0
1527,1791019402628000000,1791019402724625210,,0,96.625210,,0,0
1528,1791019402660000000,1791019402756774276,,0,96.774276,,0,0
1530,1791019402728000000,1791019402825420078,,0,97.420078,,0,0
1531,1791019402760999936,1791019402858357547,,0,97.357611,,0,0
1532,1791019402793999872,1791019402890613335,,0,96.613463,,0,0
1533,1791019402825999872,1791019402923411115,,0,97.411243,,0,0
1534,1791019402858000128,1791019402955027408,,0,97.027280,,0,0
1535,1791019402892999936,1791019402993055411,,0,100.055475,,0,0
1536,1791019402924000000,1791019403021693541,,0,97.693541,,0,0
1537,1791019402956999936,1791019403053658496,,0,96.658560,,0,0
1538,1791019402990000128,1791019403086650722,,0,96.650594,,0,0
1539,1791019403023000064,1791019403119856112,,0,96.856048,,0,0
1540,1791019403056000000,1791019403152674285,,0,96.674285,,0,0
1541,1791019403088999936,1791019403186002043,,0,97.002107,,0,0
1542,1791019403121999872,1791019403219299907,,0,97.300035,,0,0
1543,1791019403155000064,1791019403254187428,,0,99.187364,,0,0
1544,1791019403188000000,1791019403285011406,,0,97.011406,,0,0
1545,1791019403220999936,1791019403318210929,,0,97.210993,,0,0
1546,1791019403255000064,1791019403354833663,,0,99.833599,,0,0
1547,1791019403287000064,1791019403384250417,,0,97.250353,,0,0
1548,1791019403320000000,1791019403416400599,,0,96.400599,,0,0
1549,1791019403354000128,1791019403451149270,,0,97.149142,,0,0
1550,1791019403385999872,1791019403482950510,,0,96.950638,,0,0
1551,1791019403420000000,1791019403517803109,,0,97.803109,,0,0
1552,1791019403453999872,1791019403553081479,,0,99.081607,,0,0
1553,1791019403487000064,1791019403583967758,,0,96.967694,,0,0
1554,1791019403520000000,1791019403618773142,,0,98.773142,,0,0
1555,1791019403551000064,1791019403647101722,,0,96.101658,,0,0
1556,1791019403584000000,1791019403679726287,,0,95.726287,,0,0
1557,1791019403617000192,1791019403713114110,,0,96.113918,,0,0
1558,1791019403650000128,1791019403746778238,,0,96.778110,,0,0
1559,1791019403683000064,1791019403779720734,,0,96.720670,,0,0
1560,1791019403716000000,1791019403812970266,,0,96.970266,,0,0
1561,1791019403749000192,1791019403845616063,,0,96.615871,,0,0
1562,1791019403782000128,1791019403878160726,,0,96.160598,,0,0
1563,1791019403815000064,1791019403911868437,,0,96.868373,,0,0
1564,1791019403848000000,1791019403944922405,,0,96.922405,,0,0
1565,1791019403880999936,1791019403977899823,,0,96.899887,,0,0
1566,1791019403914000128,1791019404010771636,,0,96.771508,,0,0
1567,1791019403947000064,1791019404043315460,,0,96.315396,,0,0
1568,1791019403980000000,1791019404076894376,,0,96.894376,,0,0
1569,1791019404013999872,1791019404111773794,,0,97.773922,,0,0
1570,1791019404046999808,1791019404144143286,,0,97.143478,,0,0
1571,1791019404081000192,1791019404178554467,,0,97.554275,,0,0
1572,1791019404112999936,1791019404210224678,,0,97.224742,,0,0
1574,1791019404177999872,1791019404274711943,,0,96.712071,,0,0
1576,1791019404247000064,1791019404343903921,,0,96.903857,,0,0
1577,1791019404276999936,1791019404375509316,,0,98.509380,,0,0
1578,1791019404309999872,1791019404407661453,,0,97.661581,,0,0
1579,1791019404342999808,1791019404440861813,,0,97.862005,,0,0
1580,1791019404377000192,1791019404474344065,,0,97.343873,,0,0
1581,1791019404411000064,1791019404508840736,,0,97.840672,,0,0
1582,1791019404443000064,1791019404540761268,,0,97.761204,,0,0
1583,1791019404476999936,1791019404574393825,,0,97.393889,,0,0
1584,1791019404509999872,1791019404607448350,,0,97.448478,,0,0
1585,1791019404544000000,1791019404640640329,,0,96.640329,,0,0
1586,1791019404575000064,1791019404671887842,,0,96.887778,,0,0
1587,1791019404608000000,1791019404704144186,,0,96.144186,,0,0
1588,1791019404640999936,1791019404737107075,,0,96.107139,,0,0
1589,1791019404674000128,1791019404770591003,,0,96.590875,,0,0
1590,1791019404706000128,1791019404802030448,,0,96.030320,,0,0
1591,1791019404739000064,1791019404835210972,,0,96.210908,,0,0
1592,1791019404772000000,1791019404868389541,,0,96.389541,,0,0
1593,1791019404805000192,1791019404901692991,,0,96.692799,,0,0
1594,1791019404838000128,1791019404934990854,,0,96.990726,,0,0
1595,1791019404871000064,1791019404967860431,,0,96.860367,,0,0
1596,1791019404904000000,1791019405000914677,,0,96.914677,,0,0
1597,1791019404936999936,1791019405038138628,,0,101.138692,,0,0
1598,1791019404970000128,1791019405067158943,,0,97.158815,,0,0
1599,1791019405004000000,1791019405100789264,,0,96.789264,,0,0
1600,1791019405036000000,1791019405133172723,,0,97.172723,,0,0
1601,1791019405069999872,1791019405171639903,,0,101.640031,,0,0
1602,1791019405104000000,1791019405201746996,,0,97.746996,,0,0
1603,1791019405135000064,1791019405232014173,,0,97.014109,,0,0
1604,1791019405168000000,1791019405264171895,,0,96.171895,,0,0
1605,1791019405204000000,1791019405303648465,,0,99.648465,,0,0
1606,1791019405233999872,1791019405331498748,,0,97.498876,,0,0
1607,1791019405267000064,1791019405364442918,,0,97.442854,,0,0
1608,1791019405300000000,1791019405396904883,,0,96.904883,,0,0
1609,1791019405332999936,1791019405430631029,,0,97.631093,,0,0
1610,1791019405365999872,1791019405464243470,,0,98.243598,,0,0
1611,1791019405398999808,1791019405495473101,,0,96.473293,,0,0
1612,1791019405432000000,1791019405530829135,,0,98.829135,,0,0
1613,1791019405464999936,1791019405561455311,,0,96.455375,,0,0
1614,1791019405497999872,1791019405594867997,,0,96.868125,,0,0
1615,1791019405530999808,1791019405628255259,,0,97.255451,,0,0
1616,1791019405564000000,1791019405662686274,,0,98.686274,,0,0
1617,1791019405596999936,1791019405693416100,,0,96.416164,,0,0
1618,1791019405630000128,1791019405726351888,,0,96.351760,,0,0
1619,1791019405663000064,1791019405761104467,,0,98.104403,,0,0
1621,1791019405729000192,1791019405826001017,,0,97.000825,,0,0
1623,1791019405796000000,1791019405893138732,,0,97.138732,,0,0
1624,1791019405828999936,1791019405925668864,,0,96.668928,,0,0
1625,1791019405861999872,1791019405959091049,,0,97.091177,,0,0
1626,1791019405895000064,1791019405992117914,,0,97.117850,,0,0
1627,1791019405928999936,1791019406026073987,,0,97.074051,,0,0
1629,1791019405994999808,1791019406092190296,,0,97.190488,,0,0
1630,1791019406026000128,1791019406123058133,,0,97.058005,,0,0
1631,1791019406061000192,1791019406158477584,,0,97.477392,,0,0
1632,1791019406092000000,1791019406188052183,,0,96.052183,,0,0
1633,1791019406124999936,1791019406221677473,,0,96.677537,,0,0
1634,1791019406157999872,1791019406254452618,,0,96.452746,,0,0
1635,1791019406194000128,1791019406290713274,,0,96.713146,,0,0
1636,1791019406224000000,1791019406321687553,,0,97.687553,,0,0
1637,1791019406256999936,1791019406353683515,,0,96.683579,,0,0
1638,1791019406289999872,1791019406386087647,,0,96.087775,,0,0
1639,1791019406323000064,1791019406419908222,,0,96.908158,,0,0
1640,1791019406356000000,1791019406452926146,,0,96.926146,,0,0
1641,1791019406388999936,1791019406484868188,,0,95.868252,,0,0
1642,1791019406421999872,1791019406518720612,,0,96.720740,,0,0
1643,1791019406454999808,1791019406550727470,,0,95.727662,,0,0
1644,1791019406488000000,1791019406583894022,,0,95.894022,,0,0
1645,1791019406520999936,1791019406617760695,,0,96.760759,,0,0
1646,1791019406553999872,1791019406649520583,,0,95.520711,,0,0
1647,1791019406588000000,1791019406684108886,,0,96.108886,,0,0
1648,1791019406620999936,1791019406718231747,,0,97.231811,,0,0
1649,1791019406654000128,1791019406750409305,,0,96.409177,,0,0
1650,1791019406686000128,1791019406783852441,,0,97.852313,,0,0
1651,1791019406720000000,1791019406816317477,,0,96.317477,,0,0
1652,1791019406753999872,1791019406850117378,,0,96.117506,,0,0
1653,1791019406788000000,1791019406884927787,,0,96.927787,,0,0
1654,1791019406821000192,1791019406920378807,,0,99.378615,,0,0
1655,1791019406851000064,1791019406948039113,,0,97.039049,,0,0
1656,1791019406884000000,1791019406981466604,,0,97.466604,,0,0
1657,1791019406917999872,1791019407014815590,,0,96.815718,,0,0
1658,1791019406951000064,1791019407047247658,,0,96.247594,,0,0
1659,1791019406983000064,1791019407079973911,,0,96.973847,,0,0
1660,1791019407016000000,1791019407112306242,,0,96.306242,,0,0
1661,1791019407048999936,1791019407145758876,,0,96.758940,,0,0
1662,1791019407082000128,1791019407179137754,,0,97.137626,,0,0
1663,1791019407116000000,1791019407212972296,,0,96.972296,,0,0
1664,1791019407150000128,1791019407246140803,,0,96.140675,,0,0
1665,1791019407183000064,1791019407280966297,,0,97.966233,,0,0
1666,1791019407214999808,1791019407312824524,,0,97.824716,,0,0
1667,1791019407249999872,1791019407346269056,,0,96.269184,,0,0
1668,1791019407283000064,1791019407379649890,,0,96.649826,,0,0
1669,1791019407313999872,1791019407410794308,,0,96.794436,,0,0
1670,1791019407348999936,1791019407445458322,,0,96.458386,,0,0
1671,1791019407382999808,1791019407482303434,,0,99.303626,,0,0
1672,1791019407413000192,1791019407509956195,,0,96.956003,,0,0
1673,1791019407446000128,1791019407543545444,,0,97.545316,,0,0
1675,1791019407512999936,1791019407609522621,,0,96.522685,,0,0
1677,1791019407580000000,1791019407677551264,,0,97.551264,,0,0
1678,1791019407612000000,1791019407710793806,,0,98.793806,,0,0
1679,1791019407645999872,1791019407743185085,,0,97.185213,,0,0
1680,1791019407676000000,1791019407772246467,,0,96.246467,,0,0
1681,1791019407709000192,1791019407805841304,,0,96.841112,,0,0
1682,1791019407742000128,1791019407838610581,,0,96.610453,,0,0
1683,1791019407775000064,1791019407871519825,,0,96.519761,,0,0
1684,1791019407808000000,1791019407904569876,,0,96.569876,,0,0
1685,1791019407841000192,1791019407937469343,,0,96.469151,,0,0
1686,1791019407874000128,1791019407970049482,,0,96.049354,,0,0
1687,1791019407907000064,1791019408003649626,,0,96.649562,,0,0
1688,1791019407940000000,1791019408036232837,,0,96.232837,,0,0
1689,1791019407972999936,1791019408069907294,,0,96.907358,,0,0
1690,1791019408006000128,1791019408103271085,,0,97.270957,,0,0
1691,1791019408039000064,1791019408136446575,,0,97.446511,,0,0
1692,1791019408072000000,1791019408169625417,,0,97.625417,,0,0
1693,1791019408104999936,1791019408202134313,,0,97.134377,,0,0
1694,1791019408138000128,1791019408234909735,,0,96.909607,,0,0
1695,1791019408171000064,1791019408269973536,,0,98.973472,,0,0
1696,1791019408204000000,1791019408301131922,,0,97.131922,,0,0
1697,1791019408236999936,1791019408333737204,,0,96.737268,,0,0
1698,1791019408269999872,1791019408366514860,,0,96.514988,,0,0
1699,1791019408304000000,1791019408400655040,,0,96.655040,,0,0
1700,1791019408338000128,1791019408435911053,,0,97.910925,,0,0
1701,1791019408371000064,1791019408467927127,,0,96.927063,,0,0
1702,1791019408404000000,1791019408501227778,,0,97.227778,,0,0
1703,1791019408437999872,1791019408535941799,,0,97.941927,,0,0
1704,1791019408468000000,1791019408564523209,,0,96.523209,,0,0
1705,1791019408500999936,1791019408598007411,,0,97.007475,,0,0
1706,1791019408533999872,1791019408630346166,,0,96.346294,,0,0
1707,1791019408566999808,1791019408664614301,,0,97.614493,,0,0
1708,1791019408600000000,1791019408696423636,,0,96.423636,,0,0
1709,1791019408632999936,1791019408729652767,,0,96.652831,,0,0
1710,1791019408665999872,1791019408761983979,,0,95.984107,,0,0
1711,1791019408698999808,1791019408795225122,,0,96.225314,,0,0
1712,1791019408732000000,1791019408829335688,,0,97.335688,,0,0
1713,1791019408765000192,1791019408861942645,,0,96.942453,,0,0
1714,1791019408798000128,1791019408894299281,,0,96.299153,,0,0
1716,1791019408864000000,1791019408961126320,,0,97.126320,,0,0
1718,1791019408930000128,1791019409026821321,,0,96.821193,,0,0
1719,1791019408964000000,1791019409060846675,,0,96.846675,,0,0
1720,1791019408996000000,1791019409092789831,,0,96.789831,,0,0
1721,1791019409028999936,1791019409126089363,,0,97.089427,,0,0
1722,1791019409062000128,1791019409159250883,,0,97.250755,,0,0
1723,1791019409095000064,1791019409191865103,,0,96.865039,,0,0
1724,1791019409128000000,1791019409225773677,,0,97.773677,,0,0
1725,1791019409160999936,1791019409258246812,,0,97.246876,,0,0
1726,1791019409194999808,1791019409291873215,,0,96.873407,,0,0
1727,1791019409229000192,1791019409327736313,,0,98.736121,,0,0
1728,1791019409262000128,1791019409359681983,,0,97.681855,,0,0
1729,1791019409292999936,1791019409392064040,,0,99.064104,,0,0
1730,1791019409325999872,1791019409422861749,,0,96.861877,,0,0
1731,1791019409359000064,1791019409455985833,,0,96.985769,,0,0
1733,1791019409427000064,1791019409523817510,,0,96.817446,,0,0
1734,1791019409457999872,1791019409556384515,,0,98.384643,,0,0
1735,1791019409491000064,1791019409588079304,,0,97.079240,,0,0
1736,1791019409524000000,1791019409620756384,,0,96.756384,,0,0
1737,1791019409556999936,1791019409653464754,,0,96.464818,,0,0
1738,1791019409589999872,1791019409688798990,,0,98.799118,,0,0
1739,1791019409622999808,1791019409719897030,,0,96.897222,,0,0
1740,1791019409656000000,1791019409752864382,,0,96.864382,,0,0
1741,1791019409688999936,1791019409785235265,,0,96.235329,,0,0
1742,1791019409721999872,1791019409818420532,,0,96.420660,,0,0
1743,1791019409755000064,1791019409851421410,,0,96.421346,,0,0
1744,1791019409788000000,1791019409884873202,,0,96.873202,,0,0
1745,1791019409821000192,1791019409920951700,,0,99.951508,,0,0
1746,1791019409854000128,1791019409951316933,,0,97.316805,,0,0
1747,1791019409887000064,1791019409984121129,,0,97.121065,,0,0
1748,1791019409920999936,1791019410017908174,,0,96.908238,,0,0
1749,1791019409954999808,1791019410051813395,,0,96.813587,,0,0
1750,1791019409988000000,1791019410087480089,,0,99.480089,,0,0
1751,1791019410022000128,1791019410118479786,,0,96.479658,,0,0
1752,1791019410053999872,1791019410151347959,,0,97.348087,,0,0
1753,1791019410086999808,1791019410184700013,,0,97.700205,,0,0
1754,1791019410120000000,1791019410217124255,,0,97.124255,,0,0
1755,1791019410152000000,1791019410249255430,,0,97.255430,,0,0
1756,1791019410184000000,1791019410281590271,,0,97.590271,,0,0
1757,1791019410217999872,1791019410314864379,,0,96.864507,,0,0
1758,1791019410249999872,1791019410347636166,,0,97.636294,,0,0
1759,1791019410284000000,1791019410381165345,,0,97.165345,,0,0
1760,1791019410318000128,1791019410416044195,,0,98.044067,,0,0
1761,1791019410349999872,1791019410447367970,,0,97.368098,,0,0
1762,1791019410384000000,1791019410481059467,,0,97.059467,,0,0
1763,1791019410416000000,1791019410513364136,,0,97.364136,,0,0
1764,1791019410450000128,1791019410547668866,,0,97.668738,,0,0
1766,1791019410513999872,1791019410610730174,,0,96.730302,,0,0
1767,1791019410548000000,1791019410644441786,,0,96.441786,,0,0
1768,1791019410581000192,1791019410678007843,,0,97.007651,,0,0
1769,1791019410612999936,1791019410710739679,,0,97.739743,,0,0
1770,1791019410648000000,1791019410744401562,,0,96.401562,,0,0
1771,1791019410680999936,1791019410777702769,,0,96.702833,,0,0
1772,1791019410712999936,1791019410809023471,,0,96.023535,,0,0
1773,1791019410746000128,1791019410841689654,,0,95.689526,,0,0
1774,1791019410780000000,1791019410876756246,,0,96.756246,,0,0
1775,1791019410812999936,1791019410910324258,,0,97.324322,,0,0
1776,1791019410845999872,1791019410942227462,,0,96.227590,,0,0
1777,1791019410880000000,1791019410976703729,,0,96.703729,,0,0
1778,1791019410913000192,1791019411010840553,,0,97.840361,,0,0
1779,1791019410946000128,1791019411042992401,,0,96.992273,,0,0
1780,1791019410980000000,1791019411077303556,,0,97.303556,,0,0
1781,1791019411012999936,1791019411109745397,,0,96.745461,,0,0
1782,1791019411046999808,1791019411143337993,,0,96.338185,,0,0
1783,1791019411080000000,1791019411176683341,,0,96.683341,,0,0
1784,1791019411112999936,1791019411208924310,,0,95.924374,,0,0
1785,1791019411140999936,1791019411237832588,,0,96.832652,,0,0
1786,1791019411174000128,1791019411271001090,,0,97.000962,,0,0
1787,1791019411207000064,1791019411305010237,,0,98.010173,,0,0
1788,1791019411240000000,1791019411336719831,,0,96.719831,,0,0
1789,1791019411272999936,1791019411369764848,,0,96.764912,,0,0
1790,1791019411305999872,1791019411402867416,,0,96.867544,,0,0
1791,1791019411339000064,1791019411435874997,,0,96.874933,,0,0
1792,1791019411372000000,1791019411468173518,,0,96.173518,,0,0
1793,1791019411404999936,1791019411500934129,,0,95.934193,,0,0
1794,1791019411437999872,1791019411534988256,,0,96.988384,,0,0
1795,1791019411471000064,1791019411568273537,,0,97.273473,,0,0
1796,1791019411504000000,1791019411601348447,,0,97.348447,,0,0
1797,1791019411538000128,1791019411635823037,,0,97.822909,,0,0
1798,1791019411571000064,1791019411667780998,,0,96.780934,,0,0
1799,1791019411604999936,1791019411701649618,,0,96.649682,,0,0
1800,1791019411639000064,1791019411735703746,,0,96.703682,,0,0
1801,1791019411671000064,1791019411770154589,,0,99.154525,,0,0
1802,1791019411703000064,1791019411800849764,,0,97.849700,,0,0
1803,1791019411737999872,1791019411834880144,,0,96.880272,,0,0
1804,1791019411768000000,1791019411865372771,,0,97.372771,,0,0
1805,1791019411801000192,1791019411897579097,,0,96.578905,,0,0
1806,1791019411834000128,1791019411938143552,,0,104.143424,,0,0
1807,1791019411867000064,1791019411964678521,,0,97.678457,,0,0
1808,1791019411900000000,1791019411997260889,,0,97.260889,,0,0
1809,1791019411933000192,1791019412030632497,,0,97.632305,,0,0
1811,1791019411999000064,1791019412095803377,,0,96.803313,,0,0
1812,1791019412032000000,1791019412128648637,,0,96.648637,,0,0
1813,1791019412064999936,1791019412162385670,,0,97.385734,,0,0
1814,1791019412098000128,1791019412195913170,,0,97.913042,,0,0
1815,1791019412131000064,1791019412227402893,,0,96.402829,,0,0
1816,1791019412164000000,1791019412260812775,,0,96.812775,,0,0
1817,1791019412196999936,1791019412295016088,,0,98.016152,,0,0
1818,1791019412230000128,1791019412325773563,,0,95.773435,,0,0
1819,1791019412263000064,1791019412360219935,,0,97.219871,,0,0
1820,1791019412296000000,1791019412392748102,,0,96.748102,,0,0
1821,1791019412328999936,1791019412427034950,,0,98.035014,,0,0
1822,1791019412362999808,1791019412459695822,,0,96.696014,,0,0
1823,1791019412395000064,1791019412492878570,,0,97.878506,,0,0
1824,1791019412428999936,1791019412525735565,,0,96.735629,,0,0
1825,1791019412461999872,1791019412559604743,,0,97.604871,,0,0
1826,1791019412494999808,1791019412592863761,,0,97.863953,,0,0
1827,1791019412528000000,1791019412625713772,,0,97.713772,,0,0
1828,1791019412560000000,1791019412656803426,,0,96.803426,,0,0
1829,1791019412595000064,1791019412692395524,,0,97.395460,,0,0
1830,1791019412625999872,1791019412722274916,,0,96.275044,,0,0
1831,1791019412658999808,1791019412755185830,,0,96.186022,,0,0
1832,1791019412692000000,1791019412789206990,,0,97.206990,,0,0
1833,1791019412724999936,1791019412821706940,,0,96.707004,,0,0
1834,1791019412757999872,1791019412854729326,,0,96.729454,,0,0
1835,1791019412790999808,1791019412887912354,,0,96.912546,,0,0
1836,1791019412824000000,1791019412922224904,,0,98.224904,,0,0
1837,1791019412857000192,1791019412953757371,,0,96.757179,,0,0
1838,1791019412890000128,1791019412986968616,,0,96.968488,,0,0
1839,1791019412923000064,1791019413019918084,,0,96.918020,,0,0
1840,1791019412956000000,1791019413052737082,,0,96.737082,,0,0
1841,1791019412989000192,1791019413089080144,,0,100.079952,,0,0
1842,1791019413022000128,1791019413119295905,,0,97.295777,,0,0
1843,1791019413056000000,1791019413153146643,,0,97.146643,,0,0
1844,1791019413088999936,1791019413186054763,,0,97.054827,,0,0
1845,1791019413120999936,1791019413218375911,,0,97.375975,,0,0
1846,1791019413155000064,1791019413252221061,,0,97.220997,,0,0
1847,1791019413188999936,1791019413285113256,,0,96.113320,,0,0
1848,1791019413220999936,1791019413317711825,,0,96.711889,,0,0
1849,1791019413252999936,1791019413350180484,,0,97.180548,,0,0
1850,1791019413288000000,1791019413384919921,,0,96.919921,,0,0
1851,1791019413321000192,1791019413418229506,,0,97.229314,,0,0
1852,1791019413352000000,1791019413449203497,,0,97.203497,,0,0
1853,1791019413384999936,1791019413482318914,,0,97.318978,,0,0
1854,1791019413417999872,1791019413515650848,,0,97.650976,,0,0
1855,1791019413451000064,1791019413548130124,,0,97.130060,,0,0
1856,1791019413484999936,1791019413582334274,,0,97.334338,,0,0
1857,1791019413517999872,1791019413615654195,,0,97.654323,,0,0
1858,1791019413552000000,1791019413649420841,,0,97.420841,,0,0
1859,1791019413584999936,1791019413682202681,,0,97.202745,,0,0
1860,1791019413619000064,1791019413717710685,,0,98.710621,,0,0
1861,1791019413653000192,1791019413750263157,,0,97.262965,,0,0
1862,1791019413684999936,1791019413782773443,,0,97.773507,,0,0
1864,1791019413748000000,1791019413845060031,,0,97.060031,,0,0
1865,1791019413782000128,1791019413878582500,,0,96.582372,,0,0
1866,1791019413815000064,1791019413911665789,,0,96.665725,,0,0
1867,1791019413848000000,1791019413945011134,,0,97.011134,,0,0
1868,1791019413881999872,1791019413979075875,,0,97.076003,,0,0
1869,1791019413915000064,1791019414011134408,,0,96.134344,,0,0
1870,1791019413948000000,1791019414045605362,,0,97.605362,,0,0
1871,1791019413980999936,1791019414078203650,,0,97.203714,,0,0
1872,1791019414015000064,1791019414111676390,,0,96.676326,,0,0
1873,1791019414048000000,1791019414144267694,,0,96.267694,,0,0
1874,1791019414082000128,1791019414178729149,,0,96.729021,,0,0
1875,1791019414112000000,1791019414208660224,,0,96.660224,,0,0
1876,1791019414148000000,1791019414244285285,,0,96.285285,,0,0
1877,1791019414180000000,1791019414276796408,,0,96.796408,,0,0
1878,1791019414213999872,1791019414311977539,,0,97.977667,,0,0
1879,1791019414243000064,1791019414340180666,,0,97.180602,,0,0
1880,1791019414276000000,1791019414373085711,,0,97.085711,,0,0
1881,1791019414308999936,1791019414407004336,,0,98.004400,,0,0
1882,1791019414342000128,1791019414446142286,,0,104.142158,,0,0
1883,1791019414375000064,1791019414475491697,,0,100.491633,,0,0
1884,1791019414408000000,1791019414505566931,,0,97.566931,,0,0
1885,1791019414440999936,1791019414538220815,,0,97.220879,,0,0
1886,1791019414473999872,1791019414571439321,,0,97.439449,,0,0
1887,1791019414507000064,1791019414603736721,,0,96.736657,,0,0
1888,1791019414540000000,1791019414635984391,,0,95.984391,,0,0
1889,1791019414572999936,1791019414671309960,,0,98.310024,,0,0
1890,1791019414605999872,1791019414703330497,,0,97.330625,,0,0
1891,1791019414639000064,1791019414736131613,,0,97.131549,,0,0
1892,1791019414672000000,1791019414775768531,,0,103.768531,,0,0
1893,1791019414704999936,1791019414801931087,,0,96.931151,,0,0
1894,1791019414737999872,1791019414835225025,,0,97.225153,,0,0
1895,1791019414770999808,1791019414871714199,,0,100.714391,,0,0
1896,1791019414804000000,1791019414900945714,,0,96.945714,,0,0
1897,1791019414836999936,1791019414934752588,,0,97.752652,,0,0
1898,1791019414871000064,1791019414967911866,,0,96.911802,,0,0
1899,1791019414904000000,1791019415000904356,,0,96.904356,,0,0
1900,1791019414937999872,1791019415036181871,,0,98.181999,,0,0
1901,1791019414971000064,1791019415068302982,,0,97.302918,,0,0
1902,1791019415004000000,1791019415101727667,,0,97.727667,,0,0
1903,1791019415036999936,1791019415133910241,,0,96.910305,,0,0
1904,1791019415071000064,1791019415167837526,,0,96.837462,,0,0
1905,1791019415104000000,1791019415200516553,,0,96.516553,,0,0
1906,1791019415137000192,1791019415234707570,,0,97.707378,,0,0
1907,1791019415170000128,1791019415268003462,,0,98.003334,,0,0
1908,1791019415200000000,1791019415297328287,,0,97.328287,,0,0
1910,1791019415266000128,1791019415362341870,,0,96.341742,,0,0
1911,1791019415299000064,1791019415397019841,,0,98.019777,,0,0
1912,1791019415332000000,1791019415428679142,,0,96.679142,,0,0
1913,1791019415364999936,1791019415461878090,,0,96.878154,,0,0
1914,1791019415398000128,1791019415496636801,,0,98.636673,,0,0
1916,1791019415464000000,1791019415561084086,,0,97.084086,,0,0
1917,1791019415496999936,1791019415594367406,,0,97.367470,,0,0
1918,1791019415529999872,1791019415628359786,,0,98.359914,,0,0
1919,1791019415563000064,1791019415659754517,,0,96.754453,,0,0
1920,1791019415596000000,1791019415692098850,,0,96.098850,,0,0
1921,1791019415630000128,1791019415726438216,,0,96.438088,,0,0
1922,1791019415661999872,1791019415758777241,,0,96.777369,,0,0
1923,1791019415694999808,1791019415793128341,,0,98.128533,,0,0
1924,1791019415729000192,1791019415826172235,,0,97.172043,,0,0
1925,1791019415762000128,1791019415858916637,,0,96.916509,,0,0
1926,1791019415795000064,1791019415892384067,,0,97.384003,,0,0
1927,1791019415828999936,1791019415925994817,,0,96.994881,,0,0
1928,1791019415861999872,1791019415961055814,,0,99.055942,,0,0
1929,1791019415895000064,1791019415992756463,,0,97.756399,,0,0
1930,1791019415926000128,1791019416023573440,,0,97.573312,,0,0
1931,1791019415959000064,1791019416056478483,,0,97.478419,,0,0
1932,1791019415993999872,1791019416091558755,,0,97.558883,,0,0
1933,1791019416025000192,1791019416121956388,,0,96.956196,,0,0
1934,1791019416058000128,1791019416154088114,,0,96.087986,,0,0
1935,1791019416091000064,1791019416188034674,,0,97.034610,,0,0
1936,1791019416124000000,1791019416221456285,,0,97.456285,,0,0
1937,1791019416157000192,1791019416254089493,,0,97.089301,,0,0
1938,1791019416190000128,1791019416286990624,,0,96.990496,,0,0
1939,1791019416223000064,1791019416321376365,,0,98.376301,,0,0
1940,1791019416256000000,1791019416353460876,,0,97.460876,,0,0
1941,1791019416288999936,1791019416385982054,,0,96.982118,,0,0
1942,1791019416322000128,1791019416419188545,,0,97.188417,,0,0
1943,1791019416356000000,1791019416455839197,,0,99.839197,,0,0
1944,1791019416390000128,1791019416487263260,,0,97.263132,,0,0
1945,1791019416421999872,1791019416519799525,,0,97.799653,,0,0
1946,1791019416454999808,1791019416553912594,,0,98.912786,,0,0
1947,1791019416488000000,1791019416585885913,,0,97.885913,,0,0
1948,1791019416522000128,1791019416619825768,,0,97.825640,,0,0
1949,1791019416555000064,1791019416651925646,,0,96.925582,,0,0
1950,1791019416588999936,1791019416685918862,,0,96.918926,,0,0
1951,1791019416619000064,1791019416716710416,,0,97.710352,,0,0
1952,1791019416653000192,1791019416750548578,,0,97.548386,,0,0
1953,1791019416686000128,1791019416782942080,,0,96.941952,,0,0
1955,1791019416752000000,1791019416848714170,,0,96.714170,,0,0
1957,1791019416819000064,1791019416915242812,,0,96.242748,,0,0
1958,1791019416852000000,1791019416948720298,,0,96.720298,,0,0
1959,1791019416885999872,1791019416982820795,,0,96.820923,,0,0
1960,1791019416918999808,1791019417015824457,,0,96.824649,,0,0
1961,1791019416948999936,1791019417046080723,,0,97.080787,,0,0
1962,1791019416982000128,1791019417079021804,,0,97.021676,,0,0
1963,1791019417015000064,1791019417115008095,,0,100.008031,,0,0
1964,1791019417048999936,1791019417146488871,,0,97.488935,,0,0
1965,1791019417082000128,1791019417178481466,,0,96.481338,,0,0
1966,1791019417114000128,1791019417210530496,,0,96.530368,,0,0
1967,1791019417147000064,1791019417243239414,,0,96.239350,,0,0
1968,1791019417180000000,1791019417276749865,,0,96.749865,,0,0
1969,1791019417212999936,1791019417309756599,,0,96.756663,,0,0
1970,1791019417246000128,1791019417342448475,,0,96.448347,,0,0
1971,1791019417279000064,1791019417377081185,,0,98.081121,,0,0
1972,1791019417312000000,1791019417408820943,,0,96.820943,,0,0
1973,1791019417344999936,1791019417441121133,,0,96.121197,,0,0
1974,1791019417379000064,1791019417476338578,,0,97.338514,,0,0
1975,1791019417411000064,1791019417507814046,,0,96.813982,,0,0
1976,1791019417444999936,1791019417542607397,,0,97.607461,,0,0
1977,1791019417479000064,1791019417576174562,,0,97.174498,,0,0
1978,1791019417512000000,1791019417609317353,,0,97.317353,,0,0
1979,1791019417545000192,1791019417642310677,,0,97.310485,,0,0
1980,1791019417579000064,1791019417678159515,,0,99.159451,,0,0
1981,1791019417612000000,1791019417711693993,,0,99.693993,,0,0
1982,1791019417644999936,1791019417742534157,,0,97.534221,,0,0
1983,1791019417677999872,1791019417784520911,,0,106.521039,,0,0
1984,1791019417708000000,1791019417804563987,,0,96.563987,,0,0
1985,1791019417740999936,1791019417837736112,,0,96.736176,,0,0
1986,1791019417773999872,1791019417870611818,,0,96.611946,,0,0
1987,1791019417806999808,1791019417903524682,,0,96.524874,,0,0
1988,1791019417840000000,1791019417936136377,,0,96.136377,,0,0
1989,1791019417872999936,1791019417970051087,,0,97.051151,,0,0
1990,1791019417905999872,1791019418003118446,,0,97.118574,,0,0
1991,1791019417938999808,1791019418035702481,,0,96.702673,,0,0
1992,1791019417972000000,1791019418068887456,,0,96.887456,,0,0
1994,1791019418038000128,1791019418134345241,,0,96.345113,,0,0
1995,1791019418071000064,1791019418167874968,,0,96.874904,,0,0
1996,1791019418104000000,1791019418200889803,,0,96.889803,,0,0
1997,1791019418137000192,1791019418233589221,,0,96.589029,,0,0
1998,1791019418170000128,1791019418266041110,,0,96.040982,,0,0
1999,1791019418203000064,1791019418301768418,,0,98.768354,,0,0
2000,1791019418236999936,1791019418336767948,,0,99.768012,,0,0
2001,1791019418268999936,1791019418366189434,,0,97.189498,,0,0
2002,1791019418302000128,1791019418399737041,,0,97.736913,,0,0
2003,1791019418336999936,1791019418433822449,,0,96.822513,,0,0
2004,1791019418368000000,1791019418465296798,,0,97.296798,,0,0
2005,1791019418400999936,1791019418498789647,,0,97.789711,,0,0
2006,1791019418436000000,1791019418535136334,,0,99.136334,,0,0
2007,1791019418469000192,1791019418567830164,,0,98.829972,,0,0
2008,1791019418503000064,1791019418600003236,,0,97.003172,,0,0
2009,1791019418532999936,1791019418633004102,,0,100.004166,,0,0
2010,1791019418565999872,1791019418663145822,,0,97.145950,,0,0
2011,1791019418601000192,1791019418698776465,,0,97.776273,,0,0
2012,1791019418632000000,1791019418728589638,,0,96.589638,,0,0
2013,1791019418664999936,1791019418761309171,,0,96.309235,,0,0
2014,1791019418697999872,1791019418794459783,,0,96.459911,,0,0
2015,1791019418731000064,1791019418827421536,,0,96.421472,,0,0
2016,1791019418764000000,1791019418860256452,,0,96.256452,,0,0
2017,1791019418796999936,1791019418893434722,,0,96.434786,,0,0
2018,1791019418829999872,1791019418926764695,,0,96.764823,,0,0
2019,1791019418862999808,1791019418960082095,,0,97.082287,,0,0
2020,1791019418896000000,1791019418992981267,,0,96.981267,,0,0
2021,1791019418928999936,1791019419026462102,,0,97.462166,,0,0
2022,1791019418961999872,1791019419058848058,,0,96.848186,,0,0
2023,1791019418994999808,1791019419091962908,,0,96.963100,,0,0
2024,1791019419028000000,1791019419125994395,,0,97.994395,,0,0
2025,1791019419061000192,1791019419158839647,,0,97.839455,,0,0
2026,1791019419094000128,1791019419190702329,,0,96.702201,,0,0
2027,1791019419128000000,1791019419224969051,,0,96.969051,,0,0
2028,1791019419161999872,1791019419258297346,,0,96.297474,,0,0
2029,1791019419194999808,1791019419291319723,,0,96.319915,,0,0
2030,1791019419228000000,1791019419326683000,,0,98.683000,,0,0
2031,1791019419259000064,1791019419359909043,,0,100.908979,,0,0
2032,1791019419292000000,1791019419388865923,,0,96.865923,,0,0
2033,1791019419324999936,1791019419422322173,,0,97.322237,,0,0
2034,1791019419358000128,1791019419455374443,,0,97.374315,,0,0
2035,1791019419391000064,1791019419488282275,,0,97.282211,,0,0
2036,1791019419424000000,1791019419520367621,,0,96.367621,,0,0
2037,1791019419456999936,1791019419555156219,,0,98.156283,,0,0
2038,1791019419491000064,1791019419587875193,,0,96.875129,,0,0
2039,1791019419524000000,1791019419621973171,,0,97.973171,,0,0
2040,1791019419556999936,1791019419654308839,,0,97.308903,,0,0
2041,1791019419591000064,1791019419688365470,,0,97.365406,,0,0
2042,1791019419624000000,1791019419721009290,,0,97.009290,,0,0
2044,1791019419688999936,1791019419786136848,,0,97.136912,,0,0
2045,1791019419721999872,1791019419819097483,,0,97.097611,,0,0
2046,1791019419757999872,1791019419855309508,,0,97.309636,,0,0
2048,1791019419822000128,1791019419919540266,,0,97.540138,,0,0
2049,1791019419855000064,1791019419952896498,,0,97.896434,,0,0
2050,1791019419891000064,1791019419987995764,,0,96.995700,,0,0
2051,1791019419920999936,1791019420017993324,,0,96.993388,,0,0
2052,1791019419953999872,1791019420051770576,,0,97.770704,,0,0
2053,1791019419991000064,1791019420087704620,,0,96.704556,,0,0
2054,1791019420017999872,1791019420114981326,,0,96.981454,,0,0
2055,1791019420051000064,1791019420155159666,,0,104.159602,,0,0
2056,1791019420084999936,1791019420181631207,,0,96.631271,,0,0
2057,1791019420118000128,1791019420214810872,,0,96.810744,,0,0
2058,1791019420150000128,1791019420246710710,,0,96.710582,,0,0
2059,1791019420183000064,1791019420279675813,,0,96.675749,,0,0
2060,1791019420216999936,1791019420314175814,,0,97.175878,,0,0
2061,1791019420249000192,1791019420346655359,,0,97.655167,,0,0
2062,1791019420282000128,1791019420379015332,,0,97.015204,,0,0
2063,1791019420315000064,1791019420411961158,,0,96.961094,,0,0
2064,1791019420348000000,1791019420443862951,,0,95.862951,,0,0
2065,1791019420380999936,1791019420477770673,,0,96.770737,,0,0
2066,1791019420414000128,1791019420512089917,,0,98.089789,,0,0
2067,1791019420447000064,1791019420544143692,,0,97.143628,,0,0
2068,1791019420480000000,1791019420578769412,,0,98.769412,,0,0
2069,1791019420512999936,1791019420609778037,,0,96.778101,,0,0
2070,1791019420546000128,1791019420642057549,,0,96.057421,,0,0
2071,1791019420579000064,1791019420675785351,,0,96.785287,,0,0
2072,1791019420612000000,1791019420710101522,,0,98.101522,,0,0
2073,1791019420644999936,1791019420741478366,,0,96.478430,,0,0
2074,1791019420681999872,1791019420780390570,,0,98.390698,,0,0
2075,1791019420713999872,1791019420811354495,,0,97.354623,,0,0
2076,1791019420744999936,1791019420848618094,,0,103.618158,,0,0
2077,1791019420779000064,1791019420876340686,,0,97.340622,,0,0
2078,1791019420812000000,1791019420908884767,,0,96.884767,,0,0
2079,1791019420844999936,1791019420942316430,,0,97.316494,,0,0
2080,1791019420880999936,1791019420978168058,,0,97.168122,,0,0
2081,1791019420911000064,1791019421008190760,,0,97.190696,,0,0
2082,1791019420946000128,1791019421043221576,,0,97.221448,,0,0
2083,1791019420977999872,1791019421075880760,,0,97.880888,,0,0
2084,1791019421010999808,1791019421108386566,,0,97.386758,,0,0
2085,1791019421040999936,1791019421138062561,,0,97.062625,,0,0
2086,1791019421073999872,1791019421170962847,,0,96.962975,,0,0
2087,1791019421107000064,1791019421204073784,,0,97.073720,,0,0
2088,1791019421141999872,1791019421239685984,,0,97.686112,,0,0
2089,1791019421174000128,1791019421270910007,,0,96.909879,,0,0
2090,1791019421208000000,1791019421306305969,,0,98.305969,,0,0
2091,1791019421240999936,1791019421338674601,,0,97.674665,,0,0
2092,1791019421273999872,1791019421374085649,,0,100.085777,,0,0
2093,1791019421305000192,1791019421402006597,,0,97.006405,,0,0
2095,1791019421371000064,1791019421467648763,,0,96.648699,,0,0
2096,1791019421404000000,1791019421500550446,,0,96.550446,,0,0
2097,1791019421436999936,1791019421533166885,,0,96.166949,,0,0
2098,1791019421470000128,1791019421566816461,,0,96.816333,,0,0
2100,1791019421536000000,1791019421633433373,,0,97.433373,,0,0
2101,1791019421569999872,1791019421667936446,,0,97.936574,,0,0
2102,1791019421602999808,1791019421699721458,,0,96.721650,,0,0
2103,1791019421638000128,1791019421735503240,,0,97.503112,,0,0
2104,1791019421668999936,1791019421769618537,,0,100.618601,,0,0
2105,1791019421703000064,1791019421803953984,,0,100.953920,,0,0
2106,1791019421733999872,1791019421830537554,,0,96.537682,,0,0
2107,1791019421769999872,1791019421867321740,,0,97.321868,,0,0
2108,1791019421800000000,1791019421896758309,,0,96.758309,,0,0
2109,1791019421832999936,1791019421929915623,,0,96.915687,,0,0
2110,1791019421865999872,1791019421962763665,,0,96.763793,,0,0
2111,1791019421898999808,1791019421995646351,,0,96.646543,,0,0
2112,1791019421932000000,1791019422028673473,,0,96.673473,,0,0
2113,1791019421964999936,1791019422065497330,,0,100.497394,,0,0
2114,1791019421997999872,1791019422096808797,,0,98.808925,,0,0
2115,1791019422032000000,1791019422128633760,,0,96.633760,,0,0
2116,1791019422064000000,1791019422162830075,,0,98.830075,,0,0
2117,1791019422096999936,1791019422193960785,,0,96.960849,,0,0
2118,1791019422130000128,1791019422226976732,,0,96.976604,,0,0
2119,1791019422163000064,1791019422259309323,,0,96.309259,,0,0
2120,1791019422196000000,1791019422293517093,,0,97.517093,,0,0
2121,1791019422229000192,1791019422329583000,,0,100.582808,,0,0
2122,1791019422263000064,1791019422359821659,,0,96.821595,,0,0
2123,1791019422296999936,1791019422395792857,,0,98.792921,,0,0
2124,1791019422328000000,1791019422426600887,,0,98.600887,,0,0
2125,1791019422362999808,1791019422460156870,,0,97.157062,,0,0
2126,1791019422396000000,1791019422493204666,,0,97.204666,,0,0
2127,1791019422428999936,1791019422526315880,,0,97.315944,,0,0
2128,1791019422461999872,1791019422559134867,,0,97.134995,,0,0
2129,1791019422496000000,1791019422593209094,,0,97.209094,,0,0
2130,1791019422528000000,1791019422625616278,,0,97.616278,,0,0
2131,1791019422559000064,1791019422656186279,,0,97.186215,,0,0
2132,1791019422592000000,1791019422688775058,,0,96.775058,,0,0
2133,1791019422625999872,1791019422722248066,,0,96.248194,,0,0
2134,1791019422657999872,1791019422755139691,,0,97.139819,,0,0
2135,1791019422691000064,1791019422788459041,,0,97.458977,,0,0
2136,1791019422724999936,1791019422826258762,,0,101.258826,,0,0
2137,1791019422759000064,1791019422855717121,,0,96.717057,,0,0
2138,1791019422792000000,1791019422888955732,,0,96.955732,,0,0
2139,1791019422824999936,1791019422922315592,,0,97.315656,,0,0
2140,1791019422858000128,1791019422954969746,,0,96.969618,,0,0
2141,1791019422888999936,1791019422985645351,,0,96.645415,,0,0
2142,1791019422921999872,1791019423018725554,,0,96.725682,,0,0
2143,1791019422956000000,1791019423053330876,,0,97.330876,,0,0
2144,1791019422989000192,1791019423086078061,,0,97.077869,,0,0
2145,1791019423022000128,1791019423121477931,,0,99.477803,,0,0
2147,1791019423086999808,1791019423183786564,,0,96.786756,,0,0
2149,1791019423154000128,1791019423251591942,,0,97.591814,,0,0
2151,1791019423221999872,1791019423318844432,,0,96.844560,,0,0
2152,1791019423256000000,1791019423352466905,,0,96.466905,,0,0
2153,1791019423288999936,1791019423386757648,,0,97.757712,,0,0
2155,1791019423355000064,1791019423452649572,,0,97.649508,,0,0
2156,1791019423388999936,1791019423485262656,,0,96.262720,,0,0
2157,1791019423421999872,1791019423519645035,,0,97.645163,,0,0
2158,1791019423453999872,1791019423551725626,,0,97.725754,,0,0
2159,1791019423488000000,1791019423584836001,,0,96.836001,,0,0
2160,1791019423520999936,1791019423617777353,,0,96.777417,,0,0
2161,1791019423548999936,1791019423645908111,,0,96.908175,,0,0
2162,1791019423582000128,1791019423678126994,,0,96.126866,,0,0
2163,1791019423615000064,1791019423712086676,,0,97.086612,,0,0
2164,1791019423648000000,1791019423745108488,,0,97.108488,,0,0
2165,1791019423680999936,1791019423781529203,,0,100.529267,,0,0
2166,1791019423713999872,1791019423810719917,,0,96.720045,,0,0
2167,1791019423747000064,1791019423844668424,,0,97.668360,,0,0
2168,1791019423780000000,1791019423876665481,,0,96.665481,,0,0
2169,1791019423812999936,1791019423910161118,,0,97.161182,,0,0
2170,1791019423845999872,1791019423943713747,,0,97.713875,,0,0
2171,1791019423879000064,1791019423976450874,,0,97.450810,,0,0
2172,1791019423912000000,1791019424009170959,,0,97.170959,,0,0
2173,1791019423944999936,1791019424042414316,,0,97.414380,,0,0
2174,1791019423977999872,1791019424074926823,,0,96.926951,,0,0
2175,1791019424010999808,1791019424108733964,,0,97.734156,,0,0
2176,1791019424044000000,1791019424141316594,,0,97.316594,,0,0
2177,1791019424076999936,1791019424176546881,,0,99.546945,,0,0
2178,1791019424111000064,1791019424208764087,,0,97.764023,,0,0
2179,1791019424144999936,1791019424241878093,,0,96.878157,,0,0
2180,1791019424176999936,1791019424280905673,,0,103.905737,,0,0
2181,1791019424211000064,1791019424307959152,,0,96.959088,,0,0
2182,1791019424244999936,1791019424342224191,,0,97.224255,,0,0
2183,1791019424278000128,1791019424375133972,,0,97.133844,,0,0
2184,1791019424308000000,1791019424405709837,,0,97.709837,,0,0
2185,1791019424341000192,1791019424438907377,,0,97.907185,,0,0
2186,1791019424374000128,1791019424471802072,,0,97.801944,,0,0
2187,1791019424407000064,1791019424505108009,,0,98.107945,,0,0
2188,1791019424440000000,1791019424541887722,,0,101.887722,,0,0
2190,1791019424506000128,1791019424603302625,,0,97.302497,,0,0
2191,1791019424539000064,1791019424636159604,,0,97.159540,,0,0
2192,1791019424572000000,1791019424668825209,,0,96.825209,,0,0
2193,1791019424604999936,1791019424702002913,,0,97.002977,,0,0
2194,1791019424638000128,1791019424735625944,,0,97.625816,,0,0
2195,1791019424671000064,1791019424767828063,,0,96.827999,,0,0
2196,1791019424704000000,1791019424800342805,,0,96.342805,,0,0
2197,1791019424736999936,1791019424833624158,,0,96.624222,,0,0
2198,1791019424770999808,1791019424868625635,,0,97.625827,,0,0
2199,1791019424803000064,1791019424900745058,,0,97.744994,,0,0
2200,1791019424836999936,1791019424934147940,,0,97.148004,,0,0
2201,1791019424869999872,1791019424967156062,,0,97.156190,,0,0
2202,1791019424903000064,1791019425000001586,,0,97.001522,,0,0
2203,1791019424936999936,1791019425034454924,,0,97.454988,,0,0
2204,1791019424969000192,1791019425067865627,,0,98.865435,,0,0
2205,1791019425002000128,1791019425101500670,,0,99.500542,,0,0
2206,1791019425033999872,1791019425131026635,,0,97.026763,,0,0
2207,1791019425066999808,1791019425163886965,,0,96.887157,,0,0
2208,1791019425100000000,1791019425199387129,,0,99.387129,,0,0
2209,1791019425132999936,1791019425230207448,,0,97.207512,,0,0
2210,1791019425165999872,1791019425262981730,,0,96.981858,,0,0
2211,1791019425198999808,1791019425295755173,,0,96.755365,,0,0
2212,1791019425232000000,1791019425328404015,,0,96.404015,,0,0
2213,1791019425265000192,1791019425361184723,,0,96.184531,,0,0
2214,1791019425298000128,1791019425395028460,,0,97.028332,,0,0
2215,1791019425331000064,1791019425427661936,,0,96.661872,,0,0
2216,1791019425364000000,1791019425464076780,,0,100.076780,,0,0
2217,1791019425397000192,1791019425494742045,,0,97.741853,,0,0
2218,1791019425430000128,1791019425526796931,,0,96.796803,,0,0
2219,1791019425463000064,1791019425559836901,,0,96.836837,,0,0
2220,1791019425499000064,1791019425596560736,,0,97.560672,,0,0
2221,1791019425528999936,1791019425626511633,,0,97.511697,,0,0
2222,1791019425562000128,1791019425660364311,,0,98.364183,,0,0
2223,1791019425596000000,1791019425693578332,,0,97.578332,,0,0
2224,1791019425628999936,1791019425726500963,,0,97.501027,,0,0
2225,1791019425661999872,1791019425759079681,,0,97.079809,,0,0
2226,1791019425696000000,1791019425792946048,,0,96.946048,,0,0
2227,1791019425729000192,1791019425826131573,,0,97.131381,,0,0
2228,1791019425763000064,1791019425859974473,,0,96.974409,,0,0
2229,1791019425792999936,1791019425890099142,,0,97.099206,,0,0
2230,1791019425825999872,1791019425922647129,,0,96.647257,,0,0
2231,1791019425859000064,1791019425956084093,,0,97.084029,,0,0
2232,1791019425892000000,1791019425989370753,,0,97.370753,,0,0
2233,1791019425926000128,1791019426022587847,,0,96.587719,,0,0
2234,1791019425959000064,1791019426056469857,,0,97.469793,,0,0
2235,1791019425992999936,1791019426090478705,,0,97.478769,,0,0
2236,1791019426025000192,1791019426122554264,,0,97.554072,,0,0
2237,1791019426059000064,1791019426156421188,,0,97.421124,,0,0
2239,1791019426122999808,1791019426220239288,,0,97.239480,,0,0
2240,1791019426156000000,1791019426253213603,,0,97.213603,,0,0
2241,1791019426188999936,1791019426287283913,,0,98.283977,,0,0
2242,1791019426221999872,1791019426319632982,,0,97.633110,,0,0
2243,1791019426256000000,1791019426353189239,,0,97.189239,,0,0
2244,1791019426288999936,1791019426386298493,,0,97.298557,,0,0
2246,1791019426354000128,1791019426451266509,,0,97.266381,,0,0
2247,1791019426388999936,1791019426486666375,,0,97.666439,,0,0
2249,1791019426453999872,1791019426553645906,,0,99.646034,,0,0
2250,1791019426488000000,1791019426584914903,,0,96.914903,,0,0
2251,1791019426520999936,1791019426617850384,,0,96.850448,,0,0
2252,1791019426553999872,1791019426651020263,,0,97.020391,,0,0
2253,1791019426588999936,1791019426686653967,,0,97.654031,,0,0
2254,1791019426621999872,1791019426720013264,,0,98.013392,,0,0
2255,1791019426651000064,1791019426747787812,,0,96.787748,,0,0
2256,1791019426684000000,1791019426780964396,,0,96.964396,,0,0
2257,1791019426716999936,1791019426814124496,,0,97.124560,,0,0
2258,1791019426750000128,1791019426847071153,,0,97.071025,,0,0
2259,1791019426783000064,1791019426879930643,,0,96.930579,,0,0
2260,1791019426816000000,1791019426912896577,,0,96.896577,,0,0
2261,1791019426848999936,1791019426944952858,,0,95.952922,,0,0
2262,1791019426881999872,1791019426978360766,,0,96.360894,,0,0
2263,1791019426915000064,1791019427013761749,,0,98.761685,,0,0
2264,1791019426948999936,1791019427047188374,,0,98.188438,,0,0
2265,1791019426980999936,1791019427078490337,,0,97.490401,,0,0
2266,1791019427013999872,1791019427110496608,,0,96.496736,,0,0
2267,1791019427046999808,1791019427143769855,,0,96.770047,,0,0
2268,1791019427080000000,1791019427177099257,,0,97.099257,,0,0
2269,1791019427112999936,1791019427210160736,,0,97.160800,,0,0
2270,1791019427147000064,1791019427243956138,,0,96.956074,,0,0
2271,1791019427180000000,1791019427277673874,,0,97.673874,,0,0
2272,1791019427212999936,1791019427318449232,,0,105.449296,,0,0
2273,1791019427247000064,1791019427343956356,,0,96.956292,,0,0
2274,1791019427280000000,1791019427378328113,,0,98.328113,,0,0
2275,1791019427312999936,1791019427410397245,,0,97.397309,,0,0
2276,1791019427345999872,1791019427444008538,,0,98.008666,,0,0
2277,1791019427380000000,1791019427477412813,,0,97.412813,,0,0
2278,1791019427410000128,1791019427507246369,,0,97.246241,,0,0
2279,1791019427443000064,1791019427540421275,,0,97.421211,,0,0
2280,1791019427476000000,1791019427573057822,,0,97.057822,,0,0
2281,1791019427508999936,1791019427605660843,,0,96.660907,,0,0
2282,1791019427542000128,1791019427639262917,,0,97.262789,,0,0
2283,1791019427575000064,1791019427672177164,,0,97.177100,,0,0
2285,1791019427640999936,1791019427737751146,,0,96.751210,,0,0
2286,1791019427674000128,1791019427770509222,,0,96.509094,,0,0
2287,1791019427707000064,1791019427804528405,,0,97.528341,,0,0
2288,1791019427740000000,1791019427837582061,,0,97.582061,,0,0
2289,1791019427772999936,1791019427869755121,,0,96.755185,,0,0
2290,1791019427805999872,1791019427903755028,,0,97.755156,,0,0
2291,1791019427840000000,1791019427937652403,,0,97.652403,,0,0
2292,1791019427872000000,1791019427969007726,,0,97.007726,,0,0
2293,1791019427904999936,1791019428001723616,,0,96.723680,,0,0
2294,1791019427937999872,1791019428034739555,,0,96.739683,,0,0
2295,1791019427971000064,1791019428068433822,,0,97.433758,,0,0
2296,1791019428005000192,1791019428102169157,,0,97.168965,,0,0
2297,1791019428036999936,1791019428135264439,,0,98.264503,,0,0
2298,1791019428071000064,1791019428168037879,,0,97.037815,,0,0
2299,1791019428104000000,1791019428201390747,,0,97.390747,,0,0
2300,1791019428137000192,1791019428234203579,,0,97.203387,,0,0
2301,1791019428171000064,1791019428268382844,,0,97.382780,,0,0
2302,1791019428203000064,1791019428305715997,,0,102.715933,,0,0
2303,1791019428236999936,1791019428334495463,,0,97.495527,,0,0
2304,1791019428269999872,1791019428368178554,,0,98.178682,,0,0
2305,1791019428304000000,1791019428401350106,,0,97.350106,,0,0
2306,1791019428334000128,1791019428431634297,,0,97.634169,,0,0
2307,1791019428367000064,1791019428463874127,,0,96.874063,,0,0
2308,1791019428400000000,1791019428496713500,,0,96.713500,,0,0
2309,1791019428433000192,1791019428529798725,,0,96.798533,,0,0
2310,1791019428466000128,1791019428562436667,,0,96.436539,,0,0
2311,1791019428499000064,1791019428596950346,,0,97.950282,,0,0
2312,1791019428532000000,1791019428629399988,,0,97.399988,,0,0
2313,1791019428564999936,1791019428662720169,,0,97.720233,,0,0
2314,1791019428598000128,1791019428694752980,,0,96.752852,,0,0
2315,1791019428631000064,1791019428727814179,,0,96.814115,,0,0
2316,1791019428664000000,1791019428761247228,,0,97.247228,,0,0
2317,1791019428696999936,1791019428797271778,,0,100.271842,,0,0
2318,1791019428730000128,1791019428830026500,,0,100.026372,,0,0
2319,1791019428763000064,1791019428860834523,,0,97.834459,,0,0
2320,1791019428796999936,1791019428895307134,,0,98.307198,,0,0
2321,1791019428829999872,1791019428927479913,,0,97.480041,,0,0
2322,1791019428862999808,1791019428960508424,,0,97.508616,,0,0
2323,1791019428897000192,1791019428994033109,,0,97.032917,,0,0
2324,1791019428930000128,1791019429028798506,,0,98.798378,,0,0
2325,1791019428964000000,1791019429062476847,,0,98.476847,,0,0
2326,1791019428996999936,1791019429094470824,,0,97.470888,,0,0
2327,1791019429027000064,1791019429124355783,,0,97.355719,,0,0
2328,1791019429060000000,1791019429158402622,,0,98.402622,,0,0
2329,1791019429094000128,1791019429194772202,,0,100.772074,,0,0
2330,1791019429127000064,1791019429224938774,,0,97.938710,,0,0
2331,1791019429160999936,1791019429258665726,,0,97.665790,,0,0
2332,1791019429193000192,1791019429291155597,,0,98.155405,,0,0
2333,1791019429228000000,1791019429325819580,,0,97.819580,,0,0
2334,1791019429260000000,1791019429358900054,,0,98.900054,,0,0
2336,1791019429324000000,1791019429421129329,,0,97.129329,,0,0
2337,1791019429357000192,1791019429454348933,,0,97.348741,,0,0
2338,1791019429390000128,1791019429486802206,,0,96.802078,,0,0
2339,1791019429423000064,1791019429520172953,,0,97.172889,,0,0
2340,1791019429456000000,1791019429553086359,,0,97.086359,,0,0
2341,1791019429489000192,1791019429587213938,,0,98.213746,,0,0
2342,1791019429522000128,1791019429618912055,,0,96.911927,,0,0
2343,1791019429555000064,1791019429652967555,,0,97.967491,,0,0
2344,1791019429588000000,1791019429686066747,,0,98.066747,,0,0
2345,1791019429620999936,1791019429718602715,,0,97.602779,,0,0
2346,1791019429654000128,1791019429752291672,,0,98.291544,,0,0
2347,1791019429688000000,1791019429785490602,,0,97.490602,,0,0
2348,1791019429720000000,1791019429818578899,,0,98.578899,,0,0
2349,1791019429753999872,1791019429852204717,,0,98.204845,,0,0
2350,1791019429788000000,1791019429886742980,,0,98.742980,,0,0
2351,1791019429820000000,1791019429918071760,,0,98.071760,,0,0
2352,1791019429854000128,1791019429951820224,,0,97.820096,,0,0
2353,1791019429884999936,1791019429983047870,,0,98.047934,,0,0
2354,1791019429920000000,1791019430018783263,,0,98.783263,,0,0
2355,1791019429951000064,1791019430047913904,,0,96.913840,,0,0
2356,1791019429984000000,1791019430081348347,,0,97.348347,,0,0
2357,1791019430016999936,1791019430114999028,,0,97.999092,,0,0
2358,1791019430049999872,1791019430146967022,,0,96.967150,,0,0
2359,1791019430083000064,1791019430179910320,,0,96.910256,,0,0
2360,1791019430116000000,1791019430213492834,,0,97.492834,,0,0
2361,1791019430148999936,1791019430246383051,,0,97.383115,,0,0
2362,1791019430181999872,1791019430281117994,,0,99.118122,,0,0
2363,1791019430214999808,1791019430312780908,,0,97.781100,,0,0
2364,1791019430248000000,1791019430345093652,,0,97.093652,,0,0
2365,1791019430280999936,1791019430378701589,,0,97.701653,,0,0
2366,1791019430313999872,1791019430411186430,,0,97.186558,,0,0
2367,1791019430346999808,1791019430445110062,,0,98.110254,,0,0
2368,1791019430380000000,1791019430477374196,,0,97.374196,,0,0
2369,1791019430413000192,1791019430510777349,,0,97.777157,,0,0
2370,1791019430446000128,1791019430543805578,,0,97.805450,,0,0
2371,1791019430480000000,1791019430578807047,,0,98.807047,,0,0
2372,1791019430512999936,1791019430611049389,,0,98.049453,,0,0
2373,1791019430546000128,1791019430643900493,,0,97.900365,,0,0
2374,1791019430578000128,1791019430676066565,,0,98.066437,,0,0
2375,1791019430612999936,1791019430709877888,,0,96.877952,,0,0
2376,1791019430645999872,1791019430743861307,,0,97.861435,,0,0
2377,1791019430677999872,1791019430776356205,,0,98.356333,,0,0
2378,1791019430712000000,1791019430810080921,,0,98.080921,,0,0
2379,1791019430746000128,1791019430843411716,,0,97.411588,,0,0
2380,1791019430778000128,1791019430876141571,,0,98.141443,,0,0
2381,1791019430808999936,1791019430906859631,,0,97.859695,,0,0
2382,1791019430842000128,1791019430939640891,,0,97.640763,,0,0
2383,1791019430878000128,1791019430975502003,,0,97.501875,,0,0
2384,1791019430908000000,1791019431006614824,,0,98.614824,,0,0
2386,1791019430973999872,1791019431071927019,,0,97.927147,,0,0
2387,1791019431007000064,1791019431104962231,,0,97.962167,,0,0
2388,1791019431040000000,1791019431137548485,,0,97.548485,,0,0
2389,1791019431072999936,1791019431170490106,,0,97.490170,,0,0
2390,1791019431105999872,1791019431203222753,,0,97.222881,,0,0
2391,1791019431139000064,1791019431236805265,,0,97.805201,,0,0
2392,1791019431172000000,1791019431268995362,,0,96.995362,,0,0
2393,1791019431204999936,1791019431301722980,,0,96.723044,,0,0
2394,1791019431239000064,1791019431335743835,,0,96.743771,,0,0
2395,1791019431270999808,1791019431368441839,,0,97.442031,,0,0
2396,1791019431304000000,1791019431402348149,,0,98.348149,,0,0
2397,1791019431338000128,1791019431435789296,,0,97.789168,,0,0
2398,1791019431371000064,1791019431468267989,,0,97.267925,,0,0
2399,1791019431404000000,1791019431505922142,,0,101.922142,,0,0
2400,1791019431437999872,1791019431535517664,,0,97.517792,,0,0
2401,1791019431471000064,1791019431568448110,,0,97.448046,,0,0
2402,1791019431504000000,1791019431601724146,,0,97.724146,,0,0
2403,1791019431536999936,1791019431635021693,,0,98.021757,,0,0
2404,1791019431568000000,1791019431665892013,,0,97.892013,,0,0
2405,1791019431601000192,1791019431698684726,,0,97.684534,,0,0
2406,1791019431634000128,1791019431731182417,,0,97.182289,,0,0
2407,1791019431667000064,1791019431764396151,,0,97.396087,,0,0
2408,1791019431700000000,1791019431797643970,,0,97.643970,,0,0
2409,1791019431732999936,1791019431830220445,,0,97.220509,,0,0
2410,1791019431767000064,1791019431870845213,,0,103.845149,,0,0
2411,1791019431799000064,1791019431895989701,,0,96.989637,,0,0
2412,1791019431832999936,1791019431929937918,,0,96.937982,,0,0
2413,1791019431867000064,1791019431964949443,,0,97.949379,,0,0
2414,1791019431900000000,1791019431996767130,,0,96.767130,,0,0
2415,1791019431934000128,1791019432031100048,,0,97.099920,,0,0
2416,1791019431966000128,1791019432062692835,,0,96.692707,,0,0
2417,1791019431999000064,1791019432096826557,,0,97.826493,,0,0
2418,1791019432033999872,1791019432131463436,,0,97.463564,,0,0
2419,1791019432064000000,1791019432161689511,,0,97.689511,,0,0
2420,1791019432096000000,1791019432195688573,,0,99.688573,,0,0
2421,1791019432131000064,1791019432229473353,,0,98.473289,,0,0
2422,1791019432164000000,1791019432261943105,,0,97.943105,,0,0
2423,1791019432196999936,1791019432295035867,,0,98.035931,,0,0
2424,1791019432231000064,1791019432331013198,,0,100.013134,,0,0
2425,1791019432264000000,1791019432361281459,,0,97.281459,,0,0
2426,1791019432298000128,1791019432395107028,,0,97.106900,,0,0
2427,1791019432331000064,1791019432428485593,,0,97.485529,,0,0
2429,1791019432394000128,1791019432490704245,,0,96.704117,,0,0
2430,1791019432427000064,1791019432524172769,,0,97.172705,,0,0
2431,1791019432460000000,1791019432556827748,,0,96.827748,,0,0
2432,1791019432492000000,1791019432589610961,,0,97.610961,,0,0
2433,1791019432525000192,1791019432622128207,,0,97.128015,,0,0
2434,1791019432558000128,1791019432654871190,,0,96.871062,,0,0
2435,1791019432591000064,1791019432688000831,,0,97.000767,,0,0
2436,1791019432624000000,1791019432721484442,,0,97.484442,,0,0
2437,1791019432657000192,1791019432753825122,,0,96.824930,,0,0
2438,1791019432690000128,1791019432788793901,,0,98.793773,,0,0
2439,1791019432723000064,1791019432819875987,,0,96.875923,,0,0
2440,1791019432756000000,1791019432852827665,,0,96.827665,,0,0
2441,1791019432788999936,1791019432886268252,,0,97.268316,,0,0
2442,1791019432822000128,1791019432918777396,,0,96.777268,,0,0
2443,1791019432855000064,1791019432951965426,,0,96.965362,,0,0
2444,1791019432888000000,1791019432984717629,,0,96.717629,,0,0
2445,1791019432920999936,1791019433018798547,,0,97.798611,,0,0
2446,1791019432953999872,1791019433051816994,,0,97.817122,,0,0
2447,1791019432987000064,1791019433085312617,,0,98.312553,,0,0
2448,1791019433020999936,1791019433118987600,,0,97.987664,,0,0
2449,1791019433053999872,1791019433150717281,,0,96.717409,,0,0
2450,1791019433086999808,1791019433184452331,,0,97.452523,,0,0
2451,1791019433120000000,1791019433220188836,,0,100.188836,,0,0
2452,1791019433153000192,1791019433251588573,,0,98.588381,,0,0
2453,1791019433186000128,1791019433284018373,,0,98.018245,,0,0
2454,1791019433219000064,1791019433317025925,,0,98.025861,,0,0
2455,1791019433252999936,1791019433350304472,,0,97.304536,,0,0
2456,1791019433286000128,1791019433384160212,,0,98.160084,,0,0
2457,1791019433320000000,1791019433417142060,,0,97.142060,,0,0
2458,1791019433349999872,1791019433449108933,,0,99.109061,,0,0
2459,1791019433382999808,1791019433480001880,,0,97.002072,,0,0
2460,1791019433416000000,1791019433515160355,,0,99.160355,,0,0
2461,1791019433448999936,1791019433547533441,,0,98.533505,,0,0
2462,1791019433482000128,1791019433579609550,,0,97.609422,,0,0
2463,1791019433515000064,1791019433611961683,,0,96.961619,,0,0
2464,1791019433548000000,1791019433644681196,,0,96.681196,,0,0
2465,1791019433581000192,1791019433679179503,,0,98.179311,,0,0
2466,1791019433614000128,1791019433711759608,,0,97.759480,,0,0
2467,1791019433647000064,1791019433744544217,,0,97.544153,,0,0
2468,1791019433680000000,1791019433777415432,,0,97.415432,,0,0
2469,1791019433712999936,1791019433809738790,,0,96.738854,,0,0
2470,1791019433746000128,1791019433842363315,,0,96.363187,,0,0
2471,1791019433779000064,1791019433876173517,,0,97.173453,,0,0
2472,1791019433812000000,1791019433909222695,,0,97.222695,,0,0
2474,1791019433878000128,1791019433975367709,,0,97.367581,,0,0
2475,1791019433911000064,1791019434009184056,,0,98.183992,,0,0
2476,1791019433944999936,1791019434042254466,,0,97.254530,,0,0
2477,1791019433977999872,1791019434075725782,,0,97.725910,,0,0
2478,1791019434010999808,1791019434108678854,,0,97.679046,,0,0
2479,1791019434044000000,1791019434141572697,,0,97.572697,,0,0
2480,1791019434078000128,1791019434175217227,,0,97.217099,,0,0
2481,1791019434109999872,1791019434208227292,,0,98.227420,,0,0
2482,1791019434144000000,1791019434242748227,,0,98.748227,,0,0
2483,1791019434177999872,1791019434275536187,,0,97.536315,,0,0
2484,1791019434210000128,1791019434307860660,,0,97.860532,,0,0
2485,1791019434244000000,1791019434342845361,,0,98.845361,,0,0
2486,1791019434273999872,1791019434371201285,,0,97.201413,,0,0
2487,1791019434306999808,1791019434404057972,,0,97.058164,,0,0
2488,1791019434340000000,1791019434437219179,,0,97.219179,,0,0
2489,1791019434372999936,1791019434470922098,,0,97.922162,,0,0
2490,1791019434405999872,1791019434505680504,,0,99.680632,,0,0
2491,1791019434438999808,1791019434536009109,,0,97.009301,,0,0
2492,1791019434472000000,1791019434569000176,,0,97.000176,,0,0
2493,1791019434505000192,1791019434602070306,,0,97.070114,,0,0
2494,1791019434538000128,1791019434635237660,,0,97.237532,,0,0
2495,1791019434571000064,1791019434667575823,,0,96.575759,,0,0
2496,1791019434604000000,1791019434701875212,,0,97.875212,,0,0
2497,1791019434637000192,1791019434734815153,,0,97.814961,,0,0
2498,1791019434671000064,1791019434768469182,,0,97.469118,,0,0
2499,1791019434704999936,1791019434801998329,,0,96.998393,,0,0
2500,1791019434736999936,1791019434834306319,,0,97.306383,,0,0
2501,1791019434769999872,1791019434867481775,,0,97.481903,,0,0
2502,1791019434803000064,1791019434900528158,,0,97.528094,,0,0
2503,1791019434836000000,1791019434933819835,,0,97.819835,,0,0
2504,1791019434869999872,1791019434967092514,,0,97.092642,,0,0
2505,1791019434900999936,1791019434998077375,,0,97.077439,,0,0
2506,1791019434934000128,1791019435031015638,,0,97.015510,,0,0
2507,1791019434968000000,1791019435066077446,,0,98.077446,,0,0
2508,1791019435000999936,1791019435098675707,,0,97.675771,,0,0
2509,1791019435033999872,1791019435131735220,,0,97.735348,,0,0
2510,1791019435066999808,1791019435164840831,,0,97.841023,,0,0
2511,1791019435099000064,1791019435196598447,,0,97.598383,,0,0
2512,1791019435134000128,1791019435232088819,,0,98.088691,,0,0
2513,1791019435167000064,1791019435264419158,,0,97.419094,,0,0
2514,1791019435200999936,1791019435299206338,,0,98.206402,,0,0
2515,1791019435233999872,1791019435331264564,,0,97.264692,,0,0
2516,1791019435264000000,1791019435362722409,,0,98.722409,,0,0
2517,1791019435296999936,1791019435394247025,,0,97.247089,,0,0
2519,1791019435364000000,1791019435460763046,,0,96.763046,,0,0
2521,1791019435430000128,1791019435527531903,,0,97.531775,,0,0
2522,1791019435463000064,1791019435562299806,,0,99.299742,,0,0
2523,1791019435496999936,1791019435594446594,,0,97.446658,,0,0
2524,1791019435530999808,1791019435628030219,,0,97.030411,,0,0
2525,1791019435564000000,1791019435662400568,,0,98.400568,,0,0
2526,1791019435596999936,1791019435694875066,,0,97.875130,,0,0
2527,1791019435631000064,1791019435728131819,,0,97.131755,,0,0
2528,1791019435664000000,1791019435762326999,,0,98.326999,,0,0
2529,1791019435696999936,1791019435794027902,,0,97.027966,,0,0
2530,1791019435726000128,1791019435824324098,,0,98.323970,,0,0
2531,1791019435759000064,1791019435857932028,,0,98.931964,,0,0
2532,1791019435792000000,1791019435888792844,,0,96.792844,,0,0
2533,1791019435824999936,1791019435922084799,,0,97.084863,,0,0
2534,1791019435858000128,1791019435955376195,,0,97.376067,,0,0
2535,1791019435891000064,1791019435987865499,,0,96.865435,,0,0
2536,1791019435924000000,1791019436022091969,,0,98.091969,,0,0
2537,1791019435956999936,1791019436055670843,,0,98.670907,,0,0
2538,1791019435990000128,1791019436087203001,,0,97.202873,,0,0
2539,1791019436023000064,1791019436121076337,,0,98.076273,,0,0
2540,1791019436056000000,1791019436153445509,,0,97.445509,,0,0
2541,1791019436088999936,1791019436188176812,,0,99.176876,,0,0
2542,1791019436121999872,1791019436221397524,,0,99.397652,,0,0
2543,1791019436155000064,1791019436252162513,,0,97.162449,,0,0
2544,1791019436188000000,1791019436285639973,,0,97.639973,,0,0
2545,1791019436220999936,1791019436318963216,,0,97.963280,,0,0
2546,1791019436253999872,1791019436351955678,,0,97.955806,,0,0
2547,1791019436288000000,1791019436385091180,,0,97.091180,,0,0
2548,1791019436321000192,1791019436418894672,,0,97.894480,,0,0
2549,1791019436355000064,1791019436451930996,,0,96.930932,,0,0
2550,1791019436388000000,1791019436487015711,,0,99.015711,,0,0
2551,1791019436420999936,1791019436518929498,,0,97.929562,,0,0
2552,1791019436452000000,1791019436548943801,,0,96.943801,,0,0
2553,1791019436487000064,1791019436586334773,,0,99.334709,,0,0
2554,1791019436520999936,1791019436618935268,,0,97.935332,,0,0
2555,1791019436553999872,1791019436651868222,,0,97.868350,,0,0
2556,1791019436584000000,1791019436681358973,,0,97.358973,,0,0
2557,1791019436617000192,1791019436714690598,,0,97.690406,,0,0
2558,1791019436650000128,1791019436747483863,,0,97.483735,,0,0
2559,1791019436683000064,1791019436779854152,,0,96.854088,,0,0
2560,1791019436716000000,1791019436813022341,,0,97.022341,,0,0
2561,1791019436749000192,1791019436846876681,,0,97.876489,,0,0
2562,1791019436782000128,1791019436879051964,,0,97.051836,,0,0
2563,1791019436815000064,1791019436912071525,,0,97.071461,,0,0
2564,1791019436848000000,1791019436945717170,,0,97.717170,,0,0
2565,1791019436880999936,1791019436977839372,,0,96.839436,,0,0
2566,1791019436914000128,1791019437011723604,,0,97.723476,,0,0
2567,1791019436947000064,1791019437045559503,,0,98.559439,,0,0
2568,1791019436980000000,1791019437077955493,,0,97.955493,,0,0
2569,1791019437012999936,1791019437110921692,,0,97.921756,,0,0
2571,1791019437080000000,1791019437177377082,,0,97.377082,,0,0
2572,1791019437112999936,1791019437210658977,,0,97.659041,,0,0
2574,1791019437180000000,1791019437277413860,,0,97.413860,,0,0
2575,1791019437212999936,1791019437310793816,,0,97.793880,,0,0
2576,1791019437246000128,1791019437343368886,,0,97.368758,,0,0
2577,1791019437280000000,1791019437377343915,,0,97.343915,,0,0
2578,1791019437309999872,1791019437407972567,,0,97.972695,,0,0
2579,1791019437345999872,1791019437444433771,,0,98.433899,,0,0
2580,1791019437376000000,1791019437473212947,,0,97.212947,,0,0
2581,1791019437408999936,1791019437507464559,,0,98.464623,,0,0
2582,1791019437441999872,1791019437539296487,,0,97.296615,,0,0
2583,1791019437474999808,1791019437572457412,,0,97.457604,,0,0
2584,1791019437508000000,1791019437605133617,,0,97.133617,,0,0
2585,1791019437540999936,1791019437638261575,,0,97.261639,,0,0
2586,1791019437573999872,1791019437672793402,,0,98.793530,,0,0
2587,1791019437607000064,1791019437704494023,,0,97.493959,,0,0
2588,1791019437640000000,1791019437737504642,,0,97.504642,,0,0
2589,1791019437673000192,1791019437772023897,,0,99.023705,,0,0
2590,1791019437706000128,1791019437802782459,,0,96.782331,,0,0
2591,1791019437739000064,1791019437838738270,,0,99.738206,,0,0
2592,1791019437772000000,1791019437869202928,,0,97.202928,,0,0
2593,1791019437805000192,1791019437902677872,,0,97.677680,,0,0
2594,1791019437838000128,1791019437935839634,,0,97.839506,,0,0
2595,1791019437872000000,1791019437973510261,,0,101.510261,,0,0
2596,1791019437904000000,1791019438002120414,,0,98.120414,,0,0
2597,1791019437937999872,1791019438040142216,,0,102.142344,,0,0
2598,1791019437971000064,1791019438068660733,,0,97.660669,,0,0
2599,1791019438005000192,1791019438103838757,,0,98.838565,,0,0
2600,1791019438036999936,1791019438135073935,,0,98.073999,,0,0
2601,1791019438072000000,1791019438168857869,,0,96.857869,,0,0
2602,1791019438101999872,1791019438202755229,,0,100.755357,,0,0
2603,1791019438137000192,1791019438235209608,,0,98.209416,,0,0
2604,1791019438168000000,1791019438265049578,,0,97.049578,,0,0
2605,1791019438200999936,1791019438299305938,,0,98.306002,,0,0
2606,1791019438233999872,1791019438331764787,,0,97.764915,,0,0
2607,1791019438267000064,1791019438365046400,,0,98.046336,,0,0
2608,1791019438301000192,1791019438398180503,,0,97.180311,,0,0
2609,1791019438335000064,1791019438432650028,,0,97.649964,,0,0
2610,1791019438368000000,1791019438465403619,,0,97.403619,,0,0
2611,1791019438400999936,1791019438498045739,,0,97.045803,,0,0
2612,1791019438434000128,1791019438531382670,,0,97.382542,,0,0
2613,1791019438467000064,1791019438565085584,,0,98.085520,,0,0
2614,1791019438497999872,1791019438595713117,,0,97.713245,,0,0
2615,1791019438530999808,1791019438629505711,,0,98.505903,,0,0
2616,1791019438564000000,1791019438661349093,,0,97.349093,,0,0
2617,1791019438596999936,1791019438694749442,,0,97.749506,,0,0
2618,1791019438630000128,1791019438727475654,,0,97.475526,,0,0
2620,1791019438696000000,1791019438793240702,,0,97.240702,,0,0
2621,1791019438729000192,1791019438826559752,,0,97.559560,,0,0
2623,1791019438795000064,1791019438893039446,,0,98.039382,,0,0
2624,1791019438828999936,1791019438926820586,,0,97.820650,,0,0
2625,1791019438861999872,1791019438959774770,,0,97.774898,,0,0
2626,1791019438896000000,1791019438993718228,,0,97.718228,,0,0
2627,1791019438928999936,1791019439026790588,,0,97.790652,,0,0
2628,1791019438961999872,1791019439059982800,,0,97.982928,,0,0
2629,1791019438994999808,1791019439092957377,,0,97.957569,,0,0
2630,1791019439028000000,1791019439126684596,,0,98.684596,,0,0
2631,1791019439059000064,1791019439157141708,,0,98.141644,,0,0
2632,1791019439092000000,1791019439191834732,,0,99.834732,,0,0
2633,1791019439124999936,1791019439222161096,,0,97.161160,,0,0
2634,1791019439157999872,1791019439255485732,,0,97.485860,,0,0
2635,1791019439191000064,1791019439288291007,,0,97.290943,,0,0
2636,1791019439224000000,1791019439321027556,,0,97.027556,,0,0
2637,1791019439256999936,1791019439355176633,,0,98.176697,,0,0
2638,1791019439289999872,1791019439387054377,,0,97.054505,,0,0
2639,1791019439323000064,1791019439420357222,,0,97.357158,,0,0
2640,1791019439356000000,1791019439454448469,,0,98.448469,,0,0
2641,1791019439388999936,1791019439485784222,,0,96.784286,,0,0
2642,1791019439421999872,1791019439519179820,,0,97.179948,,0,0
2643,1791019439454999808,1791019439552163896,,0,97.164088,,0,0
2644,1791019439488000000,1791019439587124564,,0,99.124564,,0,0
2645,1791019439520999936,1791019439618991691,,0,97.991755,,0,0
2646,1791019439553999872,1791019439652320798,,0,98.320926,,0,0
2647,1791019439588000000,1791019439685714999,,0,97.714999,,0,0
2648,1791019439620999936,1791019439719289399,,0,98.289463,,0,0
2649,1791019439654000128,1791019439751872290,,0,97.872162,,0,0
2650,1791019439687000064,1791019439784999127,,0,97.999063,,0,0
2651,1791019439720000000,1791019439818184355,,0,98.184355,,0,0
2652,1791019439753999872,1791019439851768533,,0,97.768661,,0,0
2653,1791019439788000000,1791019439885484018,,0,97.484018,,0,0
2654,1791019439820000000,1791019439918504133,,0,98.504133,,0,0
2655,1791019439851000064,1791019439948461440,,0,97.461376,,0,0
2656,1791019439884000000,1791019439981818484,,0,97.818484,,0,0
2657,1791019439916999936,1791019440015097861,,0,98.097925,,0,0
2658,1791019439950000128,1791019440047674884,,0,97.674756,,0,0
2659,1791019439983000064,1791019440080668458,,0,97.668394,,0,0
2660,1791019440016000000,1791019440113559221,,0,97.559221,,0,0
2661,1791019440048999936,1791019440146908441,,0,97.908505,,0,0
2662,1791019440082000128,1791019440179952862,,0,97.952734,,0,0
2663,1791019440115000064,1791019440215202404,,0,100.202340,,0,0
2664,1791019440148000000,1791019440246030527,,0,98.030527,,0,0
2666,1791019440213999872,1791019440310395612,,0,96.395740,,0,0
2668,1791019440280000000,1791019440376983699,,0,96.983699,,0,0
2669,1791019440312999936,1791019440411435620,,0,98.435684,,0,0
2670,1791019440346999808,1791019440444816131,,0,97.816323,,0,0
2671,1791019440380000000,1791019440478166190,,0,98.166190,,0,0
2672,1791019440414000128,1791019440511575476,,0,97.575348,,0,0
2673,1791019440446000128,1791019440543272182,,0,97.272054,,0,0
2674,1791019440479000064,1791019440577201389,,0,98.201325,,0,0
2675,1791019440512999936,1791019440610232120,,0,97.232184,,0,0
2676,1791019440546000128,1791019440643914637,,0,97.914509,,0,0
2677,1791019440579000064,1791019440676953191,,0,97.953127,,0,0
2678,1791019440612000000,1791019440709837528,,0,97.837528,,0,0
2679,1791019440644000000,1791019440741981517,,0,97.981517,,0,0
2680,1791019440680000000,1791019440777903240,,0,97.903240,,0,0
2681,1791019440712000000,1791019440809115506,,0,97.115506,,0,0
2682,1791019440742000128,1791019440839927426,,0,97.927298,,0,0
2683,1791019440775000064,1791019440871906861,,0,96.906797,,0,0
2684,1791019440808000000,1791019440905018891,,0,97.018891,,0,0
2685,1791019440841000192,1791019440940267874,,0,99.267682,,0,0
2686,1791019440874000128,1791019440971564792,,0,97.564664,,0,0
2687,1791019440907000064,1791019441003907138,,0,96.907074,,0,0
2688,1791019440940000000,1791019441036885065,,0,96.885065,,0,0
2689,1791019440972999936,1791019441070439627,,0,97.439691,,0,0
2690,1791019441007000064,1791019441104573057,,0,97.572993,,0,0
2691,1791019441040000000,1791019441138187684,,0,98.187684,,0,0
2692,1791019441073999872,1791019441171803149,,0,97.803277,,0,0
2693,1791019441108000000,1791019441206146950,,0,98.146950,,0,0
2694,1791019441139000064,1791019441238806109,,0,99.806045,,0,0
2695,1791019441173000192,1791019441271821472,,0,98.821280,,0,0
2696,1791019441206000128,1791019441311160532,,0,105.160404,,0,0
2697,1791019441240999936,1791019441340949652,,0,99.949716,,0,0
2698,1791019441269999872,1791019441368378036,,0,98.378164,,0,0
2699,1791019441303000064,1791019441401668586,,0,98.668522,,0,0
2700,1791019441336000000,1791019441434291705,,0,98.291705,,0,0
2701,1791019441371000064,1791019441469442905,,0,98.442841,,0,0
2702,1791019441403000064,1791019441500439212,,0,97.439148,,0,0
2703,1791019441436999936,1791019441534917114,,0,97.917178,,0,0
2704,1791019441469000192,1791019441567313379,,0,98.313187,,0,0
2705,1791019441507000064,1791019441604698756,,0,97.698692,,0,0
2706,1791019441536999936,1791019441635010310,,0,98.010374,,0,0
2707,1791019441568000000,1791019441665793173,,0,97.793173,,0,0
2708,1791019441600000000,1791019441697373378,,0,97.373378,,0,0
2709,1791019441634000128,1791019441731729472,,0,97.729344,,0,0
2710,1791019441665999872,1791019441763307162,,0,97.307290,,0,0
2711,1791019441700000000,1791019441797715778,,0,97.715778,,0,0
2712,1791019441733999872,1791019441831786908,,0,97.787036,,0,0
2713,1791019441765000192,1791019441862338726,,0,97.338534,,0,0
2715,1791019441831000064,1791019441928003191,,0,97.003127,,0,0
2716,1791019441864000000,1791019441960677435,,0,96.677435,,0,0
2717,1791019441897000192,1791019441994913117,,0,97.912925,,0,0
2718,1791019441930000128,1791019442027106553,,0,97.106425,,0,0
2719,1791019441963000064,1791019442059809852,,0,96.809788,,0,0
2720,1791019441996000000,1791019442092745313,,0,96.745313,,0,0
2721,1791019442028999936,1791019442126549356,,0,97.549420,,0,0
2722,1791019442063000064,1791019442160599810,,0,97.599746,,0,0
2723,1791019442096000000,1791019442193598969,,0,97.598969,,0,0
2724,1791019442128999936,1791019442226652606,,0,97.652670,,0,0
2725,1791019442161999872,1791019442263680938,,0,101.681066,,0,0
2726,1791019442194999808,1791019442297502023,,0,102.502215,,0,0
2727,1791019442229000192,1791019442327004501,,0,98.004309,,0,0
2728,1791019442262000128,1791019442360131615,,0,98.131487,,0,0
2729,1791019442295000064,1791019442392939400,,0,97.939336,,0,0
2730,1791019442325999872,1791019442423166302,,0,97.166430,,0,0
2731,1791019442359000064,1791019442457057790,,0,98.057726,,0,0
2732,1791019442392000000,1791019442489659396,,0,97.659396,,0,0
2733,1791019442424999936,1791019442523928602,,0,98.928666,,0,0
2734,1791019442457999872,1791019442555088623,,0,97.088751,,0,0
2735,1791019442491000064,1791019442588525844,,0,97.525780,,0,0
2736,1791019442524000000,1791019442621111525,,0,97.111525,,0,0
2737,1791019442556999936,1791019442654320496,,0,97.320560,,0,0
2738,1791019442589999872,1791019442688497787,,0,98.497915,,0,0
2739,1791019442622999808,1791019442720575840,,0,97.576032,,0,0
2740,1791019442656000000,1791019442753374686,,0,97.374686,,0,0
2741,1791019442688999936,1791019442786421618,,0,97.421682,,0,0
2742,1791019442721999872,1791019442820575441,,0,98.575569,,0,0
2743,1791019442755000064,1791019442853720155,,0,98.720091,,0,0
2744,1791019442788000000,1791019442885779211,,0,97.779211,,0,0
2745,1791019442822000128,1791019442920046740,,0,98.046612,,0,0
2746,1791019442854000128,1791019442952794181,,0,98.794053,,0,0
2747,1791019442887000064,1791019442984746235,,0,97.746171,,0,0
2748,1791019442920999936,1791019443019031365,,0,98.031429,,0,0
2749,1791019442953999872,1791019443052278888,,0,98.279016,,0,0
2750,1791019442988000000,1791019443085806906,,0,97.806906,,0,0
2751,1791019443020999936,1791019443119449468,,0,98.449532,,0,0
2752,1791019443053999872,1791019443151967818,,0,97.967946,,0,0
2753,1791019443088000000,1791019443185581046,,0,97.581046,,0,0
2754,1791019443118000128,1791019443215651775,,0,97.651647,,0,0
2755,1791019443151000064,1791019443248469058,,0,97.468994,,0,0
2756,1791019443184000000,1791019443281468495,,0,97.468495,,0,0
2757,1791019443216999936,1791019443314997351,,0,97.997415,,0,0
2759,1791019443283000064,1791019443380958509,,0,97.958445,,0,0
2760,1791019443316000000,1791019443413764337,,0,97.764337,,0,0
2761,1791019443348999936,1791019443446732484,,0,97.732548,,0,0
2762,1791019443381999872,1791019443479741978,,0,97.742106,,0,0
2763,1791019443415000064,1791019443512545851,,0,97.545787,,0,0
2764,1791019443448000000,1791019443545166733,,0,97.166733,,0,0
2765,1791019443480999936,1791019443578802031,,0,97.802095,,0,0
2766,1791019443513999872,1791019443611784985,,0,97.785113,,0,0
2767,1791019443546999808,1791019443643674737,,0,96.674929,,0,0
2768,1791019443580000000,1791019443676996016,,0,96.996016,,0,0
2769,1791019443615000064,1791019443713949753,,0,98.949689,,0,0
2770,1791019443645999872,1791019443744299300,,0,98.299428,,0,0
2771,1791019443680000000,1791019443777049812,,0,97.049812,,0,0
2772,1791019443712999936,1791019443811390817,,0,98.390881,,0,0
2773,1791019443747000064,1791019443845923474,,0,98.923410,,0,0
2774,1791019443779000064,1791019443876810542,,0,97.810478,,0,0
2775,1791019443812999936,1791019443910464559,,0,97.464623,,0,0
2776,1791019443845999872,1791019443943765164,,0,97.765292,,0,0
2777,1791019443879000064,1791019443976619045,,0,97.618981,,0,0
2778,1791019443913000192,1791019444012269209,,0,99.269017,,0,0
2779,1791019443946000128,1791019444044088837,,0,98.088709,,0,0
2780,1791019443976000000,1791019444079530026,,0,103.530026,,0,0
2781,1791019444008999936,1791019444106331207,,0,97.331271,,0,0
2782,1791019444042000128,1791019444140634494,,0,98.634366,,0,0
2783,1791019444076000000,1791019444174298567,,0,98.298567,,0,0
2784,1791019444108000000,1791019444208849382,,0,100.849382,,0,0
2785,1791019444142999808,1791019444241620567,,0,98.620759,,0,0
2786,1791019444176000000,1791019444274044766,,0,98.044766,,0,0
2787,1791019444209000192,1791019444306443262,,0,97.443070,,0,0
2788,1791019444243000064,1791019444340151476,,0,97.151412,,0,0
2789,1791019444276000000,1791019444374247466,,0,98.247466,,0,0
2790,1791019444308999936,1791019444406238072,,0,97.238136,,0,0
2791,1791019444340000000,1791019444438141512,,0,98.141512,,0,0
2792,1791019444374000128,1791019444471749430,,0,97.749302,,0,0
2793,1791019444405999872,1791019444504756688,,0,98.756816,,0,0
2794,1791019444440999936,1791019444538789539,,0,97.789603,,0,0
2795,1791019444472999936,1791019444571378290,,0,98.378354,,0,0
2796,1791019444507000064,1791019444605292685,,0,98.292621,,0,0
2797,1791019444539000064,1791019444636870372,,0,97.870308,,0,0
2798,1791019444571000064,1791019444669237019,,0,98.236955,,0,0
2799,1791019444602999808,1791019444701290205,,0,98.290397,,0,0
2800,1791019444636000000,1791019444733779778,,0,97.779778,,0,0
2801,1791019444668999936,1791019444766873643,,0,97.873707,,0,0
2802,1791019444704999936,1791019444802747866,,0,97.747930,,0,0
2803,1791019444734999808,1791019444833697793,,0,98.697985,,0,0
2804,1791019444768000000,1791019444865360131,,0,97.360131,,0,0
2805,1791019444804000000,1791019444901696723,,0,97.696723,,0,0
2806,1791019444834000128,1791019444931355370,,0,97.355242,,0,0
2807,1791019444867000064,1791019444965248253,,0,98.248189,,0,0
2808,1791019444900000000,1791019444998465603,,0,98.465603,,0,0
2809,1791019444933000192,1791019445031172809,,0,98.172617,,0,0
2811,1791019444999000064,1791019445097024446,,0,98.024382,,0,0
2812,1791019445032000000,1791019445131202013,,0,99.202013,,0,0
2813,1791019445064999936,1791019445162851498,,0,97.851562,,0,0
2814,1791019445098000128,1791019445195939215,,0,97.939087,,0,0
2815,1791019445131000064,1791019445228544170,,0,97.544106,,0,0
2816,1791019445164000000,1791019445262127501,,0,98.127501,,0,0
2817,1791019445196999936,1791019445293944334,,0,96.944398,,0,0
2818,1791019445230000128,1791019445328017972,,0,98.017844,,0,0
2819,1791019445263000064,1791019445360817093,,0,97.817029,,0,0
2820,1791019445296000000,1791019445394092272,,0,98.092272,,0,0
2821,1791019445328999936,1791019445427221896,,0,98.221960,,0,0
2822,1791019445361999872,1791019445460193393,,0,98.193521,,0,0
2823,1791019445396000000,1791019445494029281,,0,98.029281,,0,0
2824,1791019445428999936,1791019445527130409,,0,98.130473,,0,0
2825,1791019445463000064,1791019445560415366,,0,97.415302,,0,0
2826,1791019445496000000,1791019445593959865,,0,97.959865,,0,0
2827,1791019445528999936,1791019445626752560,,0,97.752624,,0,0
2828,1791019445560000000,1791019445657403553,,0,97.403553,,0,0
2829,1791019445595000064,1791019445693170774,,0,98.170710,,0,0
2830,1791019445625999872,1791019445723270835,,0,97.270963,,0,0
2831,1791019445658999808,1791019445756166341,,0,97.166533,,0,0
2832,1791019445692000000,1791019445789363016,,0,97.363016,,0,0
2833,1791019445724999936,1791019445822749946,,0,97.750010,,0,0
2834,1791019445757999872,1791019445856612654,,0,98.612782,,0,0
2835,1791019445790999808,1791019445888867549,,0,97.867741,,0,0
2836,1791019445824000000,1791019445922208382,,0,98.208382,,0,0
2837,1791019445857000192,1791019445955022869,,0,98.022677,,0,0
2838,1791019445890000128,1791019445988951511,,0,98.951383,,0,0
2839,1791019445923000064,1791019446019959826,,0,96.959762,,0,0
2840,1791019445956000000,1791019446053548464,,0,97.548464,,0,0
2841,1791019445989000192,1791019446086637857,,0,97.637665,,0,0
2842,1791019446022000128,1791019446120035681,,0,98.035553,,0,0
2843,1791019446055000064,1791019446155093563,,0,100.093499,,0,0
2844,1791019446088000000,1791019446185949617,,0,97.949617,,0,0
2845,1791019446120999936,1791019446219233176,,0,98.233240,,0,0
2846,1791019446154000128,1791019446252339052,,0,98.338924,,0,0
2847,1791019446188000000,1791019446286125769,,0,98.125769,,0,0
2848,1791019446220999936,1791019446325690278,,0,104.690342,,0,0
2849,1791019446255000064,1791019446352298966,,0,97.298902,,0,0
2850,1791019446287000064,1791019446385665500,,0,98.665436,,0,0
2851,1791019446319000064,1791019446416890890,,0,97.890826,,0,0
2852,1791019446354000128,1791019446452812605,,0,98.812477,,0,0
2853,1791019446388000000,1791019446485733813,,0,97.733813,,0,0
2854,1791019446417999872,1791019446516231706,,0,98.231834,,0,0
2856,1791019446484000000,1791019446581391324,,0,97.391324,,0,0
2857,1791019446516999936,1791019446615154853,,0,98.154917,,0,0
2858,1791019446549999872,1791019446648296768,,0,98.296896,,0,0
2859,1791019446583000064,1791019446681239767,,0,98.239703,,0,0
2860,1791019446616000000,1791019446714012346,,0,98.012346,,0,0
2861,1791019446648999936,1791019446746430954,,0,97.431018,,0,0
2862,1791019446681999872,1791019446780175206,,0,98.175334,,0,0
2863,1791019446714999808,1791019446813005337,,0,98.005529,,0,0
2864,1791019446748000000,1791019446846031031,,0,98.031031,,0,0
2865,1791019446780999936,1791019446879833952,,0,98.834016,,0,0
2866,1791019446813999872,1791019446912404821,,0,98.404949,,0,0
2867,1791019446846999808,1791019446945107277,,0,98.107469,,0,0
2868,1791019446880999936,1791019446978709605,,0,97.709669,,0,0
2869,1791019446913000192,1791019447011496711,,0,98.496519,,0,0
2870,1791019446947000064,1791019447044812956,,0,97.812892,,0,0
2871,1791019446980000000,1791019447077889776,,0,97.889776,,0,0
2872,1791019447015000064,1791019447115714883,,0,100.714819,,0,0
2873,1791019447046000128,1791019447144762809,,0,98.762681,,0,0
2874,1791019447080000000,1791019447178417100,,0,98.417100,,0,0
2875,1791019447112000000,1791019447211861580,,0,99.861580,,0,0
2876,1791019447145999872,1791019447244349193,,0,98.349321,,0,0
2877,1791019447180000000,1791019447277753162,,0,97.753162,,0,0
2878,1791019447210000128,1791019447309534232,,0,99.534104,,0,0
2879,1791019447243000064,1791019447342260992,,0,99.260928,,0,0
2880,1791019447276000000,1791019447374314454,,0,98.314454,,0,0
2881,1791019447308999936,1791019447407614216,,0,98.614280,,0,0
2882,1791019447342999808,1791019447441733949,,0,98.734141,,0,0
2883,1791019447377000192,1791019447474681137,,0,97.680945,,0,0
2884,1791019447408999936,1791019447507046942,,0,98.047006,,0,0
2885,1791019447443000064,1791019447541687433,,0,98.687369,,0,0
2886,1791019447476999936,1791019447576194662,,0,99.194726,,0,0
2887,1791019447509999872,1791019447608821964,,0,98.822092,,0,0
2888,1791019447540000000,1791019447639010306,,0,99.010306,,0,0
2889,1791019447576000000,1791019447675663707,,0,99.663707,,0,0
2890,1791019447608999936,1791019447706955867,,0,97.955931,,0,0
2891,1791019447639000064,1791019447736066374,,0,97.066310,,0,0
2892,1791019447673000192,1791019447770692896,,0,97.692704,,0,0
2893,1791019447706000128,1791019447804098263,,0,98.098135,,0,0
2894,1791019447740000000,1791019447837398304,,0,97.398304,,0,0
2895,1791019447772000000,1791019447870497473,,0,98.497473,,0,0
2896,1791019447805000192,1791019447902832268,,0,97.832076,,0,0
2897,1791019447840000000,1791019447937360729,,0,97.360729,,0,0
2898,1791019447869999872,1791019447967855268,,0,97.855396,,0,0
2899,1791019447904999936,1791019448003726135,,0,98.726199,,0,0
2900,1791019447938999808,1791019448036551234,,0,97.551426,,0,0
2901,1791019447972000000,1791019448073937439,,0,101.937439,,0,0
2902,1791019448006000128,1791019448104923401,,0,98.923273,,0,0
2904,1791019448068000000,1791019448166676852,,0,98.676852,,0,0
2905,1791019448101000192,1791019448199835528,,0,98.835336,,0,0
2906,1791019448134000128,1791019448232051027,,0,98.050899,,0,0
2907,1791019448167000064,1791019448264904623,,0,97.904559,,0,0
2908,1791019448200000000,1791019448298492700,,0,98.492700,,0,0
2909,1791019448232999936,1791019448331323946,,0,98.324010,,0,0
2910,1791019448266000128,1791019448364725400,,0,98.725272,,0,0
2911,1791019448301000192,1791019448399298840,,0,98.298648,,0,0
2912,1791019448332000000,1791019448430272788,,0,98.272788,,0,0
2913,1791019448364999936,1791019448463791860,,0,98.791924,,0,0
2914,1791019448400000000,1791019448497610423,,0,97.610423,,0,0
2915,1791019448433000192,1791019448532112342,,0,99.112150,,0,0
2916,1791019448469000192,1791019448567192571,,0,98.192379,,0,0
2917,1791019448499000064,1791019448597846633,,0,98.846569,,0,0
2918,1791019448530999808,1791019448629449180,,0,98.449372,,0,0
2919,1791019448564999936,1791019448662803978,,0,97.804042,,0,0
2920,1791019448599000064,1791019448697201689,,0,98.201625,,0,0
2921,1791019448628999936,1791019448728374554,,0,99.374618,,0,0
2922,1791019448664000000,1791019448762281959,,0,98.281959,,0,0
2923,1791019448694999808,1791019448792634015,,0,97.634207,,0,0
2924,1791019448728000000,1791019448824934445,,0,96.934445,,0,0
2925,1791019448762000128,1791019448859410941,,0,97.410813,,0,0
2926,1791019448796000000,1791019448895933034,,0,99.933034,,0,0
2927,1791019448828999936,1791019448927726395,,0,98.726459,,0,0
2928,1791019448860000000,1791019448957651283,,0,97.651283,,0,0
2929,1791019448892999936,1791019448990878127,,0,97.878191,,0,0
2930,1791019448926000128,1791019449024015568,,0,98.015440,,0,0
2931,1791019448959000064,1791019449056309571,,0,97.309507,,0,0
2932,1791019448992000000,1791019449089476068,,0,97.476068,,0,0
2933,1791019449025000192,1791019449124270214,,0,99.270022,,0,0
2934,1791019449058000128,1791019449155195829,,0,97.195701,,0,0
2935,1791019449091000064,1791019449189540179,,0,98.540115,,0,0
2936,1791019449124000000,1791019449221821330,,0,97.821330,,0,0
2937,1791019449157000192,1791019449254652854,,0,97.652662,,0,0
2938,1791019449190000128,1791019449287633844,,0,97.633716,,0,0
2939,1791019449223000064,1791019449320425417,,0,97.425353,,0,0
2940,1791019449256000000,1791019449354115187,,0,98.115187,,0,0
2941,1791019449289999872,1791019449391567603,,0,101.567731,,0,0
2942,1791019449322000128,1791019449419673189,,0,97.673061,,0,0
2943,1791019449355000064,1791019449452720671,,0,97.720607,,0,0
2944,1791019449388999936,1791019449487284331,,0,98.284395,,0,0
2945,1791019449420999936,1791019449520259175,,0,99.259239,,0,0
2946,1791019449454999808,1791019449553359739,,0,98.359931,,0,0
2947,1791019449487000064,1791019449593418741,,0,106.418677,,0,0
2948,1791019449520999936,1791019449619953391,,0,98.953455,,0,0
2949,1791019449555000064,1791019449653186379,,0,98.186315,,0,0
2950,1791019449586999808,1791019449686030754,,0,99.030946,,0,0
2951,1791019449620999936,1791019449719229659,,0,98.229723,,0,0
2953,1791019449684999936,1791019449782806600,,0,97.806664,,0,0
2955,1791019449750999808,1791019449848948220,,0,97.948412,,0,0
2956,1791019449787000064,1791019449884415664,,0,97.415600,,0,0
2957,1791019449816999936,1791019449915078386,,0,98.078450,,0,0
2958,1791019449849999872,1791019449947739210,,0,97.739338,,0,0
2959,1791019449882999808,1791019449982801558,,0,99.801750,,0,0
2960,1791019449916000000,1791019450013988111,,0,97.988111,,0,0
2961,1791019449948999936,1791019450047495167,,0,98.495231,,0,0
2962,1791019449982000128,1791019450079586620,,0,97.586492,,0,0
2963,1791019450015000064,1791019450112505029,,0,97.504965,,0,0
2964,1791019450048000000,1791019450145104389,,0,97.104389,,0,0
2965,1791019450081000192,1791019450185924971,,0,104.924779,,0,0
2966,1791019450114000128,1791019450212835941,,0,98.835813,,0,0
2967,1791019450148000000,1791019450246980813,,0,98.980813,,0,0
2968,1791019450180999936,1791019450281067297,,0,100.067361,,0,0
2969,1791019450213999872,1791019450312251893,,0,98.252021,,0,0
2970,1791019450247000064,1791019450344946800,,0,97.946736,,0,0
2971,1791019450282000128,1791019450380995906,,0,98.995778,,0,0
2972,1791019450313999872,1791019450411651362,,0,97.651490,,0,0
2973,1791019450348000000,1791019450446023927,,0,98.023927,,0,0
2974,1791019450381999872,1791019450481517073,,0,99.517201,,0,0
2975,1791019450412000000,1791019450511047200,,0,99.047200,,0,0
2976,1791019450448000000,1791019450546286950,,0,98.286950,,0,0
2977,1791019450479000064,1791019450578523121,,0,99.523057,,0,0
2978,1791019450509999872,1791019450608665922,,0,98.666050,,0,0
2979,1791019450544000000,1791019450642870581,,0,98.870581,,0,0
2980,1791019450579000064,1791019450681070608,,0,102.070544,,0,0
2981,1791019450611000064,1791019450709936657,,0,98.936593,,0,0
2982,1791019450644000000,1791019450743856072,,0,99.856072,,0,0
2983,1791019450676999936,1791019450774898466,,0,97.898530,,0,0
2984,1791019450710000128,1791019450811942432,,0,101.942304,,0,0
2985,1791019450743000064,1791019450841802782,,0,98.802718,,0,0
2986,1791019450775000064,1791019450873481876,,0,98.481812,,0,0
2987,1791019450806999808,1791019450905540363,,0,98.540555,,0,0
2988,1791019450841000192,1791019450938323553,,0,97.323361,,0,0
2989,1791019450874000128,1791019450972804237,,0,98.804109,,0,0
2990,1791019450905999872,1791019451003701634,,0,97.701762,,0,0
2991,1791019450938999808,1791019451037909924,,0,98.910116,,0,0
2992,1791019450972000000,1791019451069673668,,0,97.673668,,0,0
2993,1791019451005000192,1791019451102991584,,0,97.991392,,0,0
2994,1791019451038000128,1791019451135699621,,0,97.699493,,0,0
2995,1791019451071000064,1791019451168871144,,0,97.871080,,0,0
2996,1791019451104000000,1791019451202223703,,0,98.223703,,0,0
2997,1791019451137000192,1791019451236409084,,0,99.408892,,0,0
2998,1791019451170000128,1791019451267937872,,0,97.937744,,0,0
2999,1791019451203000064,1791019451302228578,,0,99.228514,,0,0
3000,1791019451236000000,1791019451334630977,,0,98.630977,,0,0
3002,1791019451302000128,1791019451399910715,,0,97.910587,,0,0
3003,1791019451335000064,1791019451433413578,,0,98.413514,,0,0
3005,1791019451400999936,1791019451499086399,,0,98.086463,,0,0
3006,1791019451436999936,1791019451535024870,,0,98.024934,,0,0
3007,1791019451467000064,1791019451565619701,,0,98.619637,,0,0
3008,1791019451500000000,1791019451598141952,,0,98.141952,,0,0
3009,1791019451532999936,1791019451630811156,,0,97.811220,,0,0
3010,1791019451565999872,1791019451663476448,,0,97.476576,,0,0
3011,1791019451601999872,1791019451700875780,,0,98.875908,,0,0
3012,1791019451635000064,1791019451733201070,,0,98.201006,,0,0
3013,1791019451664999936,1791019451763025939,,0,98.026003,,0,0
3014,1791019451697999872,1791019451795338099,,0,97.338227,,0,0
3015,1791019451731000064,1791019451829158055,,0,98.157991,,0,0
3016,1791019451764000000,1791019451861879782,,0,97.879782,,0,0
3017,1791019451796999936,1791019451894968609,,0,97.968673,,0,0
3018,1791019451829999872,1791019451927937025,,0,97.937153,,0,0
3019,1791019451862999808,1791019451966330659,,0,103.330851,,0,0
3020,1791019451896000000,1791019451993774958,,0,97.774958,,0,0
3021,1791019451928999936,1791019452026826348,,0,97.826412,,0,0
3022,1791019451961999872,1791019452060001501,,0,98.001629,,0,0
3023,1791019451994999808,1791019452093004559,,0,98.004751,,0,0
3024,1791019452028000000,1791019452125747237,,0,97.747237,,0,0
3025,1791019452061000192,1791019452159341735,,0,98.341543,,0,0
3026,1791019452094000128,1791019452193470961,,0,99.470833,,0,0
3027,1791019452127000064,1791019452226970191,,0,99.970127,,0,0
3028,1791019452161999872,1791019452259398850,,0,97.398978,,0,0
3029,1791019452194999808,1791019452292743027,,0,97.743219,,0,0
3030,1791019452229000192,1791019452326846549,,0,97.846357,,0,0
3031,1791019452259000064,1791019452357553409,,0,98.553345,,0,0
3032,1791019452293999872,1791019452392228257,,0,98.228385,,0,0
3033,1791019452325999872,1791019452425528851,,0,99.528979,,0,0
3034,1791019452359000064,1791019452456948121,,0,97.948057,,0,0
3035,1791019452392000000,1791019452490550722,,0,98.550722,,0,0
3036,1791019452426000128,1791019452523923395,,0,97.923267,,0,0
3037,1791019452456999936,1791019452555185935,,0,98.185999,,0,0
3038,1791019452492000000,1791019452590247161,,0,98.247161,,0,0
3039,1791019452523000064,1791019452621363587,,0,98.363523,,0,0
3040,1791019452556000000,1791019452654381731,,0,98.381731,,0,0
3041,1791019452588999936,1791019452688976957,,0,99.977021,,0,0
3042,1791019452621999872,1791019452720050918,,0,98.051046,,0,0
3043,1791019452655000064,1791019452752741911,,0,97.741847,,0,0
3044,1791019452688000000,1791019452786426648,,0,98.426648,,0,0
3045,1791019452720999936,1791019452818929621,,0,97.929685,,0,0
3046,1791019452753999872,1791019452851772316,,0,97.772444,,0,0
3047,1791019452787000064,1791019452887134711,,0,100.134647,,0,0
3048,1791019452820000000,1791019452918264547,,0,98.264547,,0,0
3049,1791019452852999936,1791019452952691867,,0,99.691931,,0,0
3050,1791019452887000064,1791019452985969832,,0,98.969768,,0,0
3051,1791019452920999936,1791019453018938246,,0,97.938310,,0,0
3052,1791019452953999872,1791019453054220178,,0,100.220306,,0,0
3054,1791019453020000000,1791019453118545001,,0,98.545001,,0,0
3055,1791019453052999936,1791019453151269519,,0,98.269583,,0,0
3056,1791019453085999872,1791019453184319790,,0,98.319918,,0,0
3057,1791019453119000064,1791019453217570933,,0,98.570869,,0,0
3058,1791019453150000128,1791019453248082787,,0,98.082659,,0,0
3059,1791019453183000064,1791019453281816692,,0,98.816628,,0,0
3060,1791019453216000000,1791019453313829358,,0,97.829358,,0,0
3061,1791019453249999872,1791019453347638975,,0,97.639103,,0,0
3062,1791019453284000000,1791019453382766971,,0,98.766971,,0,0
3063,1791019453316000000,1791019453414261951,,0,98.261951,,0,0
3064,1791019453348999936,1791019453447918749,,0,98.918813,,0,0
3065,1791019453382999808,1791019453481375234,,0,98.375426,,0,0
3066,1791019453416000000,1791019453513693538,,0,97.693538,,0,0
3067,1791019453447000064,1791019453544832872,,0,97.832808,,0,0
3068,1791019453483000064,1791019453580645620,,0,97.645556,,0,0
3069,1791019453516000000,1791019453613787806,,0,97.787806,,0,0
3070,1791019453546999808,1791019453645570265,,0,98.570457,,0,0
3071,1791019453581000192,1791019453680233099,,0,99.232907,,0,0
3072,1791019453612000000,1791019453710122222,,0,98.122222,,0,0
3073,1791019453648000000,1791019453746035825,,0,98.035825,,0,0
3074,1791019453678999808,1791019453777796214,,0,98.796406,,0,0
3075,1791019453716000000,1791019453814582869,,0,98.582869,,0,0
3076,1791019453749000192,1791019453848021474,,0,99.021282,,0,0
3077,1791019453780000000,1791019453878638653,,0,98.638653,,0,0
3078,1791019453812999936,1791019453911852918,,0,98.852982,,0,0
3079,1791019453842999808,1791019453942470935,,0,99.471127,,0,0
3080,1791019453876000000,1791019453973806391,,0,97.806391,,0,0
3081,1791019453908999936,1791019454007181577,,0,98.181641,,0,0
3082,1791019453943000064,1791019454040778308,,0,97.778244,,0,0
3083,1791019453976000000,1791019454074154889,,0,98.154889,,0,0
3084,1791019454008000000,1791019454105989591,,0,97.989591,,0,0
3085,1791019454040999936,1791019454138909671,,0,97.909735,,0,0
3086,1791019454073999872,1791019454171783654,,0,97.783782,,0,0
3087,1791019454107000064,1791019454211629763,,0,104.629699,,0,0
3088,1791019454140000000,1791019454237682483,,0,97.682483,,0,0
3089,1791019454173000192,1791019454273809809,,0,100.809617,,0,0
3090,1791019454206000128,1791019454305703459,,0,99.703331,,0,0
3091,1791019454239000064,1791019454337261856,,0,98.261792,,0,0
3092,1791019454272000000,1791019454369178695,,0,97.178695,,0,0
3093,1791019454305000192,1791019454405147893,,0,100.147701,,0,0
3094,1791019454338000128,1791019454436364613,,0,98.364485,,0,0
3095,1791019454371000064,1791019454470705044,,0,99.704980,,0,0
3096,1791019454404999936,1791019454502722738,,0,97.722802,,0,0
3098,1791019454470000128,1791019454568106955,,0,98.106827,,0,0
3100,1791019454536999936,1791019454635634830,,0,98.634894,,0,0
3101,1791019454571000064,1791019454669594751,,0,98.594687,,0,0
3102,1791019454604000000,1791019454702929426,,0,98.929426,,0,0
3103,1791019454637000192,1791019454735395519,,0,98.395327,,0,0
3104,1791019454668000000,1791019454766023313,,0,98.023313,,0,0
3105,1791019454704000000,1791019454801859527,,0,97.859527,,0,0
3106,1791019454733999872,1791019454832066580,,0,98.066708,,0,0
3107,1791019454767000064,1791019454865200383,,0,98.200319,,0,0
3108,1791019454800000000,1791019454898856342,,0,98.856342,,0,0
3109,1791019454832999936,1791019454931478886,,0,98.478950,,0,0
3110,1791019454865999872,1791019454965120317,,0,99.120445,,0,0
3111,1791019454898999808,1791019454997683353,,0,98.683545,,0,0
3112,1791019454932000000,1791019455029544594,,0,97.544594,,0,0
3113,1791019454964999936,1791019455064309957,,0,99.310021,,0,0
3114,1791019454997999872,1791019455096477953,,0,98.478081,,0,0
3115,1791019455030999808,1791019455129123684,,0,98.123876,,0,0
3116,1791019455064000000,1791019455162371752,,0,98.371752,,0,0
3117,1791019455096999936,1791019455195152701,,0,98.152765,,0,0
3118,1791019455130000128,1791019455227361766,,0,97.361638,,0,0
3119,1791019455163000064,1791019455260266479,,0,97.266415,,0,0
3120,1791019455196000000,1791019455293685525,,0,97.685525,,0,0
3121,1791019455229000192,1791019455328002767,,0,99.002575,,0,0
3122,1791019455262000128,1791019455360455169,,0,98.455041,,0,0
3123,1791019455295000064,1791019455393392570,,0,98.392506,,0,0
3124,1791019455328000000,1791019455426699865,,0,98.699865,,0,0
3125,1791019455360999936,1791019455460151039,,0,99.151103,,0,0
3126,1791019455396000000,1791019455493961491,,0,97.961491,,0,0
3127,1791019455428999936,1791019455527139156,,0,98.139220,,0,0
3128,1791019455461999872,1791019455559801649,,0,97.801777,,0,0
3129,1791019455492999936,1791019455591688314,,0,98.688378,,0,0
3130,1791019455528000000,1791019455626772165,,0,98.772165,,0,0
3131,1791019455559000064,1791019455656687827,,0,97.687763,,0,0
3132,1791019455592000000,1791019455690099329,,0,98.099329,,0,0
3133,1791019455624999936,1791019455723150715,,0,98.150779,,0,0
3134,1791019455657999872,1791019455756113539,,0,98.113667,,0,0
3135,1791019455691000064,1791019455788890018,,0,97.889954,,0,0
3136,1791019455724000000,1791019455822218546,,0,98.218546,,0,0
3137,1791019455756999936,1791019455855027154,,0,98.027218,,0,0
3138,1791019455789999872,1791019455888009533,,0,98.009661,,0,0
3139,1791019455823000064,1791019455922442996,,0,99.442932,,0,0
3140,1791019455856000000,1791019455959137175,,0,103.137175,,0,0
3141,1791019455888999936,1791019455991930138,,0,102.930202,,0,0
3142,1791019455921999872,1791019456022395333,,0,100.395461,,0,0
3143,1791019455954999808,1791019456054630379,,0,99.630571,,0,0
3144,1791019455988000000,1791019456093748988,,0,105.748988,,0,0
3145,1791019456020999936,1791019456122088405,,0,101.088469,,0,0
3146,1791019456053999872,1791019456152708933,,0,98.709061,,0,0
3147,1791019456086999808,1791019456186177427,,0,99.177619,,0,0
3148,1791019456120999936,1791019456219531656,,0,98.531720,,0,0
3149,1791019456154000128,1791019456252880856,,0,98.880728,,0,0
3151,1791019456220999936,1791019456319416660,,0,98.416724,,0,0
3152,1791019456253999872,1791019456352495703,,0,98.495831,,0,0
3153,1791019456285000192,1791019456383035491,,0,98.035299,,0,0
3154,1791019456318000128,1791019456415728714,,0,97.728586,,0,0
3155,1791019456352000000,1791019456450505251,,0,98.505251,,0,0
3156,1791019456385999872,1791019456483605526,,0,97.605654,,0,0
3157,1791019456417999872,1791019456516355184,,0,98.355312,,0,0
3158,1791019456451000064,1791019456549060980,,0,98.060916,,0,0
3159,1791019456484999936,1791019456582754093,,0,97.754157,,0,0
3160,1791019456517999872,1791019456616686911,,0,98.687039,,0,0
3161,1791019456551000064,1791019456649731312,,0,98.731248,,0,0
3162,1791019456582000128,1791019456680090622,,0,98.090494,,0,0
3163,1791019456615000064,1791019456713439264,,0,98.439200,,0,0
3164,1791019456648000000,1791019456746607428,,0,98.607428,,0,0
3165,1791019456680999936,1791019456780084862,,0,99.084926,,0,0
3166,1791019456714999808,1791019456812610460,,0,97.610652,,0,0
3167,1791019456748000000,1791019456845574959,,0,97.574959,,0,0
3168,1791019456782000128,1791019456880081058,,0,98.080930,,0,0
3169,1791019456813999872,1791019456912815630,,0,98.815758,,0,0
3170,1791019456848000000,1791019456946020672,,0,98.020672,,0,0
3171,1791019456880999936,1791019456979263988,,0,98.264052,,0,0
3172,1791019456915000064,1791019457020727406,,0,105.727342,,0,0
3173,1791019456948000000,1791019457046675077,,0,98.675077,,0,0
3174,1791019456979000064,1791019457076944148,,0,97.944084,,0,0
3175,1791019457013999872,1791019457112747672,,0,98.747800,,0,0
3176,1791019457048000000,1791019457145918908,,0,97.918908,,0,0
3177,1791019457080000000,1791019457177894132,,0,97.894132,,0,0
3178,1791019457112999936,1791019457212822927,,0,99.822991,,0,0
3179,1791019457142999808,1791019457241500668,,0,98.500860,,0,0
3180,1791019457176000000,1791019457273706937,,0,97.706937,,0,0
3181,1791019457209000192,1791019457306930976,,0,97.930784,,0,0
3182,1791019457242000128,1791019457339856640,,0,97.856512,,0,0
3183,1791019457275000064,1791019457373230144,,0,98.230080,,0,0
3184,1791019457308000000,1791019457405554310,,0,97.554310,,0,0
3185,1791019457341000192,1791019457439192944,,0,98.192752,,0,0
3186,1791019457374000128,1791019457472158279,,0,98.158151,,0,0
3187,1791019457407000064,1791019457504864912,,0,97.864848,,0,0
3188,1791019457440000000,1791019457538471976,,0,98.471976,,0,0
3189,1791019457472999936,1791019457570656733,,0,97.656797,,0,0
3190,1791019457506000128,1791019457603238205,,0,97.238077,,0,0
3191,1791019457539000064,1791019457636192924,,0,97.192860,,0,0
3192,1791019457572000000,1791019457669510274,,0,97.510274,,0,0
3193,1791019457604999936,1791019457702606916,,0,97.606980,,0,0
3195,1791019457671000064,1791019457768840711,,0,97.840647,,0,0
3196,1791019457704000000,1791019457802633840,,0,98.633840,,0,0
3197,1791019457737999872,1791019457836488432,,0,98.488560,,0,0
3198,1791019457770999808,1791019457869586750,,0,98.586942,,0,0
3199,1791019457804000000,1791019457902816097,,0,98.816097,,0,0
3200,1791019457838000128,1791019457936684099,,0,98.683971,,0,0
3201,1791019457871000064,1791019457969594117,,0,98.594053,,0,0
3202,1791019457904000000,1791019458003933148,,0,99.933148,,0,0
3203,1791019457937999872,1791019458036546188,,0,98.546316,,0,0
3204,1791019457970000128,1791019458068588462,,0,98.588334,,0,0
3205,1791019458000999936,1791019458098839931,,0,97.839995,,0,0
3206,1791019458033999872,1791019458132065365,,0,98.065493,,0,0
3207,1791019458066999808,1791019458164807198,,0,97.807390,,0,0
3208,1791019458100000000,1791019458197785104,,0,97.785104,,0,0
3209,1791019458132999936,1791019458231719876,,0,98.719940,,0,0
3210,1791019458165999872,1791019458265257373,,0,99.257501,,0,0
3211,1791019458198999808,1791019458296866334,,0,97.866526,,0,0
3212,1791019458232000000,1791019458330295992,,0,98.295992,,0,0
3213,1791019458265000192,1791019458363179469,,0,98.179277,,0,0
3214,1791019458298000128,1791019458395641366,,0,97.641238,,0,0
3215,1791019458331000064,1791019458428403594,,0,97.403530,,0,0
3216,1791019458364000000,1791019458462501801,,0,98.501801,,0,0
3217,1791019458397000192,1791019458494950567,,0,97.950375,,0,0
3218,1791019458430000128,1791019458528111745,,0,98.111617,,0,0
3219,1791019458463000064,1791019458561024277,,0,98.024213,,0,0
3220,1791019458496000000,1791019458594608710,,0,98.608710,,0,0
3221,1791019458528999936,1791019458627467881,,0,98.467945,,0,0
3222,1791019458563000064,1791019458661254024,,0,98.253960,,0,0
3223,1791019458596000000,1791019458694110122,,0,98.110122,,0,0
3224,1791019458628000000,1791019458727134405,,0,99.134405,,0,0
3225,1791019458663000064,1791019458760944016,,0,97.943952,,0,0
3226,1791019458696000000,1791019458796235161,,0,100.235161,,0,0
3227,1791019458729000192,1791019458827915921,,0,98.915729,,0,0
3228,1791019458762000128,1791019458861877233,,0,99.877105,,0,0
3229,1791019458795000064,1791019458896849889,,0,101.849825,,0,0
3230,1791019458825999872,1791019458923977647,,0,97.977775,,0,0
3231,1791019458859000064,1791019458958825142,,0,99.825078,,0,0
3232,1791019458892000000,1791019458989944914,,0,97.944914,,0,0
3233,1791019458924999936,1791019459022665793,,0,97.665857,,0,0
3234,1791019458957999872,1791019459056824344,,0,98.824472,,0,0
3235,1791019458991000064,1791019459089790795,,0,98.790731,,0,0
3236,1791019459024000000,1791019459122470884,,0,98.470884,,0,0
3237,1791019459056999936,1791019459155515560,,0,98.515624,,0,0
3238,1791019459089999872,1791019459188382273,,0,98.382401,,0,0
3239,1791019459122999808,1791019459221792653,,0,98.792845,,0,0
3240,1791019459156000000,1791019459255564547,,0,99.564547,,0,0
3241,1791019459188999936,1791019459287790370,,0,98.790434,,0,0
3242,1791019459221999872,1791019459320848735,,0,98.848863,,0,0
3243,1791019459255000064,1791019459354108531,,0,99.108467,,0,0
3244,1791019459288000000,1791019459387168573,,0,99.168573,,0,0
3246,1791019459355000064,1791019459452990003,,0,97.989939,,0,0
3247,1791019459388000000,1791019459486806876,,0,98.806876,,0,0
3248,1791019459420999936,1791019459520754498,,0,99.754562,,0,0
3249,1791019459454999808,1791019459553662000,,0,98.662192,,0,0
3250,1791019459489000192,1791019459587664379,,0,98.664187,,0,0
3251,1791019459520999936,1791019459619582329,,0,98.582393,,0,0
3252,1791019459555000064,1791019459652981534,,0,97.981470,,0,0
3253,1791019459584999936,1791019459683858247,,0,98.858311,,0,0
3254,1791019459619000064,1791019459717358866,,0,98.358802,,0,0
3255,1791019459651000064,1791019459749278492,,0,98.278428,,0,0
3256,1791019459684999936,1791019459783940200,,0,98.940264,,0,0
3257,1791019459717999872,1791019459815709522,,0,97.709650,,0,0
3258,1791019459752000000,1791019459849993513,,0,97.993513,,0,0
3259,1791019459786000128,1791019459884206822,,0,98.206694,,0,0
3260,1791019459818000128,1791019459915786167,,0,97.786039,,0,0
3261,1791019459852000000,1791019459951483525,,0,99.483525,,0,0
3262,1791019459885999872,1791019459984104386,,0,98.104514,,0,0
3263,1791019459915000064,1791019460012761730,,0,97.761666,,0,0
3264,1791019459948999936,1791019460047008283,,0,98.008347,,0,0
3265,1791019459980999936,1791019460078834876,,0,97.834940,,0,0
3266,1791019460015000064,1791019460112506472,,0,97.506408,,0,0
3267,1791019460048000000,1791019460146250706,,0,98.250706,,0,0
3268,1791019460082000128,1791019460179721710,,0,97.721582,,0,0
3269,1791019460114000128,1791019460211955913,,0,97.955785,,0,0
3270,1791019460148000000,1791019460246171735,,0,98.171735,,0,0
3271,1791019460180999936,1791019460278823327,,0,97.823391,,0,0
3272,1791019460214999808,1791019460312985229,,0,97.985421,,0,0
3273,1791019460246000128,1791019460344125113,,0,98.124985,,0,0
3274,1791019460280000000,1791019460378027754,,0,98.027754,,0,0
3275,1791019460315000064,1791019460412678286,,0,97.678222,,0,0
3276,1791019460348000000,1791019460446233661,,0,98.233661,,0,0
3277,1791019460381999872,1791019460479709414,,0,97.709542,,0,0
3278,1791019460410000128,1791019460508429617,,0,98.429489,,0,0
3279,1791019460443000064,1791019460540999631,,0,97.999567,,0,0
3280,1791019460476000000,1791019460573707098,,0,97.707098,,0,0
3281,1791019460508999936,1791019460607004609,,0,98.004673,,0,0
3282,1791019460542000128,1791019460640389844,,0,98.389716,,0,0
3283,1791019460575000064,1791019460673360484,,0,98.360420,,0,0
3284,1791019460608000000,1791019460706624470,,0,98.624470,,0,0
3285,1791019460640999936,1791019460739161517,,0,98.161581,,0,0
3286,1791019460674000128,1791019460772510713,,0,98.510585,,0,0
3287,1791019460707000064,1791019460807259585,,0,100.259521,,0,0
3288,1791019460740000000,1791019460837915589,,0,97.915589,,0,0
3289,1791019460772999936,1791019460870729220,,0,97.729284,,0,0
3290,1791019460805999872,1791019460905497369,,0,99.497497,,0,0
3292,1791019460872000000,1791019460969364557,,0,97.364557,,0,0
3293,1791019460904999936,1791019461002766554,,0,97.766618,,0,0
3294,1791019460937999872,1791019461035075908,,0,97.076036,,0,0
3295,1791019460971000064,1791019461069780918,,0,98.780854,,0,0
3296,1791019461004000000,1791019461104235047,,0,100.235047,,0,0
3297,1791019461038000128,1791019461135584462,,0,97.584334,,0,0
3298,1791019461071000064,1791019461168969976,,0,97.969912,,0,0
3299,1791019461102999808,1791019461201761534,,0,98.761726,,0,0
3300,1791019461137000192,1791019461236665180,,0,99.664988,,0,0
3301,1791019461171000064,1791019461269574356,,0,98.574292,,0,0
3302,1791019461203000064,1791019461302092963,,0,99.092899,,0,0
3303,1791019461237999872,1791019461336260731,,0,98.260859,,0,0
3304,1791019461270999808,1791019461369903830,,0,98.904022,,0,0
3305,1791019461303000064,1791019461401684044,,0,98.683980,,0,0
3306,1791019461336999936,1791019461435141637,,0,98.141701,,0,0
3307,1791019461367000064,1791019461465482223,,0,98.482159,,0,0
3308,1791019461403000064,1791019461501474600,,0,98.474536,,0,0
3309,1791019461433000192,1791019461536957953,,0,103.957761,,0,0
3310,1791019461469000192,1791019461567344357,,0,98.344165,,0,0
3311,1791019461499000064,1791019461596791777,,0,97.791713,,0,0
3312,1791019461532000000,1791019461630913168,,0,98.913168,,0,0
3313,1791019461564999936,1791019461663137871,,0,98.137935,,0,0
3314,1791019461598000128,1791019461695787227,,0,97.787099,,0,0
3315,1791019461631000064,1791019461728275382,,0,97.275318,,0,0
3316,1791019461664000000,1791019461762015145,,0,98.015145,,0,0
3317,1791019461696999936,1791019461795449828,,0,98.449892,,0,0
3318,1791019461730000128,1791019461827690456,,0,97.690328,,0,0
3319,1791019461763000064,1791019461860771169,,0,97.771105,,0,0
3320,1791019461796000000,1791019461893164895,,0,97.164895,,0,0
3321,1791019461828999936,1791019461928890188,,0,99.890252,,0,0
3322,1791019461861999872,1791019461960207755,,0,98.207883,,0,0
3323,1791019461895000064,1791019461993167777,,0,98.167713,,0,0
3324,1791019461928999936,1791019462028897539,,0,99.897603,,0,0
3325,1791019461961999872,1791019462063170352,,0,101.170480,,0,0
3326,1791019461994999808,1791019462092504902,,0,97.505094,,0,0
3327,1791019462028000000,1791019462125909970,,0,97.909970,,0,0
3328,1791019462062000128,1791019462160026052,,0,98.025924,,0,0
3329,1791019462095000064,1791019462193144480,,0,98.144416,,0,0
3330,1791019462125999872,1791019462224422095,,0,98.422223,,0,0
3331,1791019462161999872,1791019462259847894,,0,97.848022,,0,0
3332,1791019462192000000,1791019462289794280,,0,97.794280,,0,0
3333,1791019462224999936,1791019462322869683,,0,97.869747,,0,0
3334,1791019462257999872,1791019462356394046,,0,98.394174,,0,0
3335,1791019462290999808,1791019462391290147,,0,100.290339,,0,0
3336,1791019462324000000,1791019462422227202,,0,98.227202,,0,0
3337,1791019462357000192,1791019462455096426,,0,98.096234,,0,0
3338,1791019462390000128,1791019462488072372,,0,98.072244,,0,0
3339,1791019462423000064,1791019462521519626,,0,98.519562,,0,0
3341,1791019462489000192,1791019462587558683,,0,98.558491,,0,0
3342,1791019462522000128,1791019462620688286,,0,98.688158,,0,0
3343,1791019462555000064,1791019462653779614,,0,98.779550,,0,0
3344,1791019462588999936,1791019462687559326,,0,98.559390,,0,0
3345,1791019462622999808,1791019462722749891,,0,99.750083,,0,0
3346,1791019462655000064,1791019462753962690,,0,98.962626,,0,0
3347,1791019462688999936,1791019462788016751,,0,99.016815,,0,0
3348,1791019462721999872,1791019462820634536,,0,98.634664,,0,0
3349,1791019462752999936,1791019462851651213,,0,98.651277,,0,0
3350,1791019462790999808,1791019462889698963,,0,98.699155,,0,0
3351,1791019462819000064,1791019462918119672,,0,99.119608,,0,0
3352,1791019462852999936,1791019462951632021,,0,98.632085,,0,0
3353,1791019462885999872,1791019462984788723,,0,98.788851,,0,0
3354,1791019462920000000,1791019463018735502,,0,98.735502,,0,0
3355,1791019462953000192,1791019463051672334,,0,98.672142,,0,0
3356,1791019462987000064,1791019463085710748,,0,98.710684,,0,0
3357,1791019463019000064,1791019463120649593,,0,101.649529,,0,0
3358,1791019463049999872,1791019463147950280,,0,97.950408,,0,0
3359,1791019463083000064,1791019463181142741,,0,98.142677,,0,0
3360,1791019463117000192,1791019463216633914,,0,99.633722,,0,0
3361,1791019463148999936,1791019463247372889,,0,98.372953,,0,0
