sequence,browser_event_ns,xr_receive_ns,browser_to_xr_offset_ns,clock_sync_valid,browser_to_xr_raw_ms,browser_to_xr_ms,right_b,left_y
1,1791019505284000000,1791019505383502260,,0,99.502260,,0,0
2,1791019505315000064,1791019505417214591,,0,102.214527,,0,0
3,1791019505371000064,1791019505481137273,,0,110.137209,,0,0
4,1791019505436000000,1791019505536841265,,0,100.841265,,0,0
5,1791019505450000128,1791019505564505380,,0,114.505252,,0,0
6,1791019505483000064,1791019505584128488,,0,101.128424,,0,0
8,1791019505548000000,1791019505647990825,,0,99.990825,,0,0
9,1791019505579000064,1791019505678131890,,0,99.131826,,0,0
10,1791019505614000128,1791019505714423702,,0,100.423574,,0,0
11,1791019505644999936,1791019505744789106,,0,99.789170,,0,0
12,1791019505677999872,1791019505777756341,,0,99.756469,,0,0
13,1791019505711000064,1791019505811100455,,0,100.100391,,0,0
14,1791019505744000000,1791019505843054951,,0,99.054951,,0,0
15,1791019505776999936,1791019505877588649,,0,100.588713,,0,0
16,1791019505809999872,1791019505909821683,,0,99.821811,,0,0
17,1791019505842999808,1791019505942515130,,0,99.515322,,0,0
18,1791019505876000000,1791019505976042794,,0,100.042794,,0,0
19,1791019505911000064,1791019506010839664,,0,99.839600,,0,0
20,1791019505941999872,1791019506041723030,,0,99.723158,,0,0
21,1791019505974999808,1791019506074900355,,0,99.900547,,0,0
22,1791019506008000000,1791019506110827580,,0,102.827580,,0,0
23,1791019506040999936,1791019506140932605,,0,99.932669,,0,0
24,1791019506073999872,1791019506174182288,,0,100.182416,,0,0
25,1791019506107000064,1791019506206503046,,0,99.502982,,0,0
26,1791019506140000000,1791019506240035737,,0,100.035737,,0,0
27,1791019506173000192,1791019506273042922,,0,100.042730,,0,0
28,1791019506206000128,1791019506306654398,,0,100.654270,,0,0
29,1791019506239000064,1791019506339472165,,0,100.472101,,0,0
30,1791019506272999936,1791019506372869080,,0,99.869144,,0,0
31,1791019506305000192,1791019506405048752,,0,100.048560,,0,0
32,1791019506339000064,1791019506438800754,,0,99.800690,,0,0
33,1791019506372000000,1791019506471948745,,0,99.948745,,0,0
34,1791019506404999936,1791019506505095059,,0,100.095123,,0,0
35,1791019506437999872,1791019506538177675,,0,100.177803,,0,0
36,1791019506472000000,1791019506571789151,,0,99.789151,,0,0
37,1791019506507000064,1791019506606534056,,0,99.533992,,0,0
38,1791019506536000000,1791019506636737980,,0,100.737980,,0,0
39,1791019506568999936,1791019506668930783,,0,99.930847,,0,0
40,1791019506602999808,1791019506703027535,,0,100.027727,,0,0
41,1791019506637000192,1791019506736290349,,0,99.290157,,0,0
42,1791019506668999936,1791019506768065205,,0,99.065269,,0,0
43,1791019506700999936,1791019506800362774,,0,99.362838,,0,0
44,1791019506736000000,1791019506835394040,,0,99.394040,,0,0
45,1791019506768999936,1791019506868079104,,0,99.079168,,0,0
46,1791019506802000128,1791019506901752322,,0,99.752194,,0,0
47,1791019506835000064,1791019506934873492,,0,99.873428,,0,0
48,1791019506868000000,1791019506970487537,,0,102.487537,,0,0
49,1791019506898999808,1791019506998465390,,0,99.465582,,0,0
50,1791019506932000000,1791019507031618688,,0,99.618688,,0,0
51,1791019506964999936,1791019507064730638,,0,99.730702,,0,0
52,1791019506999000064,1791019507098306911,,0,99.306847,,0,0
53,1791019507032000000,1791019507130990856,,0,98.990856,,0,0
54,1791019507064999936,1791019507165325636,,0,100.325700,,0,0
55,1791019507099000064,1791019507198891572,,0,99.891508,,0,0
56,1791019507132000000,1791019507231504556,,0,99.504556,,0,0
57,1791019507164999936,1791019507264985282,,0,99.985346,,0,0
58,1791019507197999872,1791019507297728455,,0,99.728583,,0,0
59,1791019507230000128,1791019507329786039,,0,99.785911,,0,0
60,1791019507264000000,1791019507366194628,,0,102.194628,,0,0
61,1791019507298000128,1791019507398356978,,0,100.356850,,0,0
62,1791019507328000000,1791019507427668853,,0,99.668853,,0,0
63,1791019507360999936,1791019507461099571,,0,100.099635,,0,0
64,1791019507394000128,1791019507495363668,,0,101.363540,,0,0
65,1791019507427000064,1791019507526952738,,0,99.952674,,0,0
67,1791019507492999936,1791019507592677113,,0,99.677177,,0,0
68,1791019507526000128,1791019507627240143,,0,101.240015,,0,0
69,1791019507559000064,1791019507661679689,,0,102.679625,,0,0
71,1791019507624999936,1791019507725285833,,0,100.285897,,0,0
72,1791019507657999872,1791019507757166572,,0,99.166700,,0,0
73,1791019507691000064,1791019507790500626,,0,99.500562,,0,0
74,1791019507724000000,1791019507823510324,,0,99.510324,,0,0
75,1791019507756999936,1791019507856538181,,0,99.538245,,0,0
76,1791019507789999872,1791019507890123394,,0,100.123522,,0,0
77,1791019507823000064,1791019507925576796,,0,102.576732,,0,0
78,1791019507856000000,1791019507955972650,,0,99.972650,,0,0
79,1791019507888999936,1791019507987907309,,0,98.907373,,0,0
80,1791019507921999872,1791019508026927506,,0,104.927634,,0,0
81,1791019507954999808,1791019508054632687,,0,99.632879,,0,0
82,1791019507988000000,1791019508087367478,,0,99.367478,,0,0
83,1791019508022000128,1791019508121071145,,0,99.071017,,0,0
84,1791019508055000064,1791019508154749110,,0,99.749046,,0,0
85,1791019508088000000,1791019508188180386,,0,100.180386,,0,0
86,1791019508120999936,1791019508220125101,,0,99.125165,,0,0
87,1791019508155000064,1791019508254672764,,0,99.672700,,0,0
88,1791019508188000000,1791019508287417612,,0,99.417612,,0,0
89,1791019508219000064,1791019508319210626,,0,100.210562,,0,0
90,1791019508252000000,1791019508351617987,,0,99.617987,,0,0
91,1791019508285000192,1791019508384681045,,0,99.680853,,0,0
92,1791019508416999936,1791019508516886062,,0,99.886126,,0,0
93,1791019508450000128,1791019508549394558,,0,99.394430,,0,0
94,1791019508483000064,1791019508582410122,,0,99.410058,,0,0
95,1791019508516000000,1791019508615291585,,0,99.291585,,0,0
96,1791019508548999936,1791019508648189252,,0,99.189316,,0,0
97,1791019508582000128,1791019508681701268,,0,99.701140,,0,0
98,1791019508615000064,1791019508714246083,,0,99.246019,,0,0
99,1791019508648000000,1791019508747997244,,0,99.997244,,0,0
100,1791019508680999936,1791019508781234633,,0,100.234697,,0,0
101,1791019508713999872,1791019508813949029,,0,99.949157,,0,0
102,1791019508747000064,1791019508846215865,,0,99.215801,,0,0
103,1791019508780000000,1791019508879655242,,0,99.655242,,0,0
104,1791019508812999936,1791019508912864693,,0,99.864757,,0,0
105,1791019508845999872,1791019508946611944,,0,100.612072,,0,0
106,1791019508879000064,1791019508978930184,,0,99.930120,,0,0
107,1791019508913000192,1791019509012620162,,0,99.619970,,0,0
108,1791019508946000128,1791019509046248397,,0,100.248269,,0,0
109,1791019508979000064,1791019509079075660,,0,100.075596,,0,0
110,1791019509012999936,1791019509113025457,,0,100.025521,,0,0
111,1791019509046000128,1791019509146548367,,0,100.548239,,0,0
112,1791019509080000000,1791019509179641876,,0,99.641876,,0,0
113,1791019509112999936,1791019509212273296,,0,99.273360,,0,0
114,1791019509145999872,1791019509246416980,,0,100.417108,,0,0
115,1791019509178999808,1791019509278754217,,0,99.754409,,0,0
116,1791019509209000192,1791019509308333732,,0,99.333540,,0,0
117,1791019509242000128,1791019509341539271,,0,99.539143,,0,0
118,1791019509275000064,1791019509374604283,,0,99.604219,,0,0
119,1791019509308000000,1791019509407582689,,0,99.582689,,0,0
120,1791019509341000192,1791019509442522595,,0,101.522403,,0,0
121,1791019509374000128,1791019509473292252,,0,99.292124,,0,0
122,1791019509407000064,1791019509507053470,,0,100.053406,,0,0
123,1791019509440000000,1791019509539843577,,0,99.843577,,0,0
124,1791019509472999936,1791019509573266190,,0,100.266254,,0,0
125,1791019509506000128,1791019509605757364,,0,99.757236,,0,0
126,1791019509539000064,1791019509638259154,,0,99.259090,,0,0
127,1791019509572999936,1791019509673305782,,0,100.305846,,0,0
128,1791019509605999872,1791019509705715657,,0,99.715785,,0,0
129,1791019509639000064,1791019509740269745,,0,101.269681,,0,0
130,1791019509674000128,1791019509774933627,,0,100.933499,,0,0
131,1791019509707000064,1791019509805518058,,0,98.517994,,0,0
133,1791019509769999872,1791019509870141966,,0,100.142094,,0,0
135,1791019509836999936,1791019509936764531,,0,99.764595,,0,0
136,1791019509869999872,1791019509969733717,,0,99.733845,,0,0
137,1791019509904000000,1791019510003722626,,0,99.722626,,0,0
138,1791019509936999936,1791019510037341920,,0,100.341984,,0,0
140,1791019510004000000,1791019510103840160,,0,99.840160,,0,0
141,1791019510036999936,1791019510136421013,,0,99.421077,,0,0
142,1791019510066999808,1791019510168698742,,0,101.698934,,0,0
143,1791019510101000192,1791019510199701118,,0,98.700926,,0,0
144,1791019510134000128,1791019510233340527,,0,99.340399,,0,0
145,1791019510165999872,1791019510265380787,,0,99.380915,,0,0
146,1791019510198999808,1791019510300401990,,0,101.402182,,0,0
147,1791019510232000000,1791019510331492091,,0,99.492091,,0,0
148,1791019510265000192,1791019510364474966,,0,99.474774,,0,0
149,1791019510298000128,1791019510398026650,,0,100.026522,,0,0
150,1791019510331000064,1791019510432254425,,0,101.254361,,0,0
151,1791019510364000000,1791019510463014583,,0,99.014583,,0,0
152,1791019510397000192,1791019510495967844,,0,98.967652,,0,0
153,1791019510430000128,1791019510530690114,,0,100.689986,,0,0
154,1791019510463000064,1791019510562189781,,0,99.189717,,0,0
155,1791019510496999936,1791019510596340169,,0,99.340233,,0,0
156,1791019510528999936,1791019510631030591,,0,102.030655,,0,0
157,1791019510563000064,1791019510662616864,,0,99.616800,,0,0
158,1791019510596000000,1791019510695954825,,0,99.954825,,0,0
159,1791019510630000128,1791019510729736716,,0,99.736588,,0,0
160,1791019510663000064,1791019510769249171,,0,106.249107,,0,0
161,1791019510694000128,1791019510793619436,,0,99.619308,,0,0
162,1791019510727000064,1791019510826628572,,0,99.628508,,0,0
163,1791019510760000000,1791019510859614520,,0,99.614520,,0,0
164,1791019510800000000,1791019510901179832,,0,101.179832,,0,0
165,1791019510828000000,1791019510927431975,,0,99.431975,,0,0
166,1791019510860999936,1791019510961118878,,0,100.118942,,0,0
167,1791019510892000000,1791019510991705822,,0,99.705822,,0,0
168,1791019510926000128,1791019511026059315,,0,100.059187,,0,0
169,1791019510957999872,1791019511057389958,,0,99.390086,,0,0
170,1791019510991000064,1791019511091068199,,0,100.068135,,0,0
171,1791019511024000000,1791019511124021459,,0,100.021459,,0,0
172,1791019511056999936,1791019511157103511,,0,100.103575,,0,0
173,1791019511092000000,1791019511193393919,,0,101.393919,,0,0
174,1791019511124999936,1791019511225182739,,0,100.182803,,0,0
175,1791019511156000000,1791019511255644242,,0,99.644242,,0,0
176,1791019511188999936,1791019511290056963,,0,101.057027,,0,0
177,1791019511221999872,1791019511321855002,,0,99.855130,,0,0
178,1791019511255000064,1791019511356258504,,0,101.258440,,0,0
179,1791019511288000000,1791019511390299096,,0,102.299096,,0,0
180,1791019511321000192,1791019511420392940,,0,99.392748,,0,0
181,1791019511354000128,1791019511453656587,,0,99.656459,,0,0
182,1791019511387000064,1791019511487048467,,0,100.048403,,0,0
183,1791019511421999872,1791019511527922321,,0,105.922449,,0,0
184,1791019511453000192,1791019511552858602,,0,99.858410,,0,0
185,1791019511486000128,1791019511585617136,,0,99.617008,,0,0
186,1791019511519000064,1791019511619107915,,0,100.107851,,0,0
187,1791019511552000000,1791019511651475603,,0,99.475603,,0,0
188,1791019511584999936,1791019511684884804,,0,99.884868,,0,0
189,1791019511618000128,1791019511717411736,,0,99.411608,,0,0
190,1791019511651000064,1791019511750315546,,0,99.315482,,0,0
191,1791019511684000000,1791019511783326637,,0,99.326637,,0,0
192,1791019511716999936,1791019511816708459,,0,99.708523,,0,0
193,1791019511750000128,1791019511849954505,,0,99.954377,,0,0
194,1791019511783000064,1791019511883361751,,0,100.361687,,0,0
195,1791019511816000000,1791019511915896505,,0,99.896505,,0,0
196,1791019511848999936,1791019511948625147,,0,99.625211,,0,0
197,1791019511881999872,1791019511981101511,,0,99.101639,,0,0
198,1791019511915000064,1791019512015631570,,0,100.631506,,0,0
199,1791019511948000000,1791019512048402954,,0,100.402954,,0,0
200,1791019511980999936,1791019512081348111,,0,100.348175,,0,0
201,1791019512013999872,1791019512113863308,,0,99.863436,,0,0
202,1791019512046999808,1791019512147230602,,0,100.230794,,0,0
203,1791019512080000000,1791019512180172965,,0,100.172965,,0,0
204,1791019512112999936,1791019512213107505,,0,100.107569,,0,0
205,1791019512145999872,1791019512246827372,,0,100.827500,,0,0
206,1791019512180000000,1791019512281775935,,0,101.775935,,0,0
207,1791019512213999872,1791019512313751936,,0,99.752064,,0,0
208,1791019512247000064,1791019512346433361,,0,99.433297,,0,0
209,1791019512279000064,1791019512379009462,,0,100.009398,,0,0
210,1791019512312999936,1791019512414373458,,0,101.373522,,0,0
211,1791019512346999808,1791019512446672697,,0,99.672889,,0,0
212,1791019512379000064,1791019512478663784,,0,99.663720,,0,0
214,1791019512443000064,1791019512544810006,,0,101.809942,,0,0
215,1791019512476000000,1791019512575417063,,0,99.417063,,0,0
216,1791019512508999936,1791019512608229237,,0,99.229301,,0,0
217,1791019512542000128,1791019512641790418,,0,99.790290,,0,0
218,1791019512575000064,1791019512674667407,,0,99.667343,,0,0
219,1791019512608000000,1791019512707572892,,0,99.572892,,0,0
220,1791019512641999872,1791019512740725066,,0,98.725194,,0,0
221,1791019512675000064,1791019512774363635,,0,99.363571,,0,0
222,1791019512709000192,1791019512809368073,,0,100.367881,,0,0
223,1791019512742000128,1791019512841772637,,0,99.772509,,0,0
224,1791019512776000000,1791019512875683876,,0,99.683876,,0,0
225,1791019512808999936,1791019512908698039,,0,99.698103,,0,0
226,1791019512844000000,1791019512943877926,,0,99.877926,,0,0
227,1791019512872000000,1791019512972405028,,0,100.405028,,0,0
228,1791019512905999872,1791019513005714491,,0,99.714619,,0,0
229,1791019512943000064,1791019513042345735,,0,99.345671,,0,0
230,1791019512972999936,1791019513073322406,,0,100.322470,,0,0
231,1791019513006000128,1791019513107297063,,0,101.296935,,0,0
232,1791019513040000000,1791019513140075711,,0,100.075711,,0,0
233,1791019513072000000,1791019513172338350,,0,100.338350,,0,0
234,1791019513104000000,1791019513203306361,,0,99.306361,,0,0
235,1791019513136000000,1791019513235400536,,0,99.400536,,0,0
236,1791019513168999936,1791019513270594670,,0,101.594734,,0,0
237,1791019513203000064,1791019513304867701,,0,101.867637,,0,0
238,1791019513234999808,1791019513337949471,,0,102.949663,,0,0
239,1791019513268000000,1791019513367048734,,0,99.048734,,0,0
240,1791019513301000192,1791019513400584770,,0,99.584578,,0,0
241,1791019513334000128,1791019513434080576,,0,100.080448,,0,0
242,1791019513367000064,1791019513466349362,,0,99.349298,,0,0
243,1791019513400000000,1791019513500487734,,0,100.487734,,0,0
244,1791019513433000192,1791019513533142338,,0,100.142146,,0,0
245,1791019513466000128,1791019513567537176,,0,101.537048,,0,0
246,1791019513499000064,1791019513598978729,,0,99.978665,,0,0
247,1791019513532000000,1791019513633331662,,0,101.331662,,0,0
248,1791019513565999872,1791019513665515796,,0,99.515924,,0,0
249,1791019513598000128,1791019513698260360,,0,100.260232,,0,0
250,1791019513631000064,1791019513730284692,,0,99.284628,,0,0
251,1791019513664000000,1791019513763323159,,0,99.323159,,0,0
252,1791019513697999872,1791019513798063027,,0,100.063155,,0,0
253,1791019513731000064,1791019513832246378,,0,101.246314,,0,0
254,1791019513764000000,1791019513863748276,,0,99.748276,,0,0
255,1791019513798000128,1791019513898397906,,0,100.397778,,0,0
256,1791019513831000064,1791019513931084918,,0,100.084854,,0,0
257,1791019513865999872,1791019513965317159,,0,99.317287,,0,0
258,1791019513895000064,1791019513994810343,,0,99.810279,,0,0
259,1791019513928000000,1791019514029584294,,0,101.584294,,0,0
260,1791019513963000064,1791019514063213641,,0,100.213577,,0,0
261,1791019513993999872,1791019514094004805,,0,100.004933,,0,0
262,1791019514027000064,1791019514126667789,,0,99.667725,,0,0
263,1791019514060000000,1791019514159299484,,0,99.299484,,0,0
264,1791019514092999936,1791019514193793220,,0,100.793284,,0,0
265,1791019514125999872,1791019514226834480,,0,100.834608,,0,0
266,1791019514158999808,1791019514261403090,,0,102.403282,,0,0
267,1791019514192000000,1791019514291660366,,0,99.660366,,0,0
268,1791019514224999936,1791019514326818459,,0,101.818523,,0,0
269,1791019514257999872,1791019514360805128,,0,102.805256,,0,0
270,1791019514290999808,1791019514395122578,,0,104.122770,,0,0
271,1791019514324000000,1791019514423280063,,0,99.280063,,0,0
272,1791019514357000192,1791019514456626402,,0,99.626210,,0,0
273,1791019514390000128,1791019514490072757,,0,100.072629,,0,0
274,1791019514423000064,1791019514522359981,,0,99.359917,,0,0
275,1791019514456000000,1791019514556205565,,0,100.205565,,0,0
276,1791019514489000192,1791019514589356619,,0,100.356427,,0,0
277,1791019514524000000,1791019514624149288,,0,100.149288,,0,0
278,1791019514556000000,1791019514655873569,,0,99.873569,,0,0
279,1791019514591000064,1791019514690418152,,0,99.418088,,0,0
280,1791019514622999808,1791019514722591670,,0,99.591862,,0,0
281,1791019514657000192,1791019514756063448,,0,99.063256,,0,0
282,1791019514690000128,1791019514789910150,,0,99.910022,,0,0
284,1791019514752999936,1791019514852459958,,0,99.460022,,0,0
286,1791019514819000064,1791019514918763185,,0,99.763121,,0,0
287,1791019514852000000,1791019514952416837,,0,100.416837,,0,0
288,1791019514884999936,1791019514984729484,,0,99.729548,,0,0
289,1791019514917999872,1791019515018306866,,0,100.306994,,0,0
290,1791019514951000064,1791019515050772610,,0,99.772546,,0,0
291,1791019514984000000,1791019515084157501,,0,100.157501,,0,0
292,1791019515016999936,1791019515116944528,,0,99.944592,,0,0
293,1791019515049999872,1791019515150020988,,0,100.021116,,0,0
294,1791019515083000064,1791019515184895234,,0,101.895170,,0,0
295,1791019515116000000,1791019515216534863,,0,100.534863,,0,0
296,1791019515148999936,1791019515249811635,,0,100.811699,,0,0
297,1791019515181999872,1791019515282435227,,0,100.435355,,0,0
298,1791019515214999808,1791019515313952489,,0,98.952681,,0,0
299,1791019515248000000,1791019515350675646,,0,102.675646,,0,0
300,1791019515280999936,1791019515384381820,,0,103.381884,,0,0
301,1791019515315000064,1791019515415350946,,0,100.350882,,0,0
302,1791019515348000000,1791019515447512449,,0,99.512449,,0,0
303,1791019515380999936,1791019515480923881,,0,99.923945,,0,0
304,1791019515415000064,1791019515514873671,,0,99.873607,,0,0
305,1791019515448000000,1791019515547685562,,0,99.685562,,0,0
306,1791019515479000064,1791019515578633735,,0,99.633671,,0,0
307,1791019515512999936,1791019515612087912,,0,99.087976,,0,0
308,1791019515545000192,1791019515645292047,,0,100.291855,,0,0
309,1791019515579000064,1791019515677890774,,0,98.890710,,0,0
310,1791019515612000000,1791019515713887273,,0,101.887273,,0,0
311,1791019515645999872,1791019515745111190,,0,99.111318,,0,0
312,1791019515677999872,1791019515777623590,,0,99.623718,,0,0
313,1791019515712000000,1791019515811359657,,0,99.359657,,0,0
314,1791019515744000000,1791019515843886585,,0,99.886585,,0,0
315,1791019515776999936,1791019515878730378,,0,101.730442,,0,0
316,1791019515809999872,1791019515908723084,,0,98.723212,,0,0
317,1791019515844999936,1791019515944681030,,0,99.681094,,0,0
318,1791019515876000000,1791019515975587576,,0,99.587576,,0,0
319,1791019515908999936,1791019516008967438,,0,99.967502,,0,0
320,1791019515941999872,1791019516045087700,,0,103.087828,,0,0
321,1791019515976000000,1791019516075742527,,0,99.742527,,0,0
322,1791019516008999936,1791019516108995831,,0,99.995895,,0,0
323,1791019516042000128,1791019516141436430,,0,99.436302,,0,0
324,1791019516075000064,1791019516175314140,,0,100.314076,,0,0
325,1791019516108999936,1791019516209571522,,0,100.571586,,0,0
326,1791019516141999872,1791019516242101242,,0,100.101370,,0,0
327,1791019516175000064,1791019516274638226,,0,99.638162,,0,0
328,1791019516209000192,1791019516310215381,,0,101.215189,,0,0
329,1791019516242000128,1791019516342022075,,0,100.021947,,0,0
330,1791019516270999808,1791019516370715123,,0,99.715315,,0,0
331,1791019516308000000,1791019516408439004,,0,100.439004,,0,0
332,1791019516336999936,1791019516436666331,,0,99.666395,,0,0
333,1791019516369999872,1791019516470249299,,0,100.249427,,0,0
334,1791019516403000064,1791019516502923457,,0,99.923393,,0,0
335,1791019516436000000,1791019516535599849,,0,99.599849,,0,0
336,1791019516469000192,1791019516569807502,,0,100.807310,,0,0
337,1791019516502000128,1791019516601168871,,0,99.168743,,0,0
338,1791019516535000064,1791019516634452348,,0,99.452284,,0,0
339,1791019516568000000,1791019516667635250,,0,99.635250,,0,0
340,1791019516601000192,1791019516700409982,,0,99.409790,,0,0
341,1791019516634000128,1791019516733675859,,0,99.675731,,0,0
342,1791019516667000064,1791019516770286146,,0,103.286082,,0,0
343,1791019516700000000,1791019516799086195,,0,99.086195,,0,0
344,1791019516732999936,1791019516832847964,,0,99.848028,,0,0
345,1791019516766000128,1791019516866059082,,0,100.058954,,0,0
346,1791019516799000064,1791019516899407654,,0,100.407590,,0,0
347,1791019516832000000,1791019516932505345,,0,100.505345,,0,0
348,1791019516864999936,1791019516965237334,,0,100.237398,,0,0
349,1791019516898000128,1791019516998612166,,0,100.612038,,0,0
350,1791019516932000000,1791019517032894691,,0,100.894691,,0,0
351,1791019516966000128,1791019517065561863,,0,99.561735,,0,0
352,1791019516999000064,1791019517100065654,,0,101.065590,,0,0
353,1791019517032000000,1791019517131898888,,0,99.898888,,0,0
354,1791019517064000000,1791019517164515214,,0,100.515214,,0,0
355,1791019517098000128,1791019517198575914,,0,100.575786,,0,0
356,1791019517132000000,1791019517234910177,,0,102.910177,,0,0
358,1791019517194999808,1791019517294753662,,0,99.753854,,0,0
359,1791019517228000000,1791019517328216497,,0,100.216497,,0,0
360,1791019517260999936,1791019517360521039,,0,99.521103,,0,0
361,1791019517293999872,1791019517393620685,,0,99.620813,,0,0
362,1791019517326999808,1791019517426335351,,0,99.335543,,0,0
363,1791019517360000000,1791019517459670511,,0,99.670511,,0,0
364,1791019517392999936,1791019517494617951,,0,101.618015,,0,0
365,1791019517426000128,1791019517526207849,,0,100.207721,,0,0
366,1791019517459000064,1791019517558981184,,0,99.981120,,0,0
367,1791019517492000000,1791019517591344953,,0,99.344953,,0,0
368,1791019517525000192,1791019517625077945,,0,100.077753,,0,0
369,1791019517558000128,1791019517656937720,,0,98.937592,,0,0
370,1791019517591000064,1791019517690246060,,0,99.245996,,0,0
371,1791019517624000000,1791019517723392921,,0,99.392921,,0,0
372,1791019517657000192,1791019517756804631,,0,99.804439,,0,0
373,1791019517690000128,1791019517790045082,,0,100.044954,,0,0
374,1791019517723000064,1791019517823262905,,0,100.262841,,0,0
375,1791019517756999936,1791019517857743507,,0,100.743571,,0,0
376,1791019517789999872,1791019517889593224,,0,99.593352,,0,0
377,1791019517824000000,1791019517924068239,,0,100.068239,,0,0
378,1791019517857000192,1791019517956778994,,0,99.778802,,0,0
379,1791019517890000128,1791019517990779070,,0,100.778942,,0,0
380,1791019517923000064,1791019518023407407,,0,100.407343,,0,0
381,1791019517953999872,1791019518060638187,,0,106.638315,,0,0
382,1791019517990000128,1791019518090603232,,0,100.603104,,0,0
383,1791019518022000128,1791019518123362039,,0,101.361911,,0,0
384,1791019518056000000,1791019518155961042,,0,99.961042,,0,0
385,1791019518088999936,1791019518189452931,,0,100.452995,,0,0
386,1791019518119000064,1791019518218775411,,0,99.775347,,0,0
387,1791019518152000000,1791019518251952443,,0,99.952443,,0,0
388,1791019518184999936,1791019518284775506,,0,99.775570,,0,0
389,1791019518217999872,1791019518317594937,,0,99.595065,,0,0
390,1791019518250999808,1791019518351753976,,0,100.754168,,0,0
391,1791019518284000000,1791019518383850661,,0,99.850661,,0,0
392,1791019518316999936,1791019518417274382,,0,100.274446,,0,0
393,1791019518349999872,1791019518451794376,,0,101.794504,,0,0
394,1791019518382999808,1791019518483026392,,0,100.026584,,0,0
395,1791019518416000000,1791019518515194317,,0,99.194317,,0,0
396,1791019518448999936,1791019518548734259,,0,99.734323,,0,0
397,1791019518482000128,1791019518581759311,,0,99.759183,,0,0
398,1791019518516000000,1791019518615970035,,0,99.970035,,0,0
399,1791019518548999936,1791019518649568366,,0,100.568430,,0,0
400,1791019518582000128,1791019518684259617,,0,102.259489,,0,0
401,1791019518617000192,1791019518723844700,,0,106.844508,,0,0
402,1791019518647000064,1791019518747224570,,0,100.224506,,0,0
403,1791019518681999872,1791019518781991532,,0,99.991660,,0,0
404,1791019518716000000,1791019518815632329,,0,99.632329,,0,0
405,1791019518749000192,1791019518849091251,,0,100.091059,,0,0
406,1791019518782000128,1791019518882073279,,0,100.073151,,0,0
407,1791019518812000000,1791019518912732295,,0,100.732295,,0,0
408,1791019518845999872,1791019518944868092,,0,98.868220,,0,0
409,1791019518879000064,1791019518980278457,,0,101.278393,,0,0
410,1791019518912000000,1791019519011689832,,0,99.689832,,0,0
411,1791019518944999936,1791019519044235752,,0,99.235816,,0,0
412,1791019518979000064,1791019519078374396,,0,99.374332,,0,0
413,1791019519012999936,1791019519112002620,,0,99.002684,,0,0
414,1791019519045000192,1791019519145605700,,0,100.605508,,0,0
415,1791019519076000000,1791019519175926390,,0,99.926390,,0,0
416,1791019519112000000,1791019519211226959,,0,99.226959,,0,0
417,1791019519142999808,1791019519242670740,,0,99.670932,,0,0
418,1791019519176000000,1791019519275636005,,0,99.636005,,0,0
419,1791019519209000192,1791019519309282388,,0,100.282196,,0,0
420,1791019519242000128,1791019519341850100,,0,99.849972,,0,0
421,1791019519275000064,1791019519374611140,,0,99.611076,,0,0
422,1791019519308999936,1791019519408878017,,0,99.878081,,0,0
423,1791019519340000000,1791019519440756508,,0,100.756508,,0,0
424,1791019519376000000,1791019519476861960,,0,100.861960,,0,0
425,1791019519407000064,1791019519508259086,,0,101.259022,,0,0
426,1791019519440000000,1791019519539891167,,0,99.891167,,0,0
427,1791019519476000000,1791019519575922025,,0,99.922025,,0,0
428,1791019519507000064,1791019519607113810,,0,100.113746,,0,0
429,1791019519540999936,1791019519640258992,,0,99.259056,,0,0
430,1791019519573999872,1791019519674150668,,0,100.150796,,0,0
432,1791019519637000192,1791019519737348339,,0,100.348147,,0,0
433,1791019519670000128,1791019519770129773,,0,100.129645,,0,0
434,1791019519703000064,1791019519802771799,,0,99.771735,,0,0
435,1791019519736000000,1791019519836081255,,0,100.081255,,0,0
436,1791019519768999936,1791019519868722722,,0,99.722786,,0,0
437,1791019519802000128,1791019519902612721,,0,100.612593,,0,0
438,1791019519835000064,1791019519935257261,,0,100.257197,,0,0
439,1791019519868000000,1791019519968489888,,0,100.489888,,0,0
440,1791019519900999936,1791019520001174938,,0,100.175002,,0,0
441,1791019519934000128,1791019520034370407,,0,100.370279,,0,0
442,1791019519967000064,1791019520067463904,,0,100.463840,,0,0
443,1791019520000000000,1791019520100405420,,0,100.405420,,0,0
444,1791019520032999936,1791019520133310897,,0,100.310961,,0,0
445,1791019520065999872,1791019520165874696,,0,99.874824,,0,0
446,1791019520099000064,1791019520199324118,,0,100.324054,,0,0
447,1791019520132000000,1791019520231654080,,0,99.654080,,0,0
448,1791019520165999872,1791019520266027119,,0,100.027247,,0,0
449,1791019520197999872,1791019520297806710,,0,99.806838,,0,0
450,1791019520232999936,1791019520333117335,,0,100.117399,,0,0
451,1791019520265000192,1791019520365239721,,0,100.239529,,0,0
452,1791019520298000128,1791019520398789439,,0,100.789311,,0,0
453,1791019520332000000,1791019520434833147,,0,102.833147,,0,0
454,1791019520364000000,1791019520464930894,,0,100.930894,,0,0
455,1791019520398000128,1791019520497805359,,0,99.805231,,0,0
456,1791019520431000064,1791019520531915226,,0,100.915162,,0,0
457,1791019520464000000,1791019520564565632,,0,100.565632,,0,0
458,1791019520494999808,1791019520597260739,,0,102.260931,,0,0
459,1791019520528000000,1791019520627797665,,0,99.797665,,0,0
460,1791019520561000192,1791019520661604967,,0,100.604775,,0,0
461,1791019520594000128,1791019520694417970,,0,100.417842,,0,0
462,1791019520627000064,1791019520727591648,,0,100.591584,,0,0
463,1791019520660000000,1791019520764190197,,0,104.190197,,0,0
464,1791019520693000192,1791019520792345163,,0,99.344971,,0,0
465,1791019520726000128,1791019520825362948,,0,99.362820,,0,0
466,1791019520759000064,1791019520859205732,,0,100.205668,,0,0
467,1791019520792000000,1791019520891942186,,0,99.942186,,0,0
468,1791019520824999936,1791019520926473911,,0,101.473975,,0,0
469,1791019520858000128,1791019520957174830,,0,99.174702,,0,0
470,1791019520891000064,1791019520990745781,,0,99.745717,,0,0
471,1791019520924999936,1791019521024754233,,0,99.754297,,0,0
472,1791019520956999936,1791019521056924950,,0,99.925014,,0,0
473,1791019520990000128,1791019521090253680,,0,100.253552,,0,0
474,1791019521023000064,1791019521123769592,,0,100.769528,,0,0
475,1791019521056999936,1791019521156874263,,0,99.874327,,0,0
476,1791019521091000064,1791019521191314910,,0,100.314846,,0,0
477,1791019521122999808,1791019521222836077,,0,99.836269,,0,0
478,1791019521156000000,1791019521257491844,,0,101.491844,,0,0
479,1791019521190000128,1791019521289766488,,0,99.766360,,0,0
480,1791019521224000000,1791019521323788350,,0,99.788350,,0,0
481,1791019521253999872,1791019521354266886,,0,100.267014,,0,0
482,1791019521287000064,1791019521386606904,,0,99.606840,,0,0
483,1791019521320000000,1791019521420456671,,0,100.456671,,0,0
484,1791019521352999936,1791019521453108193,,0,100.108257,,0,0
485,1791019521385999872,1791019521486372388,,0,100.372516,,0,0
486,1791019521418999808,1791019521518546736,,0,99.546928,,0,0
487,1791019521452000000,1791019521552751869,,0,100.751869,,0,0
488,1791019521484999936,1791019521585014779,,0,100.014843,,0,0
489,1791019521517999872,1791019521617427435,,0,99.427563,,0,0
490,1791019521551000064,1791019521651027160,,0,100.027096,,0,0
491,1791019521584000000,1791019521683809990,,0,99.809990,,0,0
492,1791019521617000192,1791019521719092956,,0,102.092764,,0,0
493,1791019521650000128,1791019521750229701,,0,100.229573,,0,0
494,1791019521683000064,1791019521783176524,,0,100.176460,,0,0
495,1791019521716999936,1791019521816695510,,0,99.695574,,0,0
496,1791019521750000128,1791019521849772243,,0,99.772115,,0,0
497,1791019521783000064,1791019521886085827,,0,103.085763,,0,0
498,1791019521816999936,1791019521917469821,,0,100.469885,,0,0
499,1791019521848999936,1791019521949358926,,0,100.358990,,0,0
500,1791019521884000000,1791019521984104652,,0,100.104652,,0,0
501,1791019521916000000,1791019522016660907,,0,100.660907,,0,0
502,1791019521948999936,1791019522049413842,,0,100.413906,,0,0
503,1791019521980000000,1791019522080459789,,0,100.459789,,0,0
504,1791019522013999872,1791019522114679169,,0,100.679297,,0,0
506,1791019522079000064,1791019522179454471,,0,100.454407,,0,0
507,1791019522114000128,1791019522213997368,,0,99.997240,,0,0
508,1791019522147000064,1791019522246351354,,0,99.351290,,0,0
509,1791019522180000000,1791019522280518770,,0,100.518770,,0,0
510,1791019522213999872,1791019522313614500,,0,99.614628,,0,0
511,1791019522246000128,1791019522345793038,,0,99.792910,,0,0
512,1791019522278000128,1791019522377234861,,0,99.234733,,0,0
513,1791019522311000064,1791019522410387304,,0,99.387240,,0,0
514,1791019522342999808,1791019522443981999,,0,100.982191,,0,0
515,1791019522377000192,1791019522477839587,,0,100.839395,,0,0
516,1791019522410000128,1791019522509463563,,0,99.463435,,0,0
517,1791019522441999872,1791019522541067704,,0,99.067832,,0,0
518,1791019522474999808,1791019522574841200,,0,99.841392,,0,0
519,1791019522508000000,1791019522607756173,,0,99.756173,,0,0
520,1791019522540999936,1791019522641714895,,0,100.714959,,0,0
521,1791019522573999872,1791019522674245726,,0,100.245854,,0,0
522,1791019522608000000,1791019522707926190,,0,99.926190,,0,0
523,1791019522640000000,1791019522740952914,,0,100.952914,,0,0
524,1791019522676000000,1791019522775257224,,0,99.257224,,0,0
525,1791019522708000000,1791019522808111293,,0,100.111293,,0,0
526,1791019522740999936,1791019522841155618,,0,100.155682,,0,0
527,1791019522773999872,1791019522874121158,,0,100.121286,,0,0
528,1791019522806999808,1791019522907736806,,0,100.736998,,0,0
529,1791019522840000000,1791019522940530530,,0,100.530530,,0,0
530,1791019522874000128,1791019522975271506,,0,101.271378,,0,0
531,1791019522907000064,1791019523007189665,,0,100.189601,,0,0
532,1791019522938999808,1791019523039257289,,0,100.257481,,0,0
533,1791019522970000128,1791019523070814773,,0,100.814645,,0,0
534,1791019523003000064,1791019523103190549,,0,100.190485,,0,0
535,1791019523036000000,1791019523135722497,,0,99.722497,,0,0
536,1791019523068999936,1791019523168770172,,0,99.770236,,0,0
537,1791019523101999872,1791019523205982507,,0,103.982635,,0,0
538,1791019523135000064,1791019523234723321,,0,99.723257,,0,0
539,1791019523168000000,1791019523268008746,,0,100.008746,,0,0
540,1791019523200999936,1791019523300720053,,0,99.720117,,0,0
541,1791019523233999872,1791019523334289883,,0,100.290011,,0,0
542,1791019523267000064,1791019523371855349,,0,104.855285,,0,0
543,1791019523300000000,1791019523400078759,,0,100.078759,,0,0
544,1791019523332999936,1791019523433592713,,0,100.592777,,0,0
545,1791019523365999872,1791019523466773372,,0,100.773500,,0,0
546,1791019523398999808,1791019523499446963,,0,100.447155,,0,0
547,1791019523432000000,1791019523532036742,,0,100.036742,,0,0
548,1791019523466000128,1791019523566870748,,0,100.870620,,0,0
549,1791019523497999872,1791019523597777844,,0,99.777972,,0,0
550,1791019523530999808,1791019523631466688,,0,100.466880,,0,0
551,1791019523564000000,1791019523664186656,,0,100.186656,,0,0
552,1791019523600000000,1791019523700718989,,0,100.718989,,0,0
553,1791019523631000064,1791019523732063588,,0,101.063524,,0,0
554,1791019523665999872,1791019523769565916,,0,103.566044,,0,0
555,1791019523697999872,1791019523797974552,,0,99.974680,,0,0
556,1791019523729000192,1791019523828689158,,0,99.688966,,0,0
557,1791019523762000128,1791019523862069291,,0,100.069163,,0,0
558,1791019523795000064,1791019523895414782,,0,100.414718,,0,0
559,1791019523828000000,1791019523927944774,,0,99.944774,,0,0
560,1791019523860999936,1791019523960664462,,0,99.664526,,0,0
561,1791019523894000128,1791019523994620948,,0,100.620820,,0,0
562,1791019523927000064,1791019524026782163,,0,99.782099,,0,0
563,1791019523960000000,1791019524059652154,,0,99.652154,,0,0
564,1791019523992999936,1791019524093231761,,0,100.231825,,0,0
565,1791019524026000128,1791019524126574736,,0,100.574608,,0,0
566,1791019524059000064,1791019524158911957,,0,99.911893,,0,0
567,1791019524092000000,1791019524191344167,,0,99.344167,,0,0
568,1791019524124999936,1791019524225239748,,0,100.239812,,0,0
569,1791019524157999872,1791019524258577973,,0,100.578101,,0,0
571,1791019524224000000,1791019524323914537,,0,99.914537,,0,0
572,1791019524256999936,1791019524356959698,,0,99.959762,,0,0
573,1791019524289999872,1791019524390553553,,0,100.553681,,0,0
574,1791019524323000064,1791019524422727339,,0,99.727275,,0,0
575,1791019524357000192,1791019524456904252,,0,99.904060,,0,0
577,1791019524421999872,1791019524522711844,,0,100.711972,,0,0
579,1791019524490000128,1791019524590443778,,0,100.443650,,0,0
580,1791019524523000064,1791019524622634606,,0,99.634542,,0,0
581,1791019524553999872,1791019524653543098,,0,99.543226,,0,0
582,1791019524588000000,1791019524687781194,,0,99.781194,,0,0
583,1791019524621999872,1791019524723197699,,0,101.197827,,0,0
584,1791019524653000192,1791019524752478825,,0,99.478633,,0,0
585,1791019524686000128,1791019524785664512,,0,99.664384,,0,0
586,1791019524719000064,1791019524819631893,,0,100.631829,,0,0
587,1791019524752000000,1791019524852398235,,0,100.398235,,0,0
588,1791019524785000192,1791019524885280520,,0,100.280328,,0,0
589,1791019524819000064,1791019524919954722,,0,100.954658,,0,0
590,1791019524852000000,1791019524951849970,,0,99.849970,,0,0
591,1791019524884999936,1791019524984883955,,0,99.884019,,0,0
592,1791019524917999872,1791019525018749643,,0,100.749771,,0,0
593,1791019524952000000,1791019525051966339,,0,99.966339,,0,0
594,1791019524986000128,1791019525087724519,,0,101.724391,,0,0
596,1791019525052000000,1791019525152026272,,0,100.026272,,0,0
597,1791019525082000128,1791019525182700087,,0,100.699959,,0,0
598,1791019525115000064,1791019525217667353,,0,102.667289,,0,0
599,1791019525148999936,1791019525248782024,,0,99.782088,,0,0
600,1791019525181999872,1791019525282225294,,0,100.225422,,0,0
601,1791019525216000000,1791019525316154958,,0,100.154958,,0,0
602,1791019525249999872,1791019525350478263,,0,100.478391,,0,0
603,1791019525283000064,1791019525383256059,,0,100.255995,,0,0
604,1791019525312999936,1791019525413505502,,0,100.505566,,0,0
605,1791019525348999936,1791019525449744488,,0,100.744552,,0,0
606,1791019525379000064,1791019525479071990,,0,100.071926,,0,0
607,1791019525413000192,1791019525512115753,,0,99.115561,,0,0
608,1791019525446000128,1791019525545400337,,0,99.400209,,0,0
609,1791019525479000064,1791019525579412138,,0,100.412074,,0,0
610,1791019525510999808,1791019525611392036,,0,100.392228,,0,0
611,1791019525544000000,1791019525644821896,,0,100.821896,,0,0
612,1791019525576999936,1791019525676977522,,0,99.977586,,0,0
613,1791019525609999872,1791019525709695252,,0,99.695380,,0,0
614,1791019525642999808,1791019525742970059,,0,99.970251,,0,0
615,1791019525676000000,1791019525776190666,,0,100.190666,,0,0
616,1791019525709000192,1791019525810351094,,0,101.350902,,0,0
617,1791019525742000128,1791019525841311829,,0,99.311701,,0,0
618,1791019525775000064,1791019525874915181,,0,99.915117,,0,0
619,1791019525808000000,1791019525908702922,,0,100.702922,,0,0
620,1791019525841000192,1791019525941407243,,0,100.407051,,0,0
621,1791019525874000128,1791019525976715348,,0,102.715220,,0,0
622,1791019525907000064,1791019526007522705,,0,100.522641,,0,0
623,1791019525940000000,1791019526040805891,,0,100.805891,,0,0
624,1791019525973999872,1791019526075068850,,0,101.068978,,0,0
625,1791019526007000064,1791019526107266660,,0,100.266596,,0,0
626,1791019526040000000,1791019526142087253,,0,102.087253,,0,0
627,1791019526073999872,1791019526176874880,,0,102.875008,,0,0
628,1791019526105999872,1791019526206244566,,0,100.244694,,0,0
629,1791019526139000064,1791019526239329955,,0,100.329891,,0,0
630,1791019526173000192,1791019526277841385,,0,104.841193,,0,0
631,1791019526206000128,1791019526306505368,,0,100.505240,,0,0
632,1791019526240000000,1791019526340669986,,0,100.669986,,0,0
633,1791019526269999872,1791019526370762418,,0,100.762546,,0,0
634,1791019526303000064,1791019526403108578,,0,100.108514,,0,0
635,1791019526336000000,1791019526440612857,,0,104.612857,,0,0
636,1791019526368999936,1791019526468980422,,0,99.980486,,0,0
637,1791019526401999872,1791019526501951545,,0,99.951673,,0,0
638,1791019526435000064,1791019526534902554,,0,99.902490,,0,0
639,1791019526468000000,1791019526567975649,,0,99.975649,,0,0
640,1791019526500999936,1791019526601671474,,0,100.671538,,0,0
641,1791019526533999872,1791019526633611142,,0,99.611270,,0,0
642,1791019526566999808,1791019526666767491,,0,99.767683,,0,0
644,1791019526632999936,1791019526732915638,,0,99.915702,,0,0
645,1791019526665999872,1791019526766405005,,0,100.405133,,0,0
646,1791019526700000000,1791019526799861963,,0,99.861963,,0,0
647,1791019526732000000,1791019526831492361,,0,99.492361,,0,0
648,1791019526765000192,1791019526865462533,,0,100.462341,,0,0
649,1791019526798000128,1791019526898136680,,0,100.136552,,0,0
650,1791019526831000064,1791019526931212011,,0,100.211947,,0,0
651,1791019526865999872,1791019526966911521,,0,100.911649,,0,0
652,1791019526898999808,1791019526999470285,,0,100.470477,,0,0
653,1791019526933000192,1791019527032599814,,0,99.599622,,0,0
654,1791019526966000128,1791019527066170477,,0,100.170349,,0,0
655,1791019526996000000,1791019527095960624,,0,99.960624,,0,0
656,1791019527032000000,1791019527131671587,,0,99.671587,,0,0
657,1791019527062000128,1791019527161655900,,0,99.655772,,0,0
658,1791019527095000064,1791019527194623112,,0,99.623048,,0,0
659,1791019527128000000,1791019527228196289,,0,100.196289,,0,0
660,1791019527160999936,1791019527260737452,,0,99.737516,,0,0
661,1791019527194000128,1791019527293734277,,0,99.734149,,0,0
662,1791019527227000064,1791019527326576048,,0,99.575984,,0,0
663,1791019527260000000,1791019527359163587,,0,99.163587,,0,0
664,1791019527292999936,1791019527393216733,,0,100.216797,,0,0
665,1791019527325999872,1791019527426574233,,0,100.574361,,0,0
666,1791019527359000064,1791019527459227146,,0,100.227082,,0,0
667,1791019527392000000,1791019527491663543,,0,99.663543,,0,0
668,1791019527424999936,1791019527526622705,,0,101.622769,,0,0
669,1791019527457999872,1791019527558596734,,0,100.596862,,0,0
670,1791019527491000064,1791019527590634741,,0,99.634677,,0,0
671,1791019527524000000,1791019527623982741,,0,99.982741,,0,0
672,1791019527558000128,1791019527657721030,,0,99.720902,,0,0
673,1791019527591000064,1791019527690605546,,0,99.605482,,0,0
674,1791019527624000000,1791019527723962766,,0,99.962766,,0,0
675,1791019527657000192,1791019527756920479,,0,99.920287,,0,0
676,1791019527691000064,1791019527790692293,,0,99.692229,,0,0
677,1791019527724000000,1791019527824697666,,0,100.697666,,0,0
678,1791019527755000064,1791019527855120599,,0,100.120535,,0,0
679,1791019527790999808,1791019527891706289,,0,100.706481,,0,0
680,1791019527824000000,1791019527924125643,,0,100.125643,,0,0
681,1791019527854000128,1791019527954368100,,0,100.367972,,0,0
682,1791019527888000000,1791019527987233060,,0,99.233060,,0,0
683,1791019527920999936,1791019528021223625,,0,100.223689,,0,0
684,1791019527953999872,1791019528054886202,,0,100.886330,,0,0
685,1791019527989000192,1791019528098594023,,0,109.593831,,0,0
686,1791019528022000128,1791019528121180179,,0,99.180051,,0,0
687,1791019528052999936,1791019528152585956,,0,99.586020,,0,0
688,1791019528088000000,1791019528189989658,,0,101.989658,,0,0
689,1791019528119000064,1791019528221245690,,0,102.245626,,0,0
690,1791019528151000064,1791019528251646831,,0,100.646767,,0,0
691,1791019528187000064,1791019528286598728,,0,99.598664,,0,0
692,1791019528216999936,1791019528317325622,,0,100.325686,,0,0
693,1791019528250999808,1791019528351125093,,0,100.125285,,0,0
694,1791019528285000192,1791019528383740569,,0,98.740377,,0,0
695,1791019528318000128,1791019528417383031,,0,99.382903,,0,0
696,1791019528349999872,1791019528450610619,,0,100.610747,,0,0
697,1791019528384000000,1791019528483942136,,0,99.942136,,0,0
698,1791019528416999936,1791019528517581525,,0,100.581589,,0,0
699,1791019528451000064,1791019528551624891,,0,100.624827,,0,0
700,1791019528484000000,1791019528584033070,,0,100.033070,,0,0
701,1791019528517999872,1791019528618139855,,0,100.139983,,0,0
702,1791019528551000064,1791019528650492438,,0,99.492374,,0,0
703,1791019528584000000,1791019528684141325,,0,100.141325,,0,0
704,1791019528618000128,1791019528717698857,,0,99.698729,,0,0
705,1791019528650000128,1791019528749654726,,0,99.654598,,0,0
706,1791019528678999808,1791019528778779957,,0,99.780149,,0,0
707,1791019528712000000,1791019528812266247,,0,100.266247,,0,0
708,1791019528744999936,1791019528845093211,,0,100.093275,,0,0
709,1791019528778000128,1791019528878820324,,0,100.820196,,0,0
710,1791019528811000064,1791019528913826979,,0,102.826915,,0,0
711,1791019528844000000,1791019528945138048,,0,101.138048,,0,0
712,1791019528877000192,1791019528976682396,,0,99.682204,,0,0
713,1791019528910000128,1791019529011439847,,0,101.439719,,0,0
714,1791019528943000064,1791019529043013249,,0,100.013185,,0,0
715,1791019528976000000,1791019529075821773,,0,99.821773,,0,0
716,1791019529008999936,1791019529108507650,,0,99.507714,,0,0
717,1791019529042000128,1791019529143166481,,0,101.166353,,0,0
719,1791019529108000000,1791019529207854323,,0,99.854323,,0,0
720,1791019529140999936,1791019529241546792,,0,100.546856,,0,0
721,1791019529175000064,1791019529275314693,,0,100.314629,,0,0
722,1791019529208000000,1791019529308244186,,0,100.244186,,0,0
723,1791019529242000128,1791019529341955094,,0,99.954966,,0,0
724,1791019529275000064,1791019529374907217,,0,99.907153,,0,0
725,1791019529308000000,1791019529408189842,,0,100.189842,,0,0
726,1791019529341000192,1791019529441871974,,0,100.871782,,0,0
727,1791019529375000064,1791019529475099561,,0,100.099497,,0,0
728,1791019529408000000,1791019529508830026,,0,100.830026,,0,0
730,1791019529471000064,1791019529572041366,,0,101.041302,,0,0
731,1791019529508000000,1791019529608116074,,0,100.116074,,0,0
732,1791019529539000064,1791019529641216825,,0,102.216761,,0,0
733,1791019529572999936,1791019529673754354,,0,100.754418,,0,0
734,1791019529605999872,1791019529707205163,,0,101.205291,,0,0
735,1791019529636000000,1791019529735969718,,0,99.969718,,0,0
736,1791019529668999936,1791019529769136681,,0,100.136745,,0,0
737,1791019529701999872,1791019529802766570,,0,100.766698,,0,0
738,1791019529734999808,1791019529835555258,,0,100.555450,,0,0
739,1791019529768000000,1791019529868098095,,0,100.098095,,0,0
740,1791019529801000192,1791019529901416200,,0,100.416008,,0,0
741,1791019529834000128,1791019529934627025,,0,100.626897,,0,0
742,1791019529867000064,1791019529966891603,,0,99.891539,,0,0
743,1791019529900000000,1791019529999726947,,0,99.726947,,0,0
744,1791019529933000192,1791019530033914749,,0,100.914557,,0,0
745,1791019529966000128,1791019530065434230,,0,99.434102,,0,0
746,1791019529999000064,1791019530098627174,,0,99.627110,,0,0
747,1791019530032000000,1791019530131644669,,0,99.644669,,0,0
748,1791019530064999936,1791019530166471125,,0,101.471189,,0,0
749,1791019530098000128,1791019530197926350,,0,99.926222,,0,0
750,1791019530134000128,1791019530233752692,,0,99.752564,,0,0
751,1791019530164000000,1791019530264972124,,0,100.972124,,0,0
752,1791019530198999808,1791019530299470033,,0,100.470225,,0,0
753,1791019530231000064,1791019530332234972,,0,101.234908,,0,0
754,1791019530264000000,1791019530363921521,,0,99.921521,,0,0
755,1791019530298000128,1791019530398656620,,0,100.656492,,0,0
756,1791019530331000064,1791019530431376860,,0,100.376796,,0,0
757,1791019530364999936,1791019530464736870,,0,99.736934,,0,0
758,1791019530395000064,1791019530494925405,,0,99.925341,,0,0
759,1791019530428000000,1791019530528062752,,0,100.062752,,0,0
760,1791019530460999936,1791019530561642911,,0,100.642975,,0,0
761,1791019530493999872,1791019530593843512,,0,99.843640,,0,0
762,1791019530527000064,1791019530627633761,,0,100.633697,,0,0
763,1791019530560000000,1791019530660276055,,0,100.276055,,0,0
764,1791019530592999936,1791019530692606286,,0,99.606350,,0,0
765,1791019530625999872,1791019530725854267,,0,99.854395,,0,0
766,1791019530658999808,1791019530759344466,,0,100.344658,,0,0
767,1791019530692000000,1791019530792416161,,0,100.416161,,0,0
768,1791019530724999936,1791019530824337106,,0,99.337170,,0,0
769,1791019530757999872,1791019530859190102,,0,101.190230,,0,0
770,1791019530790999808,1791019530890822731,,0,99.822923,,0,0
771,1791019530824000000,1791019530924136365,,0,100.136365,,0,0
772,1791019530857000192,1791019530957305562,,0,100.305370,,0,0
773,1791019530890000128,1791019530990042564,,0,100.042436,,0,0
774,1791019530924000000,1791019531024284284,,0,100.284284,,0,0
775,1791019530956999936,1791019531057434762,,0,100.434826,,0,0
776,1791019530990000128,1791019531092785326,,0,102.785198,,0,0
777,1791019531025000192,1791019531132810967,,0,107.810775,,0,0
778,1791019531058000128,1791019531158634809,,0,100.634681,,0,0
779,1791019531088999936,1791019531189034271,,0,100.034335,,0,0
780,1791019531120999936,1791019531221556711,,0,100.556775,,0,0
781,1791019531154000128,1791019531254538725,,0,100.538597,,0,0
782,1791019531188999936,1791019531289373002,,0,100.373066,,0,0
783,1791019531220999936,1791019531320909804,,0,99.909868,,0,0
784,1791019531253999872,1791019531355523094,,0,101.523222,,0,0
785,1791019531288000000,1791019531387979602,,0,99.979602,,0,0
787,1791019531352999936,1791019531453704484,,0,100.704548,,0,0
788,1791019531388000000,1791019531487704544,,0,99.704544,,0,0
790,1791019531451000064,1791019531550875649,,0,99.875585,,0,0
791,1791019531484999936,1791019531584683499,,0,99.683563,,0,0
792,1791019531516999936,1791019531616689373,,0,99.689437,,0,0
793,1791019531551000064,1791019531650629646,,0,99.629582,,0,0
795,1791019531616000000,1791019531721069278,,0,105.069278,,0,0
796,1791019531650000128,1791019531749294077,,0,99.293949,,0,0
797,1791019531683000064,1791019531782897982,,0,99.897918,,0,0
798,1791019531716000000,1791019531815649790,,0,99.649790,,0,0
799,1791019531748000000,1791019531849058131,,0,101.058131,,0,0
800,1791019531782000128,1791019531883765292,,0,101.765164,,0,0
801,1791019531816000000,1791019531915825924,,0,99.825924,,0,0
802,1791019531848999936,1791019531949825146,,0,100.825210,,0,0
803,1791019531882999808,1791019531983085418,,0,100.085610,,0,0
804,1791019531915000064,1791019532014964734,,0,99.964670,,0,0
805,1791019531948999936,1791019532048647143,,0,99.647207,,0,0
806,1791019531979000064,1791019532079589990,,0,100.589926,,0,0
807,1791019532012000000,1791019532112726777,,0,100.726777,,0,0
808,1791019532045000192,1791019532145653473,,0,100.653281,,0,0
809,1791019532078000128,1791019532181350741,,0,103.350613,,0,0
810,1791019532111000064,1791019532210859272,,0,99.859208,,0,0
811,1791019532144000000,1791019532244062551,,0,100.062551,,0,0
812,1791019532176999936,1791019532278402331,,0,101.402395,,0,0
813,1791019532210000128,1791019532313284380,,0,103.284252,,0,0
814,1791019532243000064,1791019532344803021,,0,101.802957,,0,0
815,1791019532276000000,1791019532377016750,,0,101.016750,,0,0
816,1791019532308999936,1791019532409882822,,0,100.882886,,0,0
817,1791019532342000128,1791019532442579033,,0,100.578905,,0,0
818,1791019532375000064,1791019532478057829,,0,103.057765,,0,0
819,1791019532408000000,1791019532509417506,,0,101.417506,,0,0
820,1791019532440999936,1791019532543635478,,0,102.635542,,0,0
821,1791019532473999872,1791019532575599165,,0,101.599293,,0,0
822,1791019532508000000,1791019532608682591,,0,100.682591,,0,0
823,1791019532540000000,1791019532640284766,,0,100.284766,,0,0
824,1791019532573999872,1791019532674821227,,0,100.821355,,0,0
825,1791019532607000064,1791019532707693166,,0,100.693102,,0,0
826,1791019532640999936,1791019532741537053,,0,100.537117,,0,0
827,1791019532674000128,1791019532774353396,,0,100.353268,,0,0
828,1791019532707000064,1791019532807183708,,0,100.183644,,0,0
829,1791019532740999936,1791019532841676027,,0,100.676091,,0,0
830,1791019532770999808,1791019532871185676,,0,100.185868,,0,0
831,1791019532804000000,1791019532904100359,,0,100.100359,,0,0
832,1791019532836999936,1791019532937306152,,0,100.306216,,0,0
833,1791019532869999872,1791019532970331468,,0,100.331596,,0,0
834,1791019532903000064,1791019533003318230,,0,100.318166,,0,0
835,1791019532936000000,1791019533036160274,,0,100.160274,,0,0
836,1791019532969000192,1791019533069178046,,0,100.177854,,0,0
837,1791019533002000128,1791019533102485252,,0,100.485124,,0,0
838,1791019533035000064,1791019533134938125,,0,99.938061,,0,0
839,1791019533068000000,1791019533174593032,,0,106.593032,,0,0
841,1791019533134000128,1791019533235304508,,0,101.304380,,0,0
842,1791019533167000064,1791019533271382285,,0,104.382221,,0,0
844,1791019533232999936,1791019533336104761,,0,103.104825,,0,0
845,1791019533267000064,1791019533367313294,,0,100.313230,,0,0
846,1791019533299000064,1791019533399798296,,0,100.798232,,0,0
847,1791019533332000000,1791019533432556248,,0,100.556248,,0,0
848,1791019533365999872,1791019533466056782,,0,100.056910,,0,0
850,1791019533433000192,1791019533533484177,,0,100.483985,,0,0
851,1791019533466000128,1791019533566343263,,0,100.343135,,0,0
852,1791019533500000000,1791019533599948004,,0,99.948004,,0,0
853,1791019533532999936,1791019533633270016,,0,100.270080,,0,0
854,1791019533564999936,1791019533668160445,,0,103.160509,,0,0
855,1791019533599000064,1791019533699259742,,0,100.259678,,0,0
856,1791019533628999936,1791019533728862981,,0,99.863045,,0,0
857,1791019533661999872,1791019533761955346,,0,99.955474,,0,0
858,1791019533694999808,1791019533794944901,,0,99.945093,,0,0
859,1791019533728000000,1791019533828371400,,0,100.371400,,0,0
860,1791019533760999936,1791019533860865062,,0,99.865126,,0,0
861,1791019533793999872,1791019533896131811,,0,102.131939,,0,0
862,1791019533826999808,1791019533926652520,,0,99.652712,,0,0
863,1791019533860000000,1791019533959843785,,0,99.843785,,0,0
864,1791019533892999936,1791019533992972469,,0,99.972533,,0,0
865,1791019533926000128,1791019534026714662,,0,100.714534,,0,0
866,1791019533959000064,1791019534058628897,,0,99.628833,,0,0
867,1791019533992000000,1791019534099107683,,0,107.107683,,0,0
868,1791019534025000192,1791019534124499887,,0,99.499695,,0,0
869,1791019534058000128,1791019534158622310,,0,100.622182,,0,0
870,1791019534092000000,1791019534191996285,,0,99.996285,,0,0
871,1791019534124999936,1791019534224748090,,0,99.748154,,0,0
872,1791019534158999808,1791019534259775412,,0,100.775604,,0,0
873,1791019534192000000,1791019534292193922,,0,100.193922,,0,0
874,1791019534224999936,1791019534326037807,,0,101.037871,,0,0
875,1791019534256999936,1791019534356962493,,0,99.962557,,0,0
876,1791019534292000000,1791019534392429274,,0,100.429274,,0,0
877,1791019534322000128,1791019534422306579,,0,100.306451,,0,0
878,1791019534356000000,1791019534456732126,,0,100.732126,,0,0
879,1791019534388000000,1791019534488795827,,0,100.795827,,0,0
880,1791019534423000064,1791019534523730117,,0,100.730053,,0,0
881,1791019534454999808,1791019534554810416,,0,99.810608,,0,0
882,1791019534488000000,1791019534588260940,,0,100.260940,,0,0
883,1791019534522000128,1791019534622862493,,0,100.862365,,0,0
884,1791019534556000000,1791019534656803602,,0,100.803602,,0,0
885,1791019534588999936,1791019534689824446,,0,100.824510,,0,0
886,1791019534619000064,1791019534718859432,,0,99.859368,,0,0
887,1791019534653000192,1791019534752843285,,0,99.843093,,0,0
888,1791019534686000128,1791019534785970013,,0,99.969885,,0,0
889,1791019534717999872,1791019534818096854,,0,100.096982,,0,0
890,1791019534750999808,1791019534851487591,,0,100.487783,,0,0
891,1791019534784000000,1791019534883962255,,0,99.962255,,0,0
892,1791019534816999936,1791019534917607784,,0,100.607848,,0,0
893,1791019534849999872,1791019534950486984,,0,100.487112,,0,0
894,1791019534882999808,1791019534983638855,,0,100.639047,,0,0
895,1791019534916000000,1791019535016537332,,0,100.537332,,0,0
896,1791019534950000128,1791019535050661431,,0,100.661303,,0,0
897,1791019534983000064,1791019535083594829,,0,100.594765,,0,0
898,1791019535016000000,1791019535116696691,,0,100.696691,,0,0
899,1791019535049999872,1791019535150546442,,0,100.546570,,0,0
900,1791019535083000064,1791019535184419661,,0,101.419597,,0,0
901,1791019535116000000,1791019535216970314,,0,100.970314,,0,0
902,1791019535148999936,1791019535249368987,,0,100.369051,,0,0
904,1791019535212999936,1791019535313648090,,0,100.648154,,0,0
906,1791019535279000064,1791019535380256909,,0,101.256845,,0,0
907,1791019535312000000,1791019535412745540,,0,100.745540,,0,0
908,1791019535344999936,1791019535445828125,,0,100.828189,,0,0
909,1791019535378000128,1791019535478418729,,0,100.418601,,0,0
910,1791019535411000064,1791019535511983517,,0,100.983453,,0,0
911,1791019535444000000,1791019535544045821,,0,100.045821,,0,0
912,1791019535476999936,1791019535576948767,,0,99.948831,,0,0
913,1791019535509999872,1791019535609946701,,0,99.946829,,0,0
914,1791019535543000064,1791019535643189369,,0,100.189305,,0,0
915,1791019535576000000,1791019535676739070,,0,100.739070,,0,0
916,1791019535608999936,1791019535709832830,,0,100.832894,,0,0
917,1791019535641999872,1791019535742142661,,0,100.142789,,0,0
918,1791019535675000064,1791019535775848534,,0,100.848470,,0,0
919,1791019535708000000,1791019535808596147,,0,100.596147,,0,0
920,1791019535742000128,1791019535842283023,,0,100.282895,,0,0
921,1791019535775000064,1791019535875945313,,0,100.945249,,0,0
922,1791019535806999808,1791019535907756737,,0,100.756929,,0,0
923,1791019535841000192,1791019535941204466,,0,100.204274,,0,0
924,1791019535875000064,1791019535975369913,,0,100.369849,,0,0
925,1791019535908000000,1791019536009062934,,0,101.062934,,0,0
926,1791019535940000000,1791019536040306386,,0,100.306386,,0,0
927,1791019535972999936,1791019536075612244,,0,102.612308,,0,0
928,1791019536005000192,1791019536105974264,,0,100.974072,,0,0
929,1791019536039000064,1791019536139829043,,0,100.828979,,0,0
930,1791019536071000064,1791019536171346004,,0,100.345940,,0,0
931,1791019536105999872,1791019536206937664,,0,100.937792,,0,0
932,1791019536137000192,1791019536238354329,,0,101.354137,,0,0
933,1791019536170000128,1791019536273095009,,0,103.094881,,0,0
934,1791019536203000064,1791019536303792281,,0,100.792217,,0,0
935,1791019536236000000,1791019536336172793,,0,100.172793,,0,0
936,1791019536268999936,1791019536370201065,,0,101.201129,,0,0
937,1791019536302000128,1791019536402743615,,0,100.743487,,0,0
938,1791019536335000064,1791019536437245988,,0,102.245924,,0,0
939,1791019536368000000,1791019536468695060,,0,100.695060,,0,0
940,1791019536400999936,1791019536501767587,,0,100.767651,,0,0
941,1791019536434000128,1791019536534823909,,0,100.823781,,0,0
942,1791019536467000064,1791019536567617060,,0,100.616996,,0,0
943,1791019536500000000,1791019536600973991,,0,100.973991,,0,0
944,1791019536532999936,1791019536633670198,,0,100.670262,,0,0
945,1791019536565999872,1791019536666476479,,0,100.476607,,0,0
946,1791019536599000064,1791019536699818324,,0,100.818260,,0,0
947,1791019536632000000,1791019536739498650,,0,107.498650,,0,0
948,1791019536664999936,1791019536769482117,,0,104.482181,,0,0
949,1791019536698999808,1791019536800458765,,0,101.458957,,0,0
950,1791019536732000000,1791019536832121001,,0,100.121001,,0,0
951,1791019536764000000,1791019536865061662,,0,101.061662,,0,0
952,1791019536798000128,1791019536898497936,,0,100.497808,,0,0
953,1791019536832000000,1791019536932869002,,0,100.869002,,0,0
954,1791019536864999936,1791019536966002991,,0,101.003055,,0,0
955,1791019536898000128,1791019536999339807,,0,101.339679,,0,0
956,1791019536928999936,1791019537030183750,,0,101.183814,,0,0
957,1791019536961999872,1791019537062536324,,0,100.536452,,0,0
958,1791019536994999808,1791019537095471955,,0,100.472147,,0,0
959,1791019537028000000,1791019537129104070,,0,101.104070,,0,0
960,1791019537061000192,1791019537161722330,,0,100.722138,,0,0
961,1791019537094000128,1791019537194430270,,0,100.430142,,0,0
962,1791019537127000064,1791019537227608120,,0,100.608056,,0,0
963,1791019537160000000,1791019537260651032,,0,100.651032,,0,0
964,1791019537193000192,1791019537293797033,,0,100.796841,,0,0
965,1791019537227000064,1791019537328026175,,0,101.026111,,0,0
966,1791019537259000064,1791019537359990695,,0,100.990631,,0,0
967,1791019537293999872,1791019537394508712,,0,100.508840,,0,0
968,1791019537326999808,1791019537428948223,,0,101.948415,,0,0
969,1791019537359000064,1791019537461059695,,0,102.059631,,0,0
970,1791019537392999936,1791019537494552402,,0,101.552466,,0,0
971,1791019537426000128,1791019537527052486,,0,101.052358,,0,0
972,1791019537457999872,1791019537558627277,,0,100.627405,,0,0
973,1791019537492000000,1791019537593041086,,0,101.041086,,0,0
974,1791019537526000128,1791019537627267993,,0,101.267865,,0,0
976,1791019537588999936,1791019537689547878,,0,100.547942,,0,0
977,1791019537624999936,1791019537725975987,,0,100.976051,,0,0
979,1791019537688999936,1791019537789383713,,0,100.383777,,0,0
980,1791019537721999872,1791019537823009961,,0,101.010089,,0,0
981,1791019537756000000,1791019537855762321,,0,99.762321,,0,0
982,1791019537788000000,1791019537887856193,,0,99.856193,,0,0
983,1791019537820000000,1791019537921769081,,0,101.769081,,0,0
984,1791019537852999936,1791019537953438860,,0,100.438924,,0,0
985,1791019537885999872,1791019537986893571,,0,100.893699,,0,0
986,1791019537918999808,1791019538018928214,,0,99.928406,,0,0
987,1791019537952000000,1791019538051918882,,0,99.918882,,0,0
988,1791019537984999936,1791019538085607150,,0,100.607214,,0,0
989,1791019538017999872,1791019538117936535,,0,99.936663,,0,0
990,1791019538051000064,1791019538152193892,,0,101.193828,,0,0
991,1791019538084000000,1791019538186206517,,0,102.206517,,0,0
992,1791019538117000192,1791019538217677658,,0,100.677466,,0,0
993,1791019538150000128,1791019538250895179,,0,100.895051,,0,0
994,1791019538184000000,1791019538284349610,,0,100.349610,,0,0
995,1791019538216999936,1791019538317381066,,0,100.381130,,0,0
996,1791019538249000192,1791019538354073744,,0,105.073552,,0,0
997,1791019538283000064,1791019538385457440,,0,102.457376,,0,0
998,1791019538316999936,1791019538417617802,,0,100.617866,,0,0
999,1791019538349999872,1791019538450633892,,0,100.634020,,0,0
1000,1791019538382999808,1791019538483372562,,0,100.372754,,0,0
1001,1791019538416000000,1791019538519471287,,0,103.471287,,0,0
1002,1791019538450000128,1791019538551094130,,0,101.094002,,0,0
1003,1791019538483000064,1791019538584209398,,0,101.209334,,0,0
1004,1791019538512999936,1791019538613969641,,0,100.969705,,0,0
1005,1791019538546000128,1791019538647035740,,0,101.035612,,0,0
1006,1791019538579000064,1791019538680674839,,0,101.674775,,0,0
1007,1791019538612000000,1791019538713030484,,0,101.030484,,0,0
1008,1791019538644999936,1791019538745795975,,0,100.796039,,0,0
1009,1791019538677999872,1791019538779057357,,0,101.057485,,0,0
1010,1791019538711000064,1791019538811823685,,0,100.823621,,0,0
1011,1791019538744000000,1791019538844892578,,0,100.892578,,0,0
1012,1791019538776999936,1791019538878110936,,0,101.111000,,0,0
1013,1791019538809999872,1791019538910844577,,0,100.844705,,0,0
1014,1791019538842999808,1791019538943570955,,0,100.571147,,0,0
1015,1791019538876000000,1791019538976808590,,0,100.808590,,0,0
1016,1791019538908999936,1791019539009662363,,0,100.662427,,0,0
1017,1791019538941999872,1791019539042498255,,0,100.498383,,0,0
1018,1791019538974999808,1791019539075651518,,0,100.651710,,0,0
1019,1791019539008000000,1791019539108605306,,0,100.605306,,0,0
1020,1791019539040999936,1791019539141787345,,0,100.787409,,0,0
1021,1791019539075000064,1791019539175597700,,0,100.597636,,0,0
1022,1791019539107000064,1791019539207941331,,0,100.941267,,0,0
1023,1791019539141999872,1791019539242223552,,0,100.223680,,0,0
1024,1791019539175000064,1791019539276458000,,0,101.457936,,0,0
1025,1791019539208000000,1791019539308421960,,0,100.421960,,0,0
1026,1791019539240999936,1791019539345556050,,0,104.556114,,0,0
1027,1791019539276000000,1791019539376264494,,0,100.264494,,0,0
1028,1791019539308000000,1791019539408840008,,0,100.840008,,0,0
1029,1791019539341000192,1791019539442132959,,0,101.132767,,0,0
1030,1791019539371000064,1791019539472008304,,0,101.008240,,0,0
1031,1791019539407000064,1791019539508876708,,0,101.876644,,0,0
1032,1791019539436999936,1791019539537383390,,0,100.383454,,0,0
1033,1791019539470000128,1791019539570706514,,0,100.706386,,0,0
1034,1791019539503000064,1791019539603542126,,0,100.542062,,0,0
1035,1791019539536000000,1791019539636243638,,0,100.243638,,0,0
1036,1791019539568999936,1791019539668951855,,0,99.951919,,0,0
1037,1791019539601999872,1791019539702783443,,0,100.783571,,0,0
1038,1791019539635000064,1791019539735788636,,0,100.788572,,0,0
1039,1791019539668000000,1791019539768832943,,0,100.832943,,0,0
1040,1791019539700999936,1791019539801720240,,0,100.720304,,0,0
1041,1791019539733999872,1791019539834574850,,0,100.574978,,0,0
1042,1791019539767000064,1791019539868123429,,0,101.123365,,0,0
1043,1791019539800000000,1791019539900995081,,0,100.995081,,0,0
1044,1791019539832999936,1791019539933915904,,0,100.915968,,0,0
1045,1791019539865999872,1791019539967120851,,0,101.120979,,0,0
1046,1791019539898999808,1791019540000186110,,0,101.186302,,0,0
1047,1791019539932000000,1791019540033501131,,0,101.501131,,0,0
1048,1791019539968000000,1791019540068572867,,0,100.572867,,0,0
1050,1791019540030999808,1791019540131676625,,0,100.676817,,0,0
1051,1791019540064000000,1791019540164869838,,0,100.869838,,0,0
1052,1791019540096999936,1791019540197062885,,0,100.062949,,0,0
1053,1791019540130000128,1791019540230070033,,0,100.069905,,0,0
1054,1791019540163000064,1791019540262756458,,0,99.756394,,0,0
1055,1791019540196000000,1791019540296885859,,0,100.885859,,0,0
1056,1791019540231000064,1791019540332205122,,0,101.205058,,0,0
1057,1791019540262000128,1791019540362113992,,0,100.113864,,0,0
1058,1791019540295000064,1791019540395353860,,0,100.353796,,0,0
1059,1791019540328000000,1791019540428786777,,0,100.786777,,0,0
1060,1791019540360999936,1791019540461481024,,0,100.481088,,0,0
1061,1791019540395000064,1791019540495878347,,0,100.878283,,0,0
1062,1791019540428999936,1791019540529749326,,0,100.749390,,0,0
1063,1791019540461999872,1791019540566832010,,0,104.832138,,0,0
1064,1791019540494999808,1791019540595189505,,0,100.189697,,0,0
1065,1791019540527000064,1791019540628021764,,0,101.021700,,0,0
1066,1791019540561000192,1791019540661917327,,0,100.917135,,0,0
1067,1791019540594000128,1791019540695280959,,0,101.280831,,0,0
1068,1791019540625999872,1791019540726309008,,0,100.309136,,0,0
1069,1791019540658999808,1791019540758682253,,0,99.682445,,0,0
1070,1791019540692000000,1791019540792607989,,0,100.607989,,0,0
1071,1791019540724999936,1791019540826572000,,0,101.572064,,0,0
1072,1791019540759000064,1791019540859488630,,0,100.488566,,0,0
1073,1791019540792000000,1791019540891783649,,0,99.783649,,0,0
1074,1791019540825999872,1791019540926533265,,0,100.533393,,0,0
1075,1791019540858000128,1791019540958792244,,0,100.792116,,0,0
1076,1791019540892000000,1791019540992067594,,0,100.067594,,0,0
1077,1791019540924999936,1791019541025969303,,0,100.969367,,0,0
1078,1791019540957999872,1791019541058764404,,0,100.764532,,0,0
1079,1791019540992000000,1791019541092872292,,0,100.872292,,0,0
1080,1791019541020999936,1791019541121509162,,0,100.509226,,0,0
1081,1791019541053999872,1791019541154405397,,0,100.405525,,0,0
1082,1791019541086999808,1791019541187980236,,0,100.980428,,0,0
1083,1791019541120000000,1791019541221829981,,0,101.829981,,0,0
1084,1791019541153000192,1791019541254108515,,0,101.108323,,0,0
1085,1791019541186000128,1791019541287055038,,0,101.054910,,0,0
1086,1791019541219000064,1791019541319616022,,0,100.615958,,0,0
1087,1791019541252000000,1791019541353211535,,0,101.211535,,0,0
1088,1791019541285000192,1791019541387628133,,0,102.627941,,0,0
1089,1791019541318000128,1791019541418701161,,0,100.701033,,0,0
1090,1791019541351000064,1791019541452213141,,0,101.213077,,0,0
1091,1791019541384000000,1791019541486445072,,0,102.445072,,0,0
1092,1791019541416999936,1791019541517868437,,0,100.868501,,0,0
1093,1791019541450000128,1791019541550861895,,0,100.861767,,0,0
1094,1791019541483000064,1791019541583862896,,0,100.862832,,0,0
1095,1791019541516999936,1791019541618916751,,0,101.916815,,0,0
1096,1791019541549999872,1791019541650604964,,0,100.605092,,0,0
1097,1791019541583000064,1791019541683667987,,0,100.667923,,0,0
1098,1791019541616000000,1791019541723453352,,0,107.453352,,0,0
1099,1791019541648999936,1791019541750178173,,0,101.178237,,0,0
1100,1791019541683000064,1791019541783619750,,0,100.619686,,0,0
1101,1791019541716999936,1791019541817040653,,0,100.040717,,0,0
1102,1791019541749000192,1791019541850478319,,0,101.478127,,0,0
1103,1791019541784000000,1791019541884692370,,0,100.692370,,0,0
1105,1791019541845999872,1791019541947030077,,0,101.030205,,0,0
1106,1791019541879000064,1791019541979895581,,0,100.895517,,0,0
1108,1791019541944999936,1791019542045946192,,0,100.946256,,0,0
1109,1791019541977999872,1791019542078981276,,0,100.981404,,0,0
1110,1791019542010999808,1791019542111922210,,0,100.922402,,0,0
1111,1791019542044000000,1791019542145145035,,0,101.145035,,0,0
1112,1791019542076999936,1791019542177869452,,0,100.869516,,0,0
1113,1791019542109999872,1791019542211324717,,0,101.324845,,0,0
1114,1791019542142999808,1791019542244024830,,0,101.025022,,0,0
1115,1791019542176000000,1791019542276840324,,0,100.840324,,0,0
1116,1791019542209000192,1791019542309553008,,0,100.552816,,0,0
1117,1791019542242000128,1791019542342976145,,0,100.976017,,0,0
1118,1791019542275000064,1791019542376988485,,0,101.988421,,0,0
1119,1791019542308000000,1791019542408954397,,0,100.954397,,0,0
1120,1791019542342000128,1791019542442344009,,0,100.343881,,0,0
1121,1791019542374000128,1791019542475136874,,0,101.136746,,0,0
1122,1791019542408000000,1791019542509466865,,0,101.466865,,0,0
1123,1791019542440999936,1791019542541766632,,0,100.766696,,0,0
1124,1791019542474999808,1791019542575720583,,0,100.720775,,0,0
1125,1791019542508000000,1791019542608935305,,0,100.935305,,0,0
1126,1791019542542000128,1791019542643503604,,0,101.503476,,0,0
1127,1791019542575000064,1791019542676870307,,0,101.870243,,0,0
1128,1791019542604999936,1791019542706002230,,0,101.002294,,0,0
1129,1791019542638000128,1791019542738695357,,0,100.695229,,0,0
1130,1791019542671000064,1791019542771791066,,0,100.791002,,0,0
1131,1791019542704000000,1791019542804146428,,0,100.146428,,0,0
1132,1791019542736999936,1791019542837528217,,0,100.528281,,0,0
1133,1791019542769999872,1791019542871303647,,0,101.303775,,0,0
1134,1791019542803000064,1791019542903999289,,0,100.999225,,0,0
1135,1791019542836000000,1791019542936901949,,0,100.901949,,0,0
1136,1791019542868999936,1791019542969738675,,0,100.738739,,0,0
1137,1791019542901999872,1791019543003219643,,0,101.219771,,0,0
1138,1791019542935000064,1791019543036046870,,0,101.046806,,0,0
1139,1791019542968000000,1791019543070925554,,0,102.925554,,0,0
1140,1791019543000999936,1791019543101777035,,0,100.777099,,0,0
1141,1791019543033999872,1791019543134180728,,0,100.180856,,0,0
1142,1791019543066999808,1791019543168035500,,0,101.035692,,0,0
1143,1791019543100000000,1791019543199968165,,0,99.968165,,0,0
1144,1791019543132999936,1791019543235866851,,0,102.866915,,0,0
1145,1791019543165999872,1791019543266697378,,0,100.697506,,0,0
1146,1791019543198999808,1791019543299674351,,0,100.674543,,0,0
1147,1791019543233999872,1791019543334563093,,0,100.563221,,0,0
1148,1791019543266000128,1791019543366391551,,0,100.391423,,0,0
1149,1791019543299000064,1791019543400110266,,0,101.110202,,0,0
1150,1791019543332000000,1791019543432906483,,0,100.906483,,0,0
1151,1791019543367000064,1791019543467956145,,0,100.956081,,0,0
1152,1791019543398999808,1791019543499608317,,0,100.608509,,0,0
1153,1791019543432000000,1791019543533027262,,0,101.027262,,0,0
1154,1791019543463000064,1791019543563723410,,0,100.723346,,0,0
1155,1791019543496999936,1791019543598466318,,0,101.466382,,0,0
1156,1791019543528999936,1791019543636208605,,0,107.208669,,0,0
1157,1791019543562000128,1791019543669727287,,0,107.727159,,0,0
1158,1791019543595000064,1791019543696188096,,0,101.188032,,0,0
1159,1791019543628000000,1791019543728644871,,0,100.644871,,0,0
1160,1791019543661999872,1791019543762649667,,0,100.649795,,0,0
1161,1791019543696000000,1791019543796376205,,0,100.376205,,0,0
1162,1791019543729000192,1791019543829528905,,0,100.528713,,0,0
1163,1791019543762000128,1791019543863329199,,0,101.329071,,0,0
1164,1791019543795000064,1791019543896063952,,0,101.063888,,0,0
1165,1791019543828000000,1791019543928574367,,0,100.574367,,0,0
1166,1791019543860000000,1791019543960290516,,0,100.290516,,0,0
1167,1791019543892999936,1791019543993781540,,0,100.781604,,0,0
1168,1791019543924999936,1791019544025193448,,0,100.193512,,0,0
1169,1791019543959000064,1791019544059048219,,0,100.048155,,0,0
1170,1791019543991000064,1791019544091624845,,0,100.624781,,0,0
1171,1791019544024000000,1791019544142802876,,0,118.802876,,0,0
1172,1791019544058000128,1791019544159149159,,0,101.149031,,0,0
1173,1791019544091000064,1791019544191508431,,0,100.508367,,0,0
1174,1791019544124999936,1791019544225006159,,0,100.006223,,0,0
1175,1791019544157999872,1791019544259265466,,0,101.265594,,0,0
1176,1791019544191000064,1791019544291682568,,0,100.682504,,0,0
1177,1791019544224000000,1791019544325734857,,0,101.734857,,0,0
1178,1791019544257999872,1791019544357951368,,0,99.951496,,0,0
1180,1791019544321000192,1791019544421678964,,0,100.678772,,0,0
1181,1791019544354000128,1791019544455041195,,0,101.041067,,0,0
1182,1791019544387000064,1791019544488228257,,0,101.228193,,0,0
1183,1791019544420000000,1791019544520856288,,0,100.856288,,0,0
1184,1791019544453000192,1791019544553602775,,0,100.602583,,0,0
1185,1791019544486000128,1791019544587510906,,0,101.510778,,0,0
1186,1791019544519000064,1791019544619973267,,0,100.973203,,0,0
1187,1791019544552000000,1791019544653104175,,0,101.104175,,0,0
1188,1791019544584999936,1791019544686094835,,0,101.094899,,0,0
1189,1791019544618000128,1791019544719074880,,0,101.074752,,0,0
1190,1791019544651000064,1791019544751749567,,0,100.749503,,0,0
1191,1791019544684000000,1791019544787030831,,0,103.030831,,0,0
1192,1791019544716999936,1791019544817839287,,0,100.839351,,0,0
1193,1791019544750000128,1791019544850755913,,0,100.755785,,0,0
1194,1791019544784000000,1791019544884862960,,0,100.862960,,0,0
1195,1791019544816999936,1791019544917693538,,0,100.693602,,0,0
1196,1791019544849999872,1791019544950817182,,0,100.817310,,0,0
1197,1791019544882999808,1791019544983649716,,0,100.649908,,0,0
1198,1791019544916000000,1791019545017275398,,0,101.275398,,0,0
1199,1791019544950000128,1791019545051294161,,0,101.294033,,0,0
1200,1791019544983000064,1791019545084172512,,0,101.172448,,0,0
1201,1791019545016999936,1791019545117487527,,0,100.487591,,0,0
1202,1791019545049999872,1791019545151195904,,0,101.196032,,0,0
1203,1791019545083000064,1791019545183342569,,0,100.342505,,0,0
1204,1791019545112999936,1791019545213847901,,0,100.847965,,0,0
1205,1791019545145999872,1791019545247224100,,0,101.224228,,0,0
1206,1791019545178999808,1791019545280084571,,0,101.084763,,0,0
1207,1791019545212000000,1791019545312432666,,0,100.432666,,0,0
1208,1791019545244999936,1791019545345292578,,0,100.292642,,0,0
1209,1791019545278000128,1791019545390004173,,0,112.004045,,0,0
1210,1791019545311000064,1791019545411148737,,0,100.148673,,0,0
1211,1791019545344000000,1791019545445067484,,0,101.067484,,0,0
1212,1791019545377000192,1791019545477658077,,0,100.657885,,0,0
1213,1791019545410000128,1791019545511416742,,0,101.416614,,0,0
1214,1791019545443000064,1791019545543437967,,0,100.437903,,0,0
1215,1791019545476000000,1791019545576585357,,0,100.585357,,0,0
1216,1791019545509999872,1791019545611657367,,0,101.657495,,0,0
1217,1791019545542000128,1791019545641883044,,0,99.882916,,0,0
1218,1791019545575000064,1791019545675891470,,0,100.891406,,0,0
1219,1791019545608000000,1791019545708513354,,0,100.513354,,0,0
1220,1791019545640999936,1791019545742403325,,0,101.403389,,0,0
1221,1791019545675000064,1791019545775523894,,0,100.523830,,0,0
1222,1791019545708000000,1791019545808916855,,0,100.916855,,0,0
1223,1791019545742000128,1791019545842286908,,0,100.286780,,0,0
1224,1791019545775000064,1791019545875678193,,0,100.678129,,0,0
1225,1791019545808000000,1791019545908656839,,0,100.656839,,0,0
1226,1791019545841000192,1791019545942038625,,0,101.038433,,0,0
1227,1791019545875000064,1791019545975631620,,0,100.631556,,0,0
1228,1791019545904999936,1791019546006039449,,0,101.039513,,0,0
1229,1791019545937999872,1791019546039076764,,0,101.076892,,0,0
1230,1791019545971000064,1791019546071906782,,0,100.906718,,0,0
1231,1791019546004000000,1791019546104686791,,0,100.686791,,0,0
1232,1791019546036999936,1791019546138502168,,0,101.502232,,0,0
1233,1791019546069999872,1791019546171017049,,0,101.017177,,0,0
1234,1791019546102999808,1791019546205100068,,0,102.100260,,0,0
1235,1791019546136000000,1791019546237332221,,0,101.332221,,0,0
1236,1791019546168999936,1791019546269244769,,0,100.244833,,0,0
1237,1791019546201999872,1791019546302173406,,0,100.173534,,0,0
1238,1791019546234999808,1791019546335587319,,0,100.587511,,0,0
1239,1791019546268000000,1791019546372651837,,0,104.651837,,0,0
1240,1791019546301000192,1791019546402979206,,0,101.979014,,0,0
1242,1791019546367000064,1791019546466941474,,0,99.941410,,0,0
1243,1791019546400000000,1791019546500949061,,0,100.949061,,0,0
1244,1791019546433000192,1791019546533632406,,0,100.632214,,0,0
1245,1791019546466000128,1791019546566961390,,0,100.961262,,0,0
1246,1791019546499000064,1791019546599996190,,0,100.996126,,0,0
1247,1791019546532999936,1791019546634207442,,0,101.207506,,0,0
1248,1791019546566999808,1791019546667655998,,0,100.656190,,0,0
1249,1791019546599000064,1791019546700130370,,0,101.130306,,0,0
1250,1791019546632000000,1791019546733538137,,0,101.538137,,0,0
1251,1791019546665999872,1791019546768208404,,0,102.208532,,0,0
1252,1791019546697999872,1791019546799672832,,0,101.672960,,0,0
1253,1791019546731000064,1791019546832252808,,0,101.252744,,0,0
1254,1791019546764000000,1791019546864857370,,0,100.857370,,0,0
1255,1791019546796999936,1791019546897986320,,0,100.986384,,0,0
1256,1791019546829999872,1791019546930615187,,0,100.615315,,0,0
1257,1791019546862999808,1791019546963902543,,0,100.902735,,0,0
1258,1791019546897000192,1791019546998470558,,0,101.470366,,0,0
1259,1791019546931000064,1791019547031338849,,0,100.338785,,0,0
1260,1791019546964000000,1791019547064490986,,0,100.490986,,0,0
1261,1791019546994999808,1791019547094845733,,0,99.845925,,0,0
1262,1791019547027000064,1791019547129214272,,0,102.214208,,0,0
1263,1791019547061000192,1791019547161824700,,0,100.824508,,0,0
1264,1791019547092999936,1791019547193384953,,0,100.385017,,0,0
1265,1791019547125999872,1791019547229388679,,0,103.388807,,0,0
1266,1791019547158999808,1791019547259777510,,0,100.777702,,0,0
1267,1791019547192000000,1791019547292682679,,0,100.682679,,0,0
1268,1791019547224999936,1791019547325576393,,0,100.576457,,0,0
1269,1791019547257999872,1791019547358863189,,0,100.863317,,0,0
1270,1791019547290999808,1791019547392388293,,0,101.388485,,0,0
1271,1791019547324999936,1791019547425491819,,0,100.491883,,0,0
1272,1791019547358000128,1791019547460183596,,0,102.183468,,0,0
1273,1791019547390000128,1791019547490856831,,0,100.856703,,0,0
1274,1791019547424000000,1791019547525151057,,0,101.151057,,0,0
1275,1791019547456999936,1791019547558177754,,0,101.177818,,0,0
1276,1791019547491000064,1791019547591686934,,0,100.686870,,0,0
1277,1791019547524000000,1791019547624758331,,0,100.758331,,0,0
1278,1791019547555000064,1791019547656590976,,0,101.590912,,0,0
1279,1791019547591000064,1791019547691291973,,0,100.291909,,0,0
1280,1791019547624000000,1791019547724099081,,0,100.099081,,0,0
1281,1791019547654000128,1791019547756149918,,0,102.149790,,0,0
1282,1791019547687000064,1791019547788285965,,0,101.285901,,0,0
1283,1791019547720000000,1791019547821545103,,0,101.545103,,0,0
1284,1791019547752999936,1791019547854304438,,0,101.304502,,0,0
1285,1791019547786000128,1791019547886928275,,0,100.928147,,0,0
1286,1791019547819000064,1791019547920090749,,0,101.090685,,0,0
1287,1791019547852000000,1791019547955121689,,0,103.121689,,0,0
1288,1791019547884999936,1791019547985563601,,0,100.563665,,0,0
1289,1791019547918999808,1791019548019815919,,0,100.816111,,0,0
1290,1791019547951000064,1791019548051134232,,0,100.134168,,0,0
1291,1791019547984000000,1791019548084845679,,0,100.845679,,0,0
1292,1791019548016999936,1791019548124448045,,0,107.448109,,0,0
1293,1791019548049999872,1791019548155754903,,0,105.755031,,0,0
1294,1791019548083000064,1791019548184660526,,0,101.660462,,0,0
1295,1791019548116000000,1791019548217153894,,0,101.153894,,0,0
1296,1791019548148999936,1791019548249961559,,0,100.961623,,0,0
1297,1791019548183000064,1791019548284567567,,0,101.567503,,0,0
1298,1791019548216000000,1791019548317359867,,0,101.359867,,0,0
1299,1791019548249000192,1791019548350701141,,0,101.700949,,0,0
1300,1791019548283000064,1791019548384612341,,0,101.612277,,0,0
1301,1791019548316999936,1791019548418816607,,0,101.816671,,0,0
1302,1791019548348999936,1791019548450875266,,0,101.875330,,0,0
1303,1791019548382999808,1791019548484306498,,0,101.306690,,0,0
1304,1791019548415000064,1791019548516137745,,0,101.137681,,0,0
1305,1791019548446000128,1791019548547458572,,0,101.458444,,0,0
1306,1791019548479000064,1791019548580308703,,0,101.308639,,0,0
1307,1791019548512000000,1791019548613082285,,0,101.082285,,0,0
1308,1791019548545000192,1791019548645756129,,0,100.755937,,0,0
1309,1791019548578000128,1791019548679651405,,0,101.651277,,0,0
1310,1791019548611000064,1791019548712217690,,0,101.217626,,0,0
1311,1791019548644000000,1791019548745444140,,0,101.444140,,0,0
1312,1791019548676999936,1791019548778179168,,0,101.179232,,0,0
1313,1791019548710000128,1791019548810349857,,0,100.349729,,0,0
1314,1791019548743000064,1791019548844103768,,0,101.103704,,0,0
1316,1791019548808999936,1791019548910070275,,0,101.070339,,0,0
1317,1791019548842000128,1791019548943141392,,0,101.141264,,0,0
1318,1791019548875000064,1791019548976134005,,0,101.133941,,0,0
1319,1791019548908000000,1791019549008934965,,0,100.934965,,0,0
1320,1791019548940999936,1791019549041936796,,0,100.936860,,0,0
1321,1791019548973999872,1791019549074829391,,0,100.829519,,0,0
1322,1791019549008000000,1791019549108361756,,0,100.361756,,0,0
1323,1791019549040999936,1791019549141817014,,0,100.817078,,0,0
1324,1791019549075000064,1791019549175054359,,0,100.054295,,0,0
1325,1791019549107000064,1791019549208438376,,0,101.438312,,0,0
1326,1791019549140000000,1791019549240901570,,0,100.901570,,0,0
1327,1791019549173000192,1791019549273954247,,0,100.954055,,0,0
1328,1791019549207000064,1791019549308335356,,0,101.335292,,0,0
1329,1791019549237999872,1791019549339125089,,0,101.125217,,0,0
1330,1791019549270999808,1791019549371727133,,0,100.727325,,0,0
1331,1791019549305999872,1791019549406681242,,0,100.681370,,0,0
1332,1791019549336999936,1791019549437847853,,0,100.847917,,0,0
1333,1791019549369999872,1791019549473152858,,0,103.152986,,0,0
1334,1791019549403000064,1791019549503514308,,0,100.514244,,0,0
1335,1791019549436000000,1791019549536302137,,0,100.302137,,0,0
1336,1791019549469000192,1791019549570502770,,0,101.502578,,0,0
1337,1791019549504000000,1791019549604675185,,0,100.675185,,0,0
1338,1791019549535000064,1791019549635782010,,0,100.781946,,0,0
1339,1791019549568000000,1791019549669407687,,0,101.407687,,0,0
1340,1791019549601000192,1791019549701873116,,0,100.872924,,0,0
1341,1791019549634000128,1791019549735224167,,0,101.224039,,0,0
1342,1791019549668000000,1791019549769307461,,0,101.307461,,0,0
1343,1791019549700999936,1791019549802018462,,0,101.018526,,0,0
1344,1791019549734999808,1791019549835943630,,0,100.943822,,0,0
1345,1791019549768000000,1791019549868943784,,0,100.943784,,0,0
1346,1791019549802000128,1791019549902368870,,0,100.368742,,0,0
1347,1791019549835000064,1791019549935617948,,0,100.617884,,0,0
1348,1791019549864999936,1791019549966439809,,0,101.439873,,0,0
1349,1791019549903000064,1791019550006836998,,0,103.836934,,0,0
1350,1791019549933000192,1791019550033880858,,0,100.880666,,0,0
1351,1791019549967000064,1791019550067798762,,0,100.798698,,0,0
1352,1791019550000999936,1791019550101707166,,0,100.707230,,0,0
1353,1791019550029999872,1791019550130774546,,0,100.774674,,0,0
1354,1791019550063000064,1791019550163708208,,0,100.708144,,0,0
1355,1791019550101000192,1791019550201729863,,0,100.729671,,0,0
1356,1791019550132999936,1791019550233858643,,0,100.858707,,0,0
1357,1791019550161999872,1791019550262693862,,0,100.693990,,0,0
1358,1791019550194999808,1791019550295725864,,0,100.726056,,0,0
1359,1791019550229000192,1791019550329699363,,0,100.699171,,0,0
1360,1791019550260999936,1791019550361449030,,0,100.449094,,0,0
1361,1791019550293999872,1791019550395585685,,0,101.585813,,0,0
1362,1791019550326999808,1791019550427825098,,0,100.825290,,0,0
1363,1791019550360000000,1791019550461050149,,0,101.050149,,0,0
1364,1791019550392999936,1791019550493103777,,0,100.103841,,0,0
1365,1791019550426000128,1791019550527154663,,0,101.154535,,0,0
1366,1791019550459000064,1791019550559369770,,0,100.369706,,0,0
1367,1791019550492000000,1791019550593355283,,0,101.355283,,0,0
1368,1791019550525000192,1791019550626103718,,0,101.103526,,0,0
1369,1791019550558000128,1791019550659751465,,0,101.751337,,0,0
1370,1791019550591000064,1791019550692154872,,0,101.154808,,0,0
1371,1791019550624000000,1791019550725651197,,0,101.651197,,0,0
1372,1791019550657999872,1791019550758759190,,0,100.759318,,0,0
1373,1791019550691000064,1791019550805878719,,0,114.878655,,0,0
1374,1791019550724999936,1791019550825372727,,0,100.372791,,0,0
1375,1791019550756999936,1791019550858272864,,0,101.272928,,0,0
1376,1791019550789999872,1791019550891000067,,0,101.000195,,0,0
1377,1791019550824000000,1791019550925235620,,0,101.235620,,0,0
1378,1791019550858000128,1791019550959195430,,0,101.195302,,0,0
1379,1791019550891000064,1791019550992051426,,0,101.051362,,0,0
1381,1791019550953999872,1791019551055260208,,0,101.260336,,0,0
1382,1791019550987000064,1791019551088771338,,0,101.771274,,0,0
1383,1791019551020000000,1791019551120913528,,0,100.913528,,0,0
1384,1791019551052999936,1791019551154346713,,0,101.346777,,0,0
1385,1791019551085999872,1791019551187971550,,0,101.971678,,0,0
1386,1791019551119000064,1791019551219664503,,0,100.664439,,0,0
1387,1791019551152000000,1791019551253498871,,0,101.498871,,0,0
1388,1791019551184999936,1791019551286125778,,0,101.125842,,0,0
1389,1791019551217999872,1791019551319202759,,0,101.202887,,0,0
1390,1791019551250999808,1791019551353457309,,0,102.457501,,0,0
1391,1791019551284000000,1791019551384772546,,0,100.772546,,0,0
1392,1791019551316999936,1791019551417877185,,0,100.877249,,0,0
1393,1791019551349999872,1791019551451398932,,0,101.399060,,0,0
1394,1791019551382999808,1791019551484120267,,0,101.120459,,0,0
1395,1791019551416000000,1791019551517036607,,0,101.036607,,0,0
1396,1791019551448999936,1791019551550822644,,0,101.822708,,0,0
1397,1791019551483000064,1791019551584311704,,0,101.311640,,0,0
1398,1791019551516000000,1791019551617285875,,0,101.285875,,0,0
1399,1791019551549999872,1791019551650994524,,0,100.994652,,0,0
1400,1791019551583000064,1791019551684713790,,0,101.713726,,0,0
1401,1791019551617000192,1791019551717673433,,0,100.673241,,0,0
1402,1791019551648999936,1791019551749894965,,0,100.895029,,0,0
1403,1791019551683000064,1791019551783906179,,0,100.906115,,0,0
1404,1791019551716000000,1791019551817093793,,0,101.093793,,0,0
1405,1791019551749000192,1791019551850006780,,0,101.006588,,0,0
1406,1791019551783000064,1791019551884677600,,0,101.677536,,0,0
1407,1791019551812000000,1791019551913269760,,0,101.269760,,0,0
1408,1791019551844999936,1791019551945620364,,0,100.620428,,0,0
1409,1791019551878000128,1791019551978684494,,0,100.684366,,0,0
1410,1791019551911000064,1791019552011601392,,0,100.601328,,0,0
1411,1791019551944000000,1791019552044753244,,0,100.753244,,0,0
1412,1791019551976999936,1791019552077694448,,0,100.694512,,0,0
1413,1791019552009999872,1791019552111060023,,0,101.060151,,0,0
1414,1791019552043000064,1791019552144476724,,0,101.476660,,0,0
1415,1791019552076000000,1791019552177318190,,0,101.318190,,0,0
1416,1791019552108999936,1791019552209704273,,0,100.704337,,0,0
1417,1791019552141999872,1791019552243288320,,0,101.288448,,0,0
1418,1791019552175000064,1791019552275764921,,0,100.764857,,0,0
1419,1791019552208000000,1791019552311332536,,0,103.332536,,0,0
1420,1791019552240999936,1791019552342433491,,0,101.433555,,0,0
1421,1791019552273999872,1791019552375831753,,0,101.831881,,0,0
1422,1791019552308000000,1791019552408677410,,0,100.677410,,0,0
1423,1791019552342999808,1791019552444067063,,0,101.067255,,0,0
1424,1791019552375000064,1791019552476926968,,0,101.926904,,0,0
1425,1791019552408000000,1791019552509225048,,0,101.225048,,0,0
1426,1791019552440999936,1791019552542496194,,0,101.496258,,0,0
1427,1791019552473999872,1791019552577593340,,0,103.593468,,0,0
1428,1791019552506000128,1791019552606279650,,0,100.279522,,0,0
1429,1791019552538000128,1791019552639147098,,0,101.146970,,0,0
1430,1791019552571000064,1791019552676873170,,0,105.873106,,0,0
1431,1791019552604000000,1791019552704696209,,0,100.696209,,0,0
1432,1791019552637000192,1791019552738213764,,0,101.213572,,0,0
1433,1791019552672000000,1791019552774340410,,0,102.340410,,0,0
1434,1791019552704000000,1791019552804727839,,0,100.727839,,0,0
1435,1791019552736999936,1791019552837940875,,0,100.940939,,0,0
1436,1791019552770999808,1791019552871602309,,0,100.602501,,0,0
1437,1791019552804000000,1791019552904667555,,0,100.667555,,0,0
1438,1791019552838000128,1791019552938566738,,0,100.566610,,0,0
1439,1791019552871000064,1791019552973224706,,0,102.224642,,0,0
1441,1791019552934000128,1791019553034570327,,0,100.570199,,0,0
1443,1791019553000999936,1791019553101366849,,0,100.366913,,0,0
1445,1791019553068000000,1791019553168893660,,0,100.893660,,0,0
1446,1791019553101000192,1791019553201446250,,0,100.446058,,0,0
1447,1791019553134000128,1791019553234717954,,0,100.717826,,0,0
1448,1791019553167000064,1791019553268034358,,0,101.034294,,0,0
1450,1791019553232999936,1791019553334152555,,0,101.152619,,0,0
1451,1791019553267000064,1791019553367434596,,0,100.434532,,0,0
1452,1791019553300000000,1791019553401393564,,0,101.393564,,0,0
1453,1791019553334000128,1791019553435128752,,0,101.128624,,0,0
1454,1791019553367000064,1791019553468295411,,0,101.295347,,0,0
1455,1791019553400999936,1791019553501804305,,0,100.804369,,0,0
1456,1791019553432000000,1791019553532967000,,0,100.967000,,0,0
1457,1791019553461999872,1791019553563664535,,0,101.664663,,0,0
1458,1791019553494999808,1791019553597476273,,0,102.476465,,0,0
1459,1791019553528000000,1791019553629443291,,0,101.443291,,0,0
1460,1791019553561000192,1791019553662343146,,0,101.342954,,0,0
1461,1791019553594000128,1791019553696085598,,0,102.085470,,0,0
1462,1791019553627000064,1791019553728215772,,0,101.215708,,0,0
1463,1791019553660000000,1791019553760198995,,0,100.198995,,0,0
1464,1791019553693000192,1791019553794933510,,0,101.933318,,0,0
1465,1791019553726000128,1791019553827604835,,0,101.604707,,0,0
1466,1791019553759000064,1791019553860118593,,0,101.118529,,0,0
1467,1791019553792000000,1791019553892903065,,0,100.903065,,0,0
1468,1791019553824999936,1791019553926068326,,0,101.068390,,0,0
1469,1791019553858000128,1791019553959660754,,0,101.660626,,0,0
1470,1791019553891000064,1791019553992013590,,0,101.013526,,0,0
1471,1791019553924999936,1791019554025750734,,0,100.750798,,0,0
1472,1791019553956999936,1791019554064435063,,0,107.435127,,0,0
1473,1791019553990000128,1791019554090960678,,0,100.960550,,0,0
1474,1791019554024000000,1791019554125590427,,0,101.590427,,0,0
1475,1791019554058000128,1791019554159147372,,0,101.147244,,0,0
1476,1791019554091000064,1791019554195857353,,0,104.857289,,0,0
1477,1791019554124000000,1791019554224699552,,0,100.699552,,0,0
1478,1791019554157000192,1791019554258632538,,0,101.632346,,0,0
1479,1791019554190000128,1791019554291899770,,0,101.899642,,0,0
1480,1791019554220999936,1791019554322671898,,0,101.671962,,0,0
1481,1791019554253999872,1791019554355585441,,0,101.585569,,0,0
1482,1791019554287000064,1791019554389955370,,0,102.955306,,0,0
1483,1791019554320000000,1791019554421377046,,0,101.377046,,0,0
1484,1791019554352999936,1791019554454631707,,0,101.631771,,0,0
1485,1791019554385999872,1791019554487519268,,0,101.519396,,0,0
1486,1791019554418999808,1791019554520970330,,0,101.970522,,0,0
1487,1791019554452000000,1791019554553612320,,0,101.612320,,0,0
1488,1791019554484999936,1791019554586113783,,0,101.113847,,0,0
1489,1791019554517999872,1791019554619200819,,0,101.200947,,0,0
1490,1791019554551000064,1791019554651973277,,0,100.973213,,0,0
1491,1791019554584000000,1791019554685451159,,0,101.451159,,0,0
1492,1791019554617000192,1791019554719980053,,0,102.979861,,0,0
1493,1791019554650000128,1791019554751531359,,0,101.531231,,0,0
1494,1791019554684000000,1791019554785415733,,0,101.415733,,0,0
1495,1791019554716000000,1791019554817266531,,0,101.266531,,0,0
1496,1791019554750000128,1791019554851231644,,0,101.231516,,0,0
1497,1791019554783000064,1791019554884347735,,0,101.347671,,0,0
1498,1791019554816999936,1791019554918605913,,0,101.605977,,0,0
1499,1791019554848999936,1791019554950447771,,0,101.447835,,0,0
1500,1791019554882999808,1791019554984947051,,0,101.947243,,0,0
1501,1791019554916000000,1791019555017667265,,0,101.667265,,0,0
1502,1791019554950000128,1791019555051143749,,0,101.143621,,0,0
1503,1791019554983000064,1791019555084667727,,0,101.667663,,0,0
1504,1791019555016999936,1791019555118572215,,0,101.572279,,0,0
1506,1791019555079000064,1791019555180439985,,0,101.439921,,0,0
1507,1791019555112000000,1791019555213582057,,0,101.582057,,0,0
1508,1791019555144999936,1791019555246554547,,0,101.554611,,0,0
1509,1791019555177999872,1791019555279283142,,0,101.283270,,0,0
1510,1791019555211000064,1791019555311791310,,0,100.791246,,0,0
1511,1791019555244000000,1791019555345863982,,0,101.863982,,0,0
1512,1791019555276999936,1791019555378402602,,0,101.402666,,0,0
1513,1791019555309999872,1791019555411541879,,0,101.542007,,0,0
1514,1791019555342999808,1791019555443907845,,0,100.908037,,0,0
1515,1791019555376000000,1791019555477787189,,0,101.787189,,0,0
1516,1791019555408999936,1791019555510582834,,0,101.582898,,0,0
1517,1791019555441999872,1791019555542421897,,0,100.422025,,0,0
1518,1791019555474999808,1791019555576376672,,0,101.376864,,0,0
1519,1791019555508999936,1791019555609576295,,0,100.576359,,0,0
1520,1791019555540999936,1791019555642363280,,0,101.363344,,0,0
1521,1791019555575000064,1791019555676349066,,0,101.349002,,0,0
1522,1791019555608999936,1791019555709944285,,0,100.944349,,0,0
1523,1791019555642999808,1791019555743965831,,0,100.966023,,0,0
1524,1791019555675000064,1791019555776120868,,0,101.120804,,0,0
1525,1791019555708000000,1791019555809847673,,0,101.847673,,0,0
1526,1791019555742000128,1791019555843615546,,0,101.615418,,0,0
1527,1791019555776000000,1791019555877571439,,0,101.571439,,0,0
1528,1791019555808000000,1791019555909168562,,0,101.168562,,0,0
1529,1791019555838000128,1791019555943320577,,0,105.320449,,0,0
1530,1791019555871000064,1791019555972648051,,0,101.647987,,0,0
1531,1791019555904000000,1791019556005324124,,0,101.324124,,0,0
1532,1791019555936999936,1791019556038174526,,0,101.174590,,0,0
1533,1791019555972000000,1791019556072734987,,0,100.734987,,0,0
1534,1791019556006000128,1791019556107501348,,0,101.501220,,0,0
1535,1791019556038000128,1791019556138889218,,0,100.889090,,0,0
1536,1791019556071000064,1791019556171778174,,0,100.778110,,0,0
1537,1791019556104999936,1791019556205589070,,0,100.589134,,0,0
1538,1791019556136000000,1791019556236017284,,0,100.017284,,0,0
1539,1791019556171000064,1791019556272210138,,0,101.210074,,0,0
1540,1791019556200999936,1791019556302371268,,0,101.371332,,0,0
1541,1791019556233999872,1791019556335036724,,0,101.036852,,0,0
1542,1791019556267000064,1791019556367864496,,0,100.864432,,0,0
1543,1791019556301000192,1791019556401337068,,0,100.336876,,0,0
1544,1791019556334000128,1791019556435946979,,0,101.946851,,0,0
1545,1791019556365999872,1791019556467206336,,0,101.206464,,0,0
1546,1791019556400000000,1791019556500227716,,0,100.227716,,0,0
1547,1791019556433000192,1791019556533431528,,0,100.431336,,0,0
1548,1791019556466000128,1791019556566690378,,0,100.690250,,0,0
1549,1791019556499000064,1791019556599859547,,0,100.859483,,0,0
1550,1791019556532000000,1791019556652039681,,0,120.039681,,0,0
1551,1791019556566999808,1791019556667353944,,0,100.354136,,0,0
1552,1791019556599000064,1791019556700533451,,0,101.533387,,0,0
1553,1791019556632999936,1791019556733583327,,0,100.583391,,0,0
1554,1791019556664999936,1791019556767597050,,0,102.597114,,0,0
1555,1791019556700000000,1791019556800517016,,0,100.517016,,0,0
1556,1791019556729000192,1791019556830076372,,0,101.076180,,0,0
1557,1791019556762000128,1791019556864116356,,0,102.116228,,0,0
1558,1791019556795000064,1791019556900723803,,0,105.723739,,0,0
1560,1791019556860999936,1791019556961584981,,0,100.585045,,0,0
1562,1791019556927000064,1791019557027998751,,0,100.998687,,0,0
1563,1791019556960000000,1791019557061182447,,0,101.182447,,0,0
1564,1791019556992999936,1791019557094520080,,0,101.520144,,0,0
1565,1791019557026000128,1791019557127451500,,0,101.451372,,0,0
1566,1791019557059000064,1791019557159544513,,0,100.544449,,0,0
1567,1791019557092000000,1791019557192901702,,0,100.901702,,0,0
1568,1791019557124999936,1791019557226709803,,0,101.709867,,0,0
1569,1791019557157999872,1791019557261835720,,0,103.835848,,0,0
1570,1791019557191000064,1791019557293662767,,0,102.662703,,0,0
1571,1791019557224999936,1791019557325756060,,0,100.756124,,0,0
1572,1791019557257999872,1791019557358987250,,0,100.987378,,0,0
1573,1791019557290999808,1791019557391748251,,0,100.748443,,0,0
1574,1791019557324000000,1791019557425622005,,0,101.622005,,0,0
1575,1791019557357000192,1791019557457917287,,0,100.917095,,0,0
1576,1791019557391000064,1791019557492210384,,0,101.210320,,0,0
1577,1791019557424000000,1791019557525384302,,0,101.384302,,0,0
1578,1791019557456999936,1791019557557503577,,0,100.503641,,0,0
1579,1791019557491000064,1791019557592296478,,0,101.296414,,0,0
1580,1791019557524000000,1791019557625123132,,0,101.123132,,0,0
1581,1791019557556999936,1791019557658367173,,0,101.367237,,0,0
1582,1791019557586999808,1791019557689112198,,0,102.112390,,0,0
1583,1791019557620000000,1791019557721128663,,0,101.128663,,0,0
1584,1791019557653000192,1791019557753816467,,0,100.816275,,0,0
1585,1791019557686000128,1791019557787332900,,0,101.332772,,0,0
1586,1791019557719000064,1791019557820338355,,0,101.338291,,0,0
1587,1791019557752000000,1791019557853115280,,0,101.115280,,0,0
1588,1791019557785000192,1791019557885322558,,0,100.322366,,0,0
1589,1791019557818000128,1791019557919339632,,0,101.339504,,0,0
1590,1791019557851000064,1791019557952202046,,0,101.201982,,0,0
1591,1791019557884000000,1791019557984350376,,0,100.350376,,0,0
1592,1791019557916999936,1791019558017365887,,0,100.365951,,0,0
1593,1791019557950000128,1791019558050926740,,0,100.926612,,0,0
1594,1791019557983000064,1791019558084837371,,0,101.837307,,0,0
1595,1791019558016000000,1791019558117369283,,0,101.369283,,0,0
1596,1791019558048999936,1791019558149860406,,0,100.860470,,0,0
1597,1791019558083000064,1791019558183929722,,0,100.929658,,0,0
1598,1791019558117000192,1791019558217734470,,0,100.734278,,0,0
1599,1791019558150000128,1791019558251580006,,0,101.579878,,0,0
1600,1791019558183000064,1791019558284861762,,0,101.861698,,0,0
1601,1791019558216000000,1791019558316393509,,0,100.393509,,0,0
1602,1791019558249000192,1791019558349704320,,0,100.704128,,0,0
1603,1791019558283000064,1791019558384184878,,0,101.184814,,0,0
1604,1791019558315000064,1791019558415576657,,0,100.576593,,0,0
1605,1791019558348999936,1791019558449555176,,0,100.555240,,0,0
1606,1791019558381999872,1791019558483510507,,0,101.510635,,0,0
1607,1791019558415000064,1791019558516505624,,0,101.505560,,0,0
1608,1791019558444999936,1791019558546867345,,0,101.867409,,0,0
1609,1791019558477999872,1791019558585929944,,0,107.930072,,0,0
1610,1791019558510999808,1791019558612754209,,0,101.754401,,0,0
1611,1791019558544000000,1791019558649421441,,0,105.421441,,0,0
1612,1791019558576999936,1791019558678711755,,0,101.711819,,0,0
1613,1791019558609999872,1791019558711597077,,0,101.597205,,0,0
1614,1791019558642999808,1791019558744237387,,0,101.237579,,0,0
1615,1791019558676000000,1791019558778147180,,0,102.147180,,0,0
1616,1791019558711000064,1791019558811941591,,0,100.941527,,0,0
1617,1791019558743000064,1791019558844177364,,0,101.177300,,0,0
1619,1791019558808999936,1791019558910398082,,0,101.398146,,0,0
1620,1791019558842999808,1791019558944662124,,0,101.662316,,0,0
1621,1791019558876000000,1791019558976721052,,0,100.721052,,0,0
1622,1791019558908999936,1791019559009222232,,0,100.222296,,0,0
1624,1791019558973999872,1791019559075311363,,0,101.311491,,0,0
1625,1791019559007000064,1791019559108803767,,0,101.803703,,0,0
1626,1791019559040000000,1791019559141159950,,0,101.159950,,0,0
1627,1791019559073999872,1791019559175764550,,0,101.764678,,0,0
1628,1791019559107000064,1791019559208396477,,0,101.396413,,0,0
1629,1791019559140000000,1791019559241534633,,0,101.534633,,0,0
1630,1791019559174000128,1791019559276002897,,0,102.002769,,0,0
1631,1791019559207000064,1791019559308427248,,0,101.427184,,0,0
1632,1791019559237999872,1791019559339477629,,0,101.477757,,0,0
1633,1791019559273999872,1791019559375403396,,0,101.403524,,0,0
1634,1791019559303000064,1791019559403584030,,0,100.583966,,0,0
1635,1791019559336999936,1791019559437759787,,0,100.759851,,0,0
1636,1791019559368999936,1791019559469641032,,0,100.641096,,0,0
1637,1791019559401999872,1791019559502992910,,0,100.993038,,0,0
1638,1791019559436000000,1791019559538145086,,0,102.145086,,0,0
1639,1791019559468000000,1791019559568716058,,0,100.716058,,0,0
1640,1791019559500999936,1791019559601903664,,0,100.903728,,0,0
1641,1791019559535000064,1791019559636046735,,0,101.046671,,0,0
1642,1791019559566999808,1791019559667954799,,0,100.954991,,0,0
1643,1791019559600000000,1791019559701739431,,0,101.739431,,0,0
1644,1791019559632999936,1791019559734096173,,0,101.096237,,0,0
1645,1791019559665999872,1791019559767269530,,0,101.269658,,0,0
1646,1791019559698999808,1791019559801792831,,0,102.793023,,0,0
1647,1791019559732999936,1791019559834611102,,0,101.611166,,0,0
1648,1791019559766000128,1791019559867915766,,0,101.915638,,0,0
1649,1791019559799000064,1791019559900173888,,0,101.173824,,0,0
1650,1791019559832999936,1791019559938391096,,0,105.391160,,0,0
1651,1791019559865999872,1791019559967372699,,0,101.372827,,0,0
1652,1791019559898999808,1791019560000842195,,0,101.842387,,0,0
1653,1791019559933000192,1791019560033360695,,0,100.360503,,0,0
1654,1791019559967000064,1791019560074093680,,0,107.093616,,0,0
1655,1791019559999000064,1791019560099986504,,0,100.986440,,0,0
1656,1791019560028999936,1791019560129840597,,0,100.840661,,0,0
1657,1791019560062000128,1791019560163885326,,0,101.885198,,0,0
1658,1791019560095000064,1791019560195888657,,0,100.888593,,0,0
1659,1791019560128000000,1791019560228765037,,0,100.765037,,0,0
1660,1791019560160999936,1791019560261743948,,0,100.744012,,0,0
1661,1791019560194000128,1791019560294623401,,0,100.623273,,0,0
1662,1791019560227000064,1791019560327690315,,0,100.690251,,0,0
1663,1791019560260000000,1791019560360458856,,0,100.458856,,0,0
1664,1791019560292999936,1791019560393899575,,0,100.899639,,0,0
1665,1791019560325999872,1791019560426399915,,0,100.400043,,0,0
1666,1791019560359000064,1791019560461540636,,0,102.540572,,0,0
1667,1791019560392000000,1791019560493308173,,0,101.308173,,0,0
1668,1791019560424999936,1791019560526723190,,0,101.723254,,0,0
1669,1791019560457999872,1791019560558985502,,0,100.985630,,0,0
1670,1791019560491000064,1791019560592574011,,0,101.573947,,0,0
1671,1791019560524000000,1791019560625637014,,0,101.637014,,0,0
1672,1791019560556999936,1791019560658123944,,0,101.124008,,0,0
1673,1791019560591000064,1791019560692157778,,0,101.157714,,0,0
1674,1791019560622999808,1791019560724109424,,0,101.109616,,0,0
1675,1791019560656000000,1791019560757268811,,0,101.268811,,0,0
1676,1791019560688999936,1791019560790570122,,0,101.570186,,0,0
1677,1791019560723000064,1791019560824168409,,0,101.168345,,0,0
1678,1791019560755000064,1791019560857653549,,0,102.653485,,0,0
1679,1791019560790999808,1791019560891824835,,0,100.825027,,0,0
1680,1791019560824000000,1791019560925254100,,0,101.254100,,0,0
1681,1791019560854000128,1791019560954998957,,0,100.998829,,0,0
1683,1791019560920000000,1791019561020938619,,0,100.938619,,0,0
1684,1791019560953000192,1791019561054224562,,0,101.224370,,0,0
1685,1791019560986000128,1791019561091016951,,0,105.016823,,0,0
1687,1791019561052000000,1791019561152824365,,0,100.824365,,0,0
1688,1791019561084999936,1791019561186560104,,0,101.560168,,0,0
1689,1791019561118000128,1791019561220895103,,0,102.894975,,0,0
1690,1791019561151000064,1791019561252103330,,0,101.103266,,0,0
1691,1791019561184000000,1791019561284516224,,0,100.516224,,0,0
1692,1791019561216999936,1791019561320160379,,0,103.160443,,0,0
1693,1791019561249999872,1791019561351233387,,0,101.233515,,0,0
1694,1791019561283000064,1791019561383424737,,0,100.424673,,0,0
1695,1791019561316000000,1791019561416961001,,0,100.961001,,0,0
1696,1791019561349999872,1791019561450655672,,0,100.655800,,0,0
1697,1791019561381999872,1791019561482925247,,0,100.925375,,0,0
1698,1791019561415000064,1791019561516723566,,0,101.723502,,0,0
1699,1791019561448999936,1791019561550775279,,0,101.775343,,0,0
1700,1791019561483000064,1791019561584032447,,0,101.032383,,0,0
1701,1791019561516000000,1791019561616929220,,0,100.929220,,0,0
1702,1791019561549999872,1791019561651279585,,0,101.279713,,0,0
1703,1791019561583000064,1791019561684263524,,0,101.263460,,0,0
1704,1791019561616000000,1791019561717764587,,0,101.764587,,0,0
1705,1791019561645999872,1791019561747442114,,0,101.442242,,0,0
1706,1791019561678999808,1791019561780739512,,0,101.739704,,0,0
1707,1791019561712000000,1791019561812882809,,0,100.882809,,0,0
1708,1791019561746000128,1791019561847580718,,0,101.580590,,0,0
1709,1791019561780000000,1791019561881627961,,0,101.627961,,0,0
1710,1791019561812999936,1791019561914167692,,0,101.167756,,0,0
1711,1791019561844999936,1791019561945356921,,0,100.356985,,0,0
1712,1791019561879000064,1791019561979845857,,0,100.845793,,0,0
1713,1791019561912000000,1791019562013485490,,0,101.485490,,0,0
1714,1791019561944999936,1791019562046270791,,0,101.270855,,0,0
1715,1791019561979000064,1791019562079740284,,0,100.740220,,0,0
1716,1791019562009999872,1791019562111409759,,0,101.409887,,0,0
1717,1791019562046000128,1791019562146787388,,0,100.787260,,0,0
1718,1791019562076999936,1791019562178385622,,0,101.385686,,0,0
1719,1791019562108999936,1791019562210523051,,0,101.523115,,0,0
1720,1791019562142999808,1791019562244028303,,0,101.028495,,0,0
1721,1791019562176999936,1791019562277871042,,0,100.871106,,0,0
1722,1791019562210000128,1791019562310858891,,0,100.858763,,0,0
1723,1791019562243000064,1791019562344486510,,0,101.486446,,0,0
1724,1791019562276000000,1791019562377193866,,0,101.193866,,0,0
1725,1791019562309999872,1791019562410538757,,0,100.538885,,0,0
1726,1791019562342999808,1791019562445950470,,0,102.950662,,0,0
1727,1791019562376000000,1791019562477773322,,0,101.773322,,0,0
1728,1791019562405999872,1791019562506786213,,0,100.786341,,0,0
1729,1791019562441999872,1791019562543153391,,0,101.153519,,0,0
1730,1791019562472000000,1791019562572598755,,0,100.598755,,0,0
1731,1791019562505000192,1791019562606743220,,0,101.743028,,0,0
1732,1791019562538000128,1791019562639836393,,0,101.836265,,0,0
1733,1791019562569999872,1791019562671271192,,0,101.271320,,0,0
1734,1791019562602999808,1791019562704611334,,0,101.611526,,0,0
1735,1791019562636000000,1791019562736970308,,0,100.970308,,0,0
1736,1791019562668999936,1791019562770220212,,0,101.220276,,0,0
1737,1791019562701999872,1791019562803430723,,0,101.430851,,0,0
1738,1791019562734999808,1791019562836376107,,0,101.376299,,0,0
1739,1791019562768000000,1791019562869468722,,0,101.468722,,0,0
1740,1791019562801000192,1791019562902194237,,0,101.194045,,0,0
1741,1791019562834000128,1791019562936842974,,0,102.842846,,0,0
1742,1791019562867000064,1791019562968602408,,0,101.602344,,0,0
1743,1791019562900000000,1791019563001340774,,0,101.340774,,0,0
1744,1791019562933000192,1791019563036870383,,0,103.870191,,0,0
1745,1791019562966000128,1791019563067509239,,0,101.509111,,0,0
1746,1791019562999000064,1791019563103398684,,0,104.398620,,0,0
1747,1791019563032000000,1791019563133521813,,0,101.521813,,0,0
1748,1791019563064999936,1791019563167038240,,0,102.038304,,0,0
1749,1791019563098000128,1791019563199004410,,0,101.004282,,0,0
1750,1791019563132999936,1791019563234582630,,0,101.582694,,0,0
1751,1791019563164999936,1791019563267891201,,0,102.891265,,0,0
1752,1791019563200000000,1791019563301226872,,0,101.226872,,0,0
1753,1791019563231000064,1791019563332739337,,0,101.739273,,0,0
1754,1791019563265000192,1791019563366791886,,0,101.791694,,0,0
1755,1791019563299000064,1791019563400676250,,0,101.676186,,0,0
1756,1791019563328999936,1791019563431920794,,0,102.920858,,0,0
1758,1791019563395000064,1791019563496066020,,0,101.065956,,0,0
1759,1791019563428000000,1791019563528930383,,0,100.930383,,0,0
1760,1791019563460999936,1791019563562016013,,0,101.016077,,0,0
1761,1791019563493999872,1791019563594695430,,0,100.695558,,0,0
1762,1791019563527000064,1791019563628028307,,0,101.028243,,0,0
1763,1791019563560000000,1791019563661479360,,0,101.479360,,0,0
1764,1791019563592999936,1791019563694782902,,0,101.782966,,0,0
1765,1791019563625999872,1791019563727620725,,0,101.620853,,0,0
1766,1791019563658999808,1791019563760656905,,0,101.657097,,0,0
1767,1791019563692000000,1791019563793203339,,0,101.203339,,0,0
1768,1791019563724999936,1791019563826376134,,0,101.376198,,0,0
1769,1791019563757999872,1791019563859707335,,0,101.707463,,0,0
1770,1791019563790999808,1791019563891431846,,0,100.432038,,0,0
1771,1791019563824000000,1791019563925470146,,0,101.470146,,0,0
1772,1791019563857000192,1791019563958792407,,0,101.792215,,0,0
1773,1791019563890000128,1791019563991840600,,0,101.840472,,0,0
1774,1791019563924000000,1791019564024812802,,0,100.812802,,0,0
1775,1791019563956999936,1791019564057766286,,0,100.766350,,0,0
1776,1791019563990000128,1791019564091203369,,0,101.203241,,0,0
1777,1791019564024000000,1791019564127716937,,0,103.716937,,0,0
1778,1791019564058000128,1791019564159053394,,0,101.053266,,0,0
1779,1791019564091000064,1791019564191824166,,0,100.824102,,0,0
1780,1791019564120999936,1791019564222485931,,0,101.485995,,0,0
1781,1791019564157000192,1791019564258874619,,0,101.874427,,0,0
1782,1791019564187000064,1791019564288688478,,0,101.688414,,0,0
1783,1791019564220000000,1791019564321258658,,0,101.258658,,0,0
1784,1791019564256999936,1791019564357897387,,0,100.897451,,0,0
1785,1791019564286000128,1791019564387778017,,0,101.777889,,0,0
1786,1791019564319000064,1791019564420439553,,0,101.439489,,0,0
1787,1791019564352000000,1791019564455442258,,0,103.442258,,0,0
1788,1791019564384999936,1791019564485398040,,0,100.398104,,0,0
1789,1791019564417999872,1791019564519255025,,0,101.255153,,0,0
1790,1791019564451000064,1791019564552628131,,0,101.628067,,0,0
1791,1791019564484000000,1791019564585803998,,0,101.803998,,0,0
1792,1791019564516999936,1791019564618381162,,0,101.381226,,0,0
1793,1791019564549999872,1791019564651610390,,0,101.610518,,0,0
1794,1791019564583000064,1791019564683902312,,0,100.902248,,0,0
1795,1791019564616000000,1791019564717929995,,0,101.929995,,0,0
1796,1791019564648999936,1791019564750803857,,0,101.803921,,0,0
1797,1791019564683000064,1791019564784678163,,0,101.678099,,0,0
1798,1791019564716000000,1791019564817277119,,0,101.277119,,0,0
1799,1791019564750999808,1791019564852112198,,0,101.112390,,0,0
1800,1791019564783000064,1791019564885041655,,0,102.041591,,0,0
1801,1791019564813999872,1791019564915321513,,0,101.321641,,0,0
1802,1791019564849999872,1791019564952380982,,0,102.381110,,0,0
1803,1791019564882999808,1791019564984109962,,0,101.110154,,0,0
1804,1791019564916000000,1791019565017092780,,0,101.092780,,0,0
1805,1791019564947000064,1791019565048337321,,0,101.337257,,0,0
1806,1791019564980000000,1791019565084922409,,0,104.922409,,0,0
1807,1791019565013999872,1791019565115340557,,0,101.340685,,0,0
1808,1791019565046999808,1791019565148071377,,0,101.071569,,0,0
1809,1791019565079000064,1791019565180083922,,0,101.083858,,0,0
1810,1791019565112999936,1791019565213793396,,0,100.793460,,0,0
1811,1791019565145999872,1791019565247061176,,0,101.061304,,0,0
1812,1791019565180000000,1791019565281105900,,0,101.105900,,0,0
1813,1791019565212999936,1791019565315322999,,0,102.323063,,0,0
1814,1791019565243000064,1791019565345830827,,0,102.830763,,0,0
1815,1791019565276999936,1791019565378432296,,0,101.432360,,0,0
1816,1791019565308999936,1791019565410711925,,0,101.711989,,0,0
1817,1791019565342999808,1791019565444174989,,0,101.175181,,0,0
1818,1791019565376000000,1791019565477060025,,0,101.060025,,0,0
1819,1791019565408999936,1791019565510477271,,0,101.477335,,0,0
1820,1791019565441999872,1791019565543605922,,0,101.606050,,0,0
1821,1791019565476000000,1791019565578443515,,0,102.443515,,0,0
1823,1791019565542000128,1791019565642547389,,0,100.547261,,0,0
1825,1791019565608999936,1791019565710671760,,0,101.671824,,0,0
1826,1791019565642999808,1791019565743801528,,0,100.801720,,0,0
1827,1791019565676999936,1791019565777652925,,0,100.652989,,0,0
1828,1791019565709000192,1791019565809873046,,0,100.872854,,0,0
1829,1791019565743000064,1791019565843952692,,0,100.952628,,0,0
1830,1791019565776999936,1791019565877998534,,0,100.998598,,0,0
1831,1791019565804000000,1791019565905336844,,0,101.336844,,0,0
1832,1791019565836999936,1791019565938014863,,0,101.014927,,0,0
1833,1791019565869999872,1791019565971904533,,0,101.904661,,0,0
1834,1791019565903000064,1791019566003879642,,0,100.879578,,0,0
1835,1791019565936000000,1791019566039110874,,0,103.110874,,0,0
1836,1791019565969000192,1791019566073157553,,0,104.157361,,0,0
1837,1791019566002000128,1791019566103722931,,0,101.722803,,0,0
1838,1791019566035000064,1791019566136467719,,0,101.467655,,0,0
1839,1791019566068000000,1791019566170064883,,0,102.064883,,0,0
1840,1791019566101000192,1791019566202831741,,0,101.831549,,0,0
1841,1791019566134000128,1791019566235529315,,0,101.529187,,0,0
1842,1791019566167000064,1791019566268685903,,0,101.685839,,0,0
1843,1791019566200000000,1791019566301514503,,0,101.514503,,0,0
1844,1791019566232999936,1791019566334313770,,0,101.313834,,0,0
1845,1791019566266000128,1791019566367387942,,0,101.387814,,0,0
1846,1791019566299000064,1791019566400628622,,0,101.628558,,0,0
1847,1791019566332999936,1791019566433984404,,0,100.984468,,0,0
1848,1791019566365999872,1791019566467305545,,0,101.305673,,0,0
1849,1791019566398999808,1791019566500828115,,0,101.828307,,0,0
1850,1791019566432000000,1791019566533765672,,0,101.765672,,0,0
1851,1791019566466000128,1791019566567002720,,0,101.002592,,0,0
1852,1791019566499000064,1791019566600280557,,0,101.280493,,0,0
1853,1791019566532999936,1791019566634492906,,0,101.492970,,0,0
1854,1791019566565999872,1791019566667258926,,0,101.259054,,0,0
1855,1791019566598000128,1791019566703901843,,0,105.901715,,0,0
1856,1791019566628999936,1791019566730654302,,0,101.654366,,0,0
1857,1791019566661999872,1791019566763682656,,0,101.682784,,0,0
1858,1791019566694999808,1791019566797668990,,0,102.669182,,0,0
1859,1791019566728000000,1791019566828938116,,0,100.938116,,0,0
1860,1791019566760999936,1791019566861758894,,0,100.758958,,0,0
1861,1791019566793999872,1791019566896333593,,0,102.333721,,0,0
1862,1791019566826999808,1791019566928072628,,0,101.072820,,0,0
1863,1791019566860000000,1791019566960929167,,0,100.929167,,0,0
1864,1791019566892999936,1791019566993963388,,0,100.963452,,0,0
1865,1791019566926000128,1791019567026692251,,0,100.692123,,0,0
1866,1791019566959000064,1791019567060161459,,0,101.161395,,0,0
1867,1791019566992000000,1791019567093357438,,0,101.357438,,0,0
1868,1791019567025000192,1791019567132456067,,0,107.455875,,0,0
1869,1791019567058000128,1791019567160247523,,0,102.247395,,0,0
1870,1791019567091000064,1791019567192891455,,0,101.891391,,0,0
1871,1791019567124000000,1791019567225743522,,0,101.743522,,0,0
1872,1791019567157000192,1791019567258113667,,0,101.113475,,0,0
1873,1791019567191000064,1791019567292240805,,0,101.240741,,0,0
1874,1791019567224000000,1791019567326258707,,0,102.258707,,0,0
1875,1791019567256999936,1791019567359464464,,0,102.464528,,0,0
1876,1791019567290999808,1791019567393787444,,0,102.787636,,0,0
1878,1791019567357000192,1791019567458847339,,0,101.847147,,0,0
1879,1791019567388000000,1791019567488985271,,0,100.985271,,0,0
1880,1791019567420999936,1791019567522375416,,0,101.375480,,0,0
1881,1791019567453999872,1791019567555585084,,0,101.585212,,0,0
1882,1791019567487000064,1791019567588261424,,0,101.261360,,0,0
1883,1791019567520000000,1791019567621139753,,0,101.139753,,0,0
1884,1791019567552999936,1791019567654733842,,0,101.733906,,0,0
1885,1791019567585999872,1791019567688177627,,0,102.177755,,0,0
1886,1791019567619000064,1791019567720227328,,0,101.227264,,0,0
1887,1791019567652000000,1791019567755103751,,0,103.103751,,0,0
1888,1791019567684999936,1791019567786548883,,0,101.548947,,0,0
1889,1791019567717999872,1791019567818915674,,0,100.915802,,0,0
1890,1791019567750999808,1791019567852631851,,0,101.632043,,0,0
1891,1791019567784000000,1791019567885340598,,0,101.340598,,0,0
1892,1791019567816999936,1791019567918393816,,0,101.393880,,0,0
1893,1791019567849999872,1791019567951969467,,0,101.969595,,0,0
1894,1791019567882999808,1791019567984790523,,0,101.790715,,0,0
1895,1791019567916000000,1791019568017955491,,0,101.955491,,0,0
1896,1791019567948999936,1791019568050628477,,0,101.628541,,0,0
1897,1791019567983000064,1791019568084841103,,0,101.841039,,0,0
1898,1791019568016000000,1791019568117599300,,0,101.599300,,0,0
1899,1791019568048000000,1791019568151405993,,0,103.405993,,0,0
1900,1791019568082000128,1791019568184350532,,0,102.350404,,0,0
1901,1791019568115000064,1791019568216920709,,0,101.920645,,0,0
1902,1791019568148999936,1791019568250527089,,0,101.527153,,0,0
1903,1791019568183000064,1791019568284944777,,0,101.944713,,0,0
1904,1791019568216000000,1791019568318595299,,0,102.595299,,0,0
1905,1791019568248000000,1791019568350230684,,0,102.230684,,0,0
1906,1791019568282000128,1791019568383744871,,0,101.744743,,0,0
1907,1791019568312000000,1791019568416886650,,0,104.886650,,0,0
1908,1791019568345999872,1791019568447812142,,0,101.812270,,0,0
1909,1791019568379000064,1791019568480607495,,0,101.607431,,0,0
1910,1791019568413000192,1791019568514060219,,0,101.060027,,0,0
1911,1791019568447000064,1791019568548707833,,0,101.707769,,0,0
1912,1791019568479000064,1791019568580510564,,0,101.510500,,0,0
1913,1791019568512000000,1791019568613570486,,0,101.570486,,0,0
1914,1791019568546000128,1791019568647107302,,0,101.107174,,0,0
1915,1791019568576999936,1791019568678271101,,0,101.271165,,0,0
1916,1791019568608999936,1791019568709987506,,0,100.987570,,0,0
1917,1791019568642999808,1791019568747530569,,0,104.530761,,0,0
1918,1791019568676000000,1791019568777689174,,0,101.689174,,0,0
1919,1791019568708000000,1791019568809697806,,0,101.697806,,0,0
1920,1791019568740999936,1791019568842162378,,0,101.162442,,0,0
1921,1791019568773999872,1791019568876011536,,0,102.011664,,0,0
1922,1791019568806999808,1791019568910663061,,0,103.663253,,0,0
1923,1791019568841000192,1791019568941972136,,0,100.971944,,0,0
1924,1791019568874000128,1791019568974745418,,0,100.745290,,0,0
1925,1791019568907000064,1791019569008492045,,0,101.491981,,0,0
1926,1791019568940999936,1791019569042250405,,0,101.250469,,0,0
1927,1791019568976000000,1791019569078693845,,0,102.693845,,0,0
1928,1791019569008000000,1791019569108823674,,0,100.823674,,0,0
1929,1791019569040999936,1791019569143353390,,0,102.353454,,0,0
1930,1791019569071000064,1791019569172042199,,0,101.042135,,0,0
1931,1791019569104000000,1791019569205273657,,0,101.273657,,0,0
1932,1791019569140999936,1791019569244168618,,0,103.168682,,0,0
1934,1791019569203000064,1791019569304366534,,0,101.366470,,0,0
1935,1791019569236000000,1791019569336923299,,0,100.923299,,0,0
1936,1791019569268999936,1791019569371128660,,0,102.128724,,0,0
1937,1791019569302000128,1791019569403823158,,0,101.823030,,0,0
1938,1791019569335000064,1791019569436908222,,0,101.908158,,0,0
1939,1791019569368000000,1791019569470012005,,0,102.012005,,0,0
1940,1791019569400999936,1791019569502595311,,0,101.595375,,0,0
1941,1791019569434000128,1791019569535643778,,0,101.643650,,0,0
1942,1791019569467000064,1791019569569111587,,0,102.111523,,0,0
1943,1791019569500000000,1791019569602699528,,0,102.699528,,0,0
1944,1791019569532999936,1791019569634320664,,0,101.320728,,0,0
1945,1791019569565999872,1791019569667349016,,0,101.349144,,0,0
1946,1791019569599000064,1791019569700776874,,0,101.776810,,0,0
1947,1791019569632999936,1791019569734778571,,0,101.778635,,0,0
1948,1791019569665999872,1791019569767802731,,0,101.802859,,0,0
1949,1791019569698999808,1791019569801100960,,0,102.101152,,0,0
1950,1791019569732999936,1791019569834021752,,0,101.021816,,0,0
1951,1791019569766000128,1791019569869361099,,0,103.360971,,0,0
1952,1791019569800000000,1791019569901080854,,0,101.080854,,0,0
1953,1791019569832000000,1791019569935319741,,0,103.319741,,0,0
1954,1791019569865999872,1791019569967434254,,0,101.434382,,0,0
1955,1791019569898999808,1791019570000385498,,0,101.385690,,0,0
1956,1791019569931000064,1791019570032604218,,0,101.604154,,0,0
1957,1791019569964999936,1791019570067151534,,0,102.151598,,0,0
1958,1791019569994999808,1791019570096329249,,0,101.329441,,0,0
1959,1791019570028000000,1791019570130220591,,0,102.220591,,0,0
1960,1791019570061000192,1791019570162679854,,0,101.679662,,0,0
1961,1791019570094000128,1791019570195971935,,0,101.971807,,0,0
1962,1791019570127000064,1791019570228870096,,0,101.870032,,0,0
1963,1791019570160000000,1791019570261448372,,0,101.448372,,0,0
1964,1791019570193000192,1791019570293961554,,0,100.961362,,0,0
1965,1791019570226000128,1791019570326668064,,0,100.667936,,0,0
1966,1791019570259000064,1791019570360119948,,0,101.119884,,0,0
1967,1791019570292000000,1791019570392857747,,0,100.857747,,0,0
1968,1791019570324999936,1791019570425984718,,0,100.984782,,0,0
1969,1791019570358000128,1791019570458863043,,0,100.862915,,0,0
1970,1791019570391000064,1791019570492800762,,0,101.800698,,0,0
1971,1791019570424999936,1791019570526894930,,0,101.894994,,0,0
1972,1791019570457999872,1791019570559992286,,0,101.992414,,0,0
1973,1791019570491000064,1791019570592504071,,0,101.504007,,0,0
1974,1791019570523000064,1791019570624849628,,0,101.849564,,0,0
1975,1791019570556999936,1791019570658386721,,0,101.386785,,0,0
1976,1791019570591000064,1791019570691857882,,0,100.857818,,0,0
1977,1791019570624000000,1791019570725875502,,0,101.875502,,0,0
1978,1791019570657000192,1791019570760427567,,0,103.427375,,0,0
1979,1791019570690000128,1791019570791656180,,0,101.656052,,0,0
1980,1791019570724000000,1791019570825523216,,0,101.523216,,0,0
1981,1791019570756999936,1791019570862354428,,0,105.354492,,0,0
1982,1791019570789999872,1791019570890588133,,0,100.588261,,0,0
1983,1791019570823000064,1791019570924364093,,0,101.364029,,0,0
1984,1791019570852999936,1791019570955114135,,0,102.114199,,0,0
1985,1791019570888999936,1791019570990610490,,0,101.610554,,0,0
1986,1791019570918999808,1791019571020246381,,0,101.246573,,0,0
1987,1791019570952000000,1791019571052787220,,0,100.787220,,0,0
1988,1791019570984999936,1791019571089439072,,0,104.439136,,0,0
1989,1791019571019000064,1791019571120797593,,0,101.797529,,0,0
1990,1791019571052000000,1791019571153809739,,0,101.809739,,0,0
1991,1791019571084000000,1791019571185796855,,0,101.796855,,0,0
1992,1791019571117000192,1791019571219333109,,0,102.332917,,0,0
1993,1791019571151000064,1791019571252779684,,0,101.779620,,0,0
1994,1791019571186000128,1791019571286713211,,0,100.713083,,0,0
1995,1791019571220000000,1791019571321698587,,0,101.698587,,0,0
1996,1791019571252000000,1791019571353943567,,0,101.943567,,0,0
1997,1791019571282000128,1791019571384150502,,0,102.150374,,0,0
1998,1791019571318000128,1791019571419295122,,0,101.294994,,0,0
1999,1791019571352000000,1791019571452926364,,0,100.926364,,0,0
2000,1791019571384000000,1791019571486386349,,0,102.386349,,0,0
2001,1791019571418999808,1791019571521110788,,0,102.110980,,0,0
2002,1791019571448000000,1791019571549931740,,0,101.931740,,0,0
2003,1791019571480999936,1791019571582962883,,0,101.962947,,0,0
2004,1791019571515000064,1791019571616734931,,0,101.734867,,0,0
2005,1791019571552999936,1791019571654034375,,0,101.034439,,0,0
2006,1791019571583000064,1791019571684691105,,0,101.691041,,0,0
2007,1791019571616000000,1791019571720331617,,0,104.331617,,0,0
2009,1791019571678999808,1791019571779956529,,0,100.956721,,0,0
2010,1791019571711000064,1791019571812235034,,0,101.234970,,0,0
2011,1791019571744999936,1791019571846057090,,0,101.057154,,0,0
2012,1791019571778000128,1791019571879156960,,0,101.156832,,0,0
2014,1791019571842999808,1791019571944176058,,0,101.176250,,0,0
2015,1791019571876000000,1791019571981894566,,0,105.894566,,0,0
2016,1791019571908999936,1791019572010989864,,0,101.989928,,0,0
2017,1791019571941999872,1791019572043841089,,0,101.841217,,0,0
2018,1791019571974999808,1791019572076914137,,0,101.914329,,0,0
2019,1791019572008000000,1791019572109961763,,0,101.961763,,0,0
2020,1791019572040999936,1791019572142429963,,0,101.430027,,0,0
2021,1791019572073999872,1791019572174846758,,0,100.846886,,0,0
2022,1791019572107000064,1791019572208907120,,0,101.907056,,0,0
2023,1791019572140999936,1791019572242418509,,0,101.418573,,0,0
2024,1791019572173000192,1791019572274019807,,0,101.019615,,0,0
2025,1791019572206000128,1791019572307527843,,0,101.527715,,0,0
2026,1791019572240999936,1791019572345686646,,0,104.686710,,0,0
2027,1791019572273999872,1791019572377068914,,0,103.069042,,0,0
2028,1791019572308000000,1791019572409613942,,0,101.613942,,0,0
2029,1791019572339000064,1791019572440930835,,0,101.930771,,0,0
2030,1791019572375000064,1791019572476263754,,0,101.263690,,0,0
2031,1791019572407000064,1791019572508667418,,0,101.667354,,0,0
2032,1791019572436999936,1791019572541035881,,0,104.035945,,0,0
2033,1791019572470000128,1791019572571331098,,0,101.330970,,0,0
2034,1791019572503000064,1791019572604387943,,0,101.387879,,0,0
2035,1791019572539000064,1791019572640526301,,0,101.526237,,0,0
2036,1791019572572000000,1791019572673992711,,0,101.992711,,0,0
2037,1791019572601999872,1791019572703880318,,0,101.880446,,0,0
2038,1791019572635000064,1791019572736750540,,0,101.750476,,0,0
2039,1791019572668000000,1791019572769576341,,0,101.576341,,0,0
2040,1791019572700999936,1791019572802773991,,0,101.774055,,0,0
2041,1791019572733999872,1791019572834958066,,0,100.958194,,0,0
2042,1791019572767000064,1791019572870439054,,0,103.438990,,0,0
2043,1791019572800000000,1791019572901363704,,0,101.363704,,0,0
2044,1791019572832999936,1791019572934295388,,0,101.295452,,0,0
2045,1791019572865999872,1791019572967857903,,0,101.858031,,0,0
2046,1791019572898999808,1791019573000784000,,0,101.784192,,0,0
2047,1791019572932000000,1791019573034751329,,0,102.751329,,0,0
2048,1791019572964999936,1791019573066194499,,0,101.194563,,0,0
2049,1791019572997999872,1791019573099626544,,0,101.626672,,0,0
2050,1791019573030999808,1791019573132676404,,0,101.676596,,0,0
2051,1791019573064000000,1791019573166090849,,0,102.090849,,0,0
2052,1791019573099000064,1791019573200630618,,0,101.630554,,0,0
2053,1791019573131000064,1791019573232762729,,0,101.762665,,0,0
2054,1791019573164999936,1791019573266508792,,0,101.508856,,0,0
2055,1791019573197999872,1791019573299541331,,0,101.541459,,0,0
2056,1791019573231000064,1791019573332429711,,0,101.429647,,0,0
2057,1791019573262000128,1791019573363934064,,0,101.933936,,0,0
2058,1791019573295000064,1791019573396854573,,0,101.854509,,0,0
2059,1791019573331000064,1791019573433029528,,0,102.029464,,0,0
2060,1791019573362999808,1791019573465406092,,0,102.406284,,0,0
2061,1791019573397000192,1791019573498633076,,0,101.632884,,0,0
2062,1791019573427000064,1791019573528589130,,0,101.589066,,0,0
2063,1791019573460000000,1791019573562658431,,0,102.658431,,0,0
2064,1791019573492999936,1791019573594898101,,0,101.898165,,0,0
2065,1791019573526000128,1791019573627706300,,0,101.706172,,0,0
2066,1791019573559000064,1791019573660713974,,0,101.713910,,0,0
2067,1791019573592000000,1791019573693710752,,0,101.710752,,0,0
2069,1791019573657999872,1791019573760040677,,0,102.040805,,0,0
2070,1791019573691000064,1791019573792178654,,0,101.178590,,0,0
2071,1791019573724000000,1791019573825714068,,0,101.714068,,0,0
2072,1791019573757999872,1791019573858944684,,0,100.944812,,0,0
2073,1791019573790999808,1791019573891810435,,0,100.810627,,0,0
2074,1791019573824999936,1791019573927741774,,0,102.741838,,0,0
2075,1791019573857000192,1791019573958150975,,0,101.150783,,0,0
2076,1791019573890000128,1791019573991050531,,0,101.050403,,0,0
2077,1791019573924000000,1791019574024893816,,0,100.893816,,0,0
2078,1791019573956999936,1791019574062129001,,0,105.129065,,0,0
2079,1791019573991000064,1791019574091753714,,0,100.753650,,0,0
2080,1791019574024000000,1791019574124937673,,0,100.937673,,0,0
2081,1791019574056999936,1791019574158696028,,0,101.696092,,0,0
2082,1791019574086999808,1791019574189578770,,0,102.578962,,0,0
2083,1791019574120000000,1791019574220781397,,0,100.781397,,0,0
2084,1791019574153000192,1791019574254457895,,0,101.457703,,0,0
2085,1791019574186000128,1791019574288201443,,0,102.201315,,0,0
2086,1791019574220999936,1791019574322060932,,0,101.060996,,0,0
2087,1791019574255000064,1791019574356109838,,0,101.109774,,0,0
2088,1791019574287000064,1791019574389002128,,0,102.002064,,0,0
2089,1791019574321000192,1791019574421626777,,0,100.626585,,0,0
2090,1791019574354000128,1791019574454158952,,0,100.158824,,0,0
2091,1791019574387000064,1791019574488538639,,0,101.538575,,0,0
2092,1791019574417999872,1791019574519834577,,0,101.834705,,0,0
2093,1791019574452000000,1791019574553360492,,0,101.360492,,0,0
2094,1791019574484999936,1791019574586475445,,0,101.475509,,0,0
2095,1791019574517999872,1791019574619160997,,0,101.161125,,0,0
2096,1791019574551000064,1791019574652658416,,0,101.658352,,0,0
2097,1791019574584000000,1791019574685938480,,0,101.938480,,0,0
2098,1791019574618000128,1791019574726232828,,0,108.232700,,0,0
2099,1791019574651000064,1791019574753849109,,0,102.849045,,0,0
2100,1791019574684999936,1791019574786411178,,0,101.411242,,0,0
2101,1791019574717999872,1791019574820430470,,0,102.430598,,0,0
2102,1791019574748000000,1791019574848728708,,0,100.728708,,0,0
2103,1791019574780999936,1791019574882208246,,0,101.208310,,0,0
2104,1791019574813999872,1791019574914936263,,0,100.936391,,0,0
2105,1791019574845999872,1791019574946961931,,0,100.962059,,0,0
2106,1791019574880000000,1791019574981626022,,0,101.626022,,0,0
2107,1791019574913000192,1791019575014083883,,0,101.083691,,0,0
2108,1791019574944999936,1791019575045988859,,0,100.988923,,0,0
2109,1791019574977999872,1791019575078997369,,0,100.997497,,0,0
2110,1791019575010999808,1791019575112968328,,0,101.968520,,0,0
2111,1791019575044000000,1791019575146740930,,0,102.740930,,0,0
2112,1791019575076999936,1791019575178816884,,0,101.816948,,0,0
2113,1791019575109999872,1791019575212151984,,0,102.152112,,0,0
2114,1791019575142999808,1791019575244844800,,0,101.844992,,0,0
2115,1791019575176000000,1791019575277925668,,0,101.925668,,0,0
2116,1791019575209000192,1791019575310071466,,0,101.071274,,0,0
2117,1791019575242000128,1791019575343690411,,0,101.690283,,0,0
2118,1791019575275000064,1791019575376180121,,0,101.180057,,0,0
2119,1791019575308000000,1791019575410607300,,0,102.607300,,0,0
2120,1791019575341000192,1791019575442702531,,0,101.702339,,0,0
2121,1791019575374000128,1791019575475949907,,0,101.949779,,0,0
2122,1791019575407000064,1791019575508360274,,0,101.360210,,0,0
2123,1791019575440000000,1791019575541600107,,0,101.600107,,0,0
2124,1791019575474999808,1791019575576758692,,0,101.758884,,0,0
2125,1791019575508000000,1791019575610600020,,0,102.600020,,0,0
2126,1791019575540999936,1791019575643524717,,0,102.524781,,0,0
2127,1791019575573999872,1791019575676024205,,0,102.024333,,0,0
2128,1791019575608000000,1791019575709364893,,0,101.364893,,0,0
2129,1791019575640000000,1791019575748120159,,0,108.120159,,0,0
2130,1791019575673000192,1791019575775087450,,0,102.087258,,0,0
2131,1791019575708000000,1791019575808936322,,0,100.936322,,0,0
2132,1791019575736999936,1791019575839193541,,0,102.193605,,0,0
2134,1791019575803000064,1791019575904519665,,0,101.519601,,0,0
2135,1791019575836000000,1791019575937406088,,0,101.406088,,0,0
2136,1791019575868999936,1791019575970146117,,0,101.146181,,0,0
2137,1791019575901999872,1791019576003238440,,0,101.238568,,0,0
2138,1791019575935000064,1791019576036006965,,0,101.006901,,0,0
2139,1791019575968000000,1791019576068592220,,0,100.592220,,0,0
2140,1791019576000999936,1791019576104719399,,0,103.719463,,0,0
2141,1791019576033999872,1791019576135664719,,0,101.664847,,0,0
2142,1791019576066999808,1791019576168519851,,0,101.520043,,0,0
2143,1791019576100000000,1791019576201544284,,0,101.544284,,0,0
2144,1791019576132999936,1791019576234806187,,0,101.806251,,0,0
2145,1791019576165999872,1791019576267492017,,0,101.492145,,0,0
2146,1791019576198999808,1791019576300795267,,0,101.795459,,0,0
2147,1791019576232000000,1791019576333357893,,0,101.357893,,0,0
2148,1791019576265000192,1791019576366830724,,0,101.830532,,0,0
2149,1791019576299000064,1791019576400094023,,0,101.093959,,0,0
2150,1791019576332999936,1791019576435015976,,0,102.016040,,0,0
2151,1791019576365999872,1791019576467771929,,0,101.772057,,0,0
2152,1791019576398999808,1791019576500241523,,0,101.241715,,0,0
2153,1791019576432000000,1791019576534090393,,0,102.090393,,0,0
2154,1791019576466000128,1791019576572120120,,0,106.119992,,0,0
2155,1791019576499000064,1791019576600858373,,0,101.858309,,0,0
2156,1791019576532000000,1791019576634140111,,0,102.140111,,0,0
2157,1791019576565999872,1791019576667164545,,0,101.164673,,0,0
2158,1791019576595000064,1791019576696695665,,0,101.695601,,0,0
2159,1791019576631000064,1791019576732049812,,0,101.049748,,0,0
2160,1791019576660999936,1791019576761934622,,0,100.934686,,0,0
2161,1791019576694000128,1791019576794743098,,0,100.742970,,0,0
2162,1791019576727000064,1791019576828545872,,0,101.545808,,0,0
2163,1791019576760000000,1791019576862297240,,0,102.297240,,0,0
2164,1791019576792999936,1791019576894406719,,0,101.406783,,0,0
2165,1791019576825999872,1791019576927526140,,0,101.526268,,0,0
2166,1791019576859000064,1791019576960044065,,0,101.044001,,0,0
2167,1791019576892000000,1791019576993190586,,0,101.190586,,0,0
2168,1791019576924999936,1791019577028549201,,0,103.549265,,0,0
2169,1791019576959000064,1791019577060281801,,0,101.281737,,0,0
2170,1791019576991000064,1791019577095197886,,0,104.197822,,0,0
2171,1791019577024000000,1791019577125652342,,0,101.652342,,0,0
2172,1791019577056999936,1791019577159192222,,0,102.192286,,0,0
2173,1791019577092000000,1791019577194188767,,0,102.188767,,0,0
2174,1791019577124000000,1791019577225785031,,0,101.785031,,0,0
2175,1791019577158999808,1791019577261547903,,0,102.548095,,0,0
2176,1791019577192000000,1791019577293338054,,0,101.338054,,0,0
2177,1791019577224000000,1791019577327162339,,0,103.162339,,0,0
2178,1791019577255000064,1791019577358627855,,0,103.627791,,0,0
2179,1791019577288999936,1791019577390259042,,0,101.259106,,0,0
2180,1791019577322000128,1791019577423280122,,0,101.279994,,0,0
2181,1791019577354000128,1791019577455142910,,0,101.142782,,0,0
2182,1791019577388000000,1791019577489462528,,0,101.462528,,0,0
2183,1791019577421999872,1791019577523662293,,0,101.662421,,0,0
2184,1791019577453999872,1791019577558892955,,0,104.893083,,0,0
2185,1791019577488000000,1791019577589033393,,0,101.033393,,0,0
2186,1791019577520000000,1791019577621632895,,0,101.632895,,0,0
2187,1791019577552000000,1791019577653462997,,0,101.462997,,0,0
2188,1791019577586999808,1791019577688348350,,0,101.348542,,0,0
2189,1791019577618000128,1791019577720624335,,0,102.624207,,0,0
2190,1791019577651000064,1791019577753156508,,0,102.156444,,0,0
2191,1791019577687000064,1791019577788788911,,0,101.788847,,0,0
2192,1791019577716999936,1791019577818990812,,0,101.990876,,0,0
2193,1791019577750000128,1791019577851709607,,0,101.709479,,0,0
2194,1791019577785000192,1791019577887050622,,0,102.050430,,0,0
2195,1791019577816999936,1791019577918390420,,0,101.390484,,0,0
2196,1791019577849999872,1791019577952560292,,0,102.560420,,0,0
2197,1791019577884000000,1791019577985687255,,0,101.687255,,0,0
2198,1791019577916999936,1791019578018284243,,0,101.284307,,0,0
2199,1791019577951000064,1791019578053151156,,0,102.151092,,0,0
2201,1791019578016999936,1791019578118641268,,0,101.641332,,0,0
2203,1791019578084000000,1791019578185738906,,0,101.738906,,0,0
2204,1791019578118000128,1791019578220279230,,0,102.279102,,0,0
2206,1791019578178999808,1791019578281250162,,0,102.250354,,0,0
2207,1791019578216999936,1791019578318758292,,0,101.758356,,0,0
2208,1791019578244999936,1791019578346859008,,0,101.859072,,0,0
2209,1791019578278000128,1791019578379069618,,0,101.069490,,0,0
2210,1791019578311000064,1791019578412944469,,0,101.944405,,0,0
2211,1791019578344000000,1791019578445261521,,0,101.261521,,0,0
2212,1791019578377000192,1791019578479606841,,0,102.606649,,0,0
2213,1791019578410000128,1791019578511292225,,0,101.292097,,0,0
2214,1791019578443000064,1791019578547474439,,0,104.474375,,0,0
2215,1791019578476000000,1791019578581018509,,0,105.018509,,0,0
2216,1791019578508999936,1791019578610762232,,0,101.762296,,0,0
2217,1791019578542000128,1791019578643951216,,0,101.951088,,0,0
2218,1791019578575000064,1791019578676937652,,0,101.937588,,0,0
2219,1791019578608000000,1791019578708878665,,0,100.878665,,0,0
2220,1791019578641999872,1791019578743387978,,0,101.388106,,0,0
2221,1791019578675000064,1791019578776305408,,0,101.305344,,0,0
2222,1791019578708000000,1791019578809211385,,0,101.211385,,0,0
2223,1791019578740999936,1791019578843594140,,0,102.594204,,0,0
2224,1791019578773999872,1791019578876067084,,0,102.067212,,0,0
2225,1791019578806999808,1791019578908491137,,0,101.491329,,0,0
2226,1791019578841000192,1791019578942900713,,0,101.900521,,0,0
2227,1791019578874000128,1791019578975395448,,0,101.395320,,0,0
2228,1791019578908000000,1791019579009748031,,0,101.748031,,0,0
2229,1791019578940999936,1791019579042604557,,0,101.604621,,0,0
2230,1791019578974999808,1791019579076944008,,0,101.944200,,0,0
2231,1791019579004000000,1791019579105538659,,0,101.538659,,0,0
2232,1791019579036999936,1791019579138599129,,0,101.599193,,0,0
2233,1791019579069999872,1791019579171491694,,0,101.491822,,0,0
2234,1791019579102999808,1791019579205835057,,0,102.835249,,0,0
2235,1791019579136000000,1791019579240810367,,0,104.810367,,0,0
2236,1791019579168999936,1791019579270768650,,0,101.768714,,0,0
2237,1791019579201999872,1791019579303622662,,0,101.622790,,0,0
2238,1791019579234999808,1791019579336364364,,0,101.364556,,0,0
2239,1791019579268000000,1791019579369073938,,0,101.073938,,0,0
2240,1791019579301000192,1791019579402745123,,0,101.744931,,0,0
2241,1791019579334000128,1791019579435111345,,0,101.111217,,0,0
2242,1791019579367000064,1791019579467705537,,0,100.705473,,0,0
2243,1791019579400000000,1791019579501830148,,0,101.830148,,0,0
2244,1791019579433000192,1791019579535120265,,0,102.120073,,0,0
2245,1791019579466000128,1791019579567720044,,0,101.719916,,0,0
2246,1791019579499000064,1791019579603427039,,0,104.426975,,0,0
2247,1791019579532999936,1791019579634345816,,0,101.345880,,0,0
2248,1791019579565999872,1791019579667725053,,0,101.725181,,0,0
2249,1791019579599000064,1791019579700426805,,0,101.426741,,0,0
2250,1791019579632000000,1791019579733610200,,0,101.610200,,0,0
2251,1791019579665999872,1791019579767832034,,0,101.832162,,0,0
2252,1791019579698999808,1791019579800311682,,0,101.311874,,0,0
2253,1791019579732999936,1791019579834184297,,0,101.184361,,0,0
2254,1791019579766000128,1791019579867491735,,0,101.491607,,0,0
2255,1791019579799000064,1791019579901011219,,0,102.011155,,0,0
2256,1791019579832000000,1791019579933693414,,0,101.693414,,0,0
2257,1791019579864999936,1791019579966201279,,0,101.201343,,0,0
2258,1791019579895000064,1791019579999312316,,0,104.312252,,0,0
2259,1791019579928000000,1791019580036156369,,0,108.156369,,0,0
2261,1791019579993999872,1791019580095230058,,0,101.230186,,0,0
2262,1791019580027000064,1791019580127998300,,0,100.998236,,0,0
2263,1791019580060000000,1791019580160881644,,0,100.881644,,0,0
2264,1791019580092999936,1791019580193559928,,0,100.559992,,0,0
2265,1791019580125999872,1791019580227742369,,0,101.742497,,0,0
2266,1791019580158999808,1791019580260045171,,0,101.045363,,0,0
2267,1791019580192000000,1791019580294097703,,0,102.097703,,0,0
2268,1791019580224999936,1791019580326785764,,0,101.785828,,0,0
2269,1791019580260000000,1791019580361480860,,0,101.480860,,0,0
2270,1791019580290999808,1791019580395551830,,0,104.552022,,0,0
2271,1791019580324999936,1791019580426879891,,0,101.879955,,0,0
2272,1791019580359000064,1791019580460750270,,0,101.750206,,0,0
2273,1791019580391000064,1791019580492953614,,0,101.953550,,0,0
2274,1791019580423000064,1791019580524841544,,0,101.841480,,0,0
2275,1791019580459000064,1791019580560718119,,0,101.718055,,0,0
2276,1791019580490000128,1791019580591182350,,0,101.182222,,0,0
2277,1791019580524000000,1791019580629317397,,0,105.317397,,0,0
2278,1791019580556000000,1791019580657966526,,0,101.966526,,0,0
2279,1791019580588999936,1791019580690989558,,0,101.989622,,0,0
2280,1791019580621999872,1791019580724768023,,0,102.768151,,0,0
2281,1791019580654000128,1791019580760529774,,0,106.529646,,0,0
2282,1791019580688000000,1791019580789635402,,0,101.635402,,0,0
2283,1791019580720000000,1791019580823282281,,0,103.282281,,0,0
2284,1791019580755000064,1791019580857422257,,0,102.422193,,0,0
2285,1791019580788000000,1791019580890860721,,0,102.860721,,0,0
2286,1791019580821000192,1791019580923602981,,0,102.602789,,0,0
2287,1791019580854000128,1791019580955905504,,0,101.905376,,0,0
2288,1791019580888000000,1791019580989299547,,0,101.299547,,0,0
2289,1791019580917999872,1791019581022865965,,0,104.866093,,0,0
2290,1791019580951000064,1791019581052390655,,0,101.390591,,0,0
2291,1791019580984999936,1791019581085762348,,0,100.762412,,0,0
2292,1791019581017999872,1791019581118626415,,0,100.626543,,0,0
2293,1791019581051000064,1791019581152272454,,0,101.272390,,0,0
2294,1791019581083000064,1791019581191164608,,0,108.164544,,0,0
2295,1791019581116000000,1791019581217566717,,0,101.566717,,0,0
2296,1791019581148999936,1791019581251004342,,0,102.004406,,0,0
2297,1791019581183000064,1791019581284548410,,0,101.548346,,0,0
2298,1791019581216000000,1791019581317259658,,0,101.259658,,0,0
2299,1791019581249000192,1791019581350820767,,0,101.820575,,0,0
2300,1791019581285000192,1791019581386568549,,0,101.568357,,0,0
2301,1791019581316000000,1791019581417077480,,0,101.077480,,0,0
2302,1791019581348999936,1791019581453479838,,0,104.479902,,0,0
2303,1791019581382999808,1791019581485865055,,0,102.865247,,0,0
2304,1791019581416000000,1791019581517710798,,0,101.710798,,0,0
2305,1791019581450000128,1791019581550915424,,0,100.915296,,0,0
2306,1791019581479000064,1791019581580658866,,0,101.658802,,0,0
2307,1791019581512000000,1791019581613690279,,0,101.690279,,0,0
2308,1791019581545000192,1791019581646620837,,0,101.620645,,0,0
2309,1791019581578000128,1791019581679901174,,0,101.901046,,0,0
2310,1791019581611000064,1791019581712188609,,0,101.188545,,0,0
2311,1791019581644000000,1791019581745364180,,0,101.364180,,0,0
2312,1791019581676999936,1791019581778455100,,0,101.455164,,0,0
2313,1791019581710000128,1791019581811858641,,0,101.858513,,0,0
2314,1791019581743000064,1791019581851191370,,0,108.191306,,0,0
2315,1791019581776000000,1791019581877948846,,0,101.948846,,0,0
2316,1791019581808999936,1791019581910078155,,0,101.078219,,0,0
2317,1791019581842000128,1791019581945547958,,0,103.547830,,0,0
2318,1791019581875000064,1791019581976851712,,0,101.851648,,0,0
2319,1791019581908000000,1791019582009665212,,0,101.665212,,0,0
2320,1791019581940999936,1791019582042682096,,0,101.682160,,0,0
2321,1791019581973999872,1791019582075098603,,0,101.098731,,0,0
2322,1791019582007000064,1791019582109175438,,0,102.175374,,0,0
2323,1791019582040000000,1791019582142135330,,0,102.135330,,0,0
2324,1791019582073999872,1791019582175371524,,0,101.371652,,0,0
2325,1791019582105999872,1791019582207914029,,0,101.914157,,0,0
2326,1791019582140999936,1791019582242702713,,0,101.702777,,0,0
2327,1791019582174000128,1791019582276260189,,0,102.260061,,0,0
2328,1791019582206000128,1791019582308490631,,0,102.490503,,0,0
2329,1791019582240000000,1791019582341793876,,0,101.793876,,0,0
2330,1791019582273999872,1791019582375980226,,0,101.980354,,0,0
2331,1791019582306999808,1791019582408712148,,0,101.712340,,0,0
2332,1791019582340000000,1791019582441951694,,0,101.951694,,0,0
2333,1791019582369999872,1791019582471890977,,0,101.891105,,0,0
2334,1791019582403000064,1791019582504682685,,0,101.682621,,0,0
2336,1791019582469000192,1791019582570535419,,0,101.535227,,0,0
2337,1791019582502000128,1791019582603694785,,0,101.694657,,0,0
2338,1791019582535000064,1791019582636402959,,0,101.402895,,0,0
2339,1791019582568000000,1791019582670664741,,0,102.664741,,0,0
2340,1791019582601000192,1791019582702389793,,0,101.389601,,0,0
2341,1791019582634000128,1791019582735693596,,0,101.693468,,0,0
2343,1791019582700000000,1791019582801883815,,0,101.883815,,0,0
2344,1791019582732999936,1791019582834193879,,0,101.193943,,0,0
2345,1791019582766000128,1791019582869673180,,0,103.673052,,0,0
2346,1791019582799000064,1791019582900416506,,0,101.416442,,0,0
2347,1791019582832000000,1791019582933583974,,0,101.583974,,0,0
2348,1791019582864999936,1791019582968343603,,0,103.343667,,0,0
2349,1791019582898999808,1791019583000624053,,0,101.624245,,0,0
2350,1791019582931000064,1791019583036088826,,0,105.088762,,0,0
2351,1791019582964000000,1791019583065251723,,0,101.251723,,0,0
2352,1791019582997999872,1791019583099339174,,0,101.339302,,0,0
2353,1791019583032000000,1791019583134945589,,0,102.945589,,0,0
2354,1791019583063000064,1791019583164144526,,0,101.144462,,0,0
2355,1791019583099000064,1791019583201511567,,0,102.511503,,0,0
2356,1791019583130000128,1791019583232354908,,0,102.354780,,0,0
2357,1791019583164000000,1791019583265822145,,0,101.822145,,0,0
2358,1791019583196000000,1791019583297653359,,0,101.653359,,0,0
2359,1791019583230000128,1791019583331834959,,0,101.834831,,0,0
2360,1791019583264000000,1791019583366616099,,0,102.616099,,0,0
2361,1791019583296000000,1791019583398142514,,0,102.142514,,0,0
2362,1791019583329999872,1791019583431187056,,0,101.187184,,0,0
2363,1791019583360000000,1791019583461208754,,0,101.208754,,0,0
2364,1791019583392999936,1791019583495617207,,0,102.617271,,0,0
2365,1791019583426000128,1791019583528333203,,0,102.333075,,0,0
2366,1791019583459000064,1791019583561244762,,0,102.244698,,0,0
2367,1791019583494999808,1791019583596870733,,0,101.870925,,0,0
2368,1791019583527000064,1791019583628243212,,0,101.243148,,0,0
2369,1791019583561000192,1791019583662278978,,0,101.278786,,0,0
2370,1791019583592000000,1791019583694243734,,0,102.243734,,0,0
2371,1791019583625999872,1791019583728071085,,0,102.071213,,0,0
2372,1791019583660000000,1791019583761764058,,0,101.764058,,0,0
2373,1791019583693000192,1791019583794853579,,0,101.853387,,0,0
2374,1791019583723000064,1791019583824916345,,0,101.916281,,0,0
2375,1791019583756999936,1791019583859060509,,0,102.060573,,0,0
2376,1791019583789999872,1791019583891834336,,0,101.834464,,0,0
2377,1791019583826999808,1791019583930286191,,0,103.286383,,0,0
2378,1791019583856000000,1791019583958200280,,0,102.200280,,0,0
2379,1791019583892000000,1791019583996121881,,0,104.121881,,0,0
2380,1791019583924000000,1791019584025457711,,0,101.457711,,0,0
2381,1791019583957999872,1791019584059811685,,0,101.811813,,0,0
2382,1791019583990000128,1791019584095112742,,0,105.112614,,0,0
2383,1791019584020000000,1791019584122170544,,0,102.170544,,0,0
2384,1791019584053999872,1791019584155864074,,0,101.864202,,0,0
2385,1791019584088000000,1791019584189079034,,0,101.079034,,0,0
2386,1791019584120000000,1791019584221134585,,0,101.134585,,0,0
2387,1791019584152000000,1791019584253833259,,0,101.833259,,0,0
2388,1791019584184999936,1791019584286607364,,0,101.607428,,0,0
2389,1791019584217999872,1791019584319725381,,0,101.725509,,0,0
2390,1791019584250999808,1791019584352692814,,0,101.693006,,0,0
2391,1791019584284000000,1791019584385912523,,0,101.912523,,0,0
2392,1791019584316999936,1791019584418689981,,0,101.690045,,0,0
2393,1791019584349999872,1791019584452364792,,0,102.364920,,0,0
2394,1791019584382999808,1791019584486492193,,0,103.492385,,0,0
2395,1791019584416000000,1791019584517236635,,0,101.236635,,0,0
2396,1791019584448999936,1791019584550846352,,0,101.846416,,0,0
2397,1791019584483000064,1791019584585103383,,0,102.103319,,0,0
2398,1791019584515000064,1791019584617191341,,0,102.191277,,0,0
2399,1791019584548000000,1791019584649954830,,0,101.954830,,0,0
2400,1791019584583000064,1791019584684815312,,0,101.815248,,0,0
2401,1791019584616000000,1791019584724836140,,0,108.836140,,0,0
2402,1791019584650000128,1791019584751421797,,0,101.421669,,0,0
2403,1791019584683000064,1791019584785175393,,0,102.175329,,0,0
2404,1791019584716000000,1791019584818066836,,0,102.066836,,0,0
2405,1791019584750000128,1791019584852081648,,0,102.081520,,0,0
2406,1791019584779000064,1791019584880738316,,0,101.738252,,0,0
2408,1791019584844999936,1791019584946723749,,0,101.723813,,0,0
2409,1791019584878000128,1791019584979688668,,0,101.688540,,0,0
2410,1791019584911000064,1791019585012732649,,0,101.732585,,0,0
2411,1791019584944000000,1791019585045412324,,0,101.412324,,0,0
2412,1791019584976999936,1791019585078143684,,0,101.143748,,0,0
2413,1791019585009999872,1791019585112682324,,0,102.682452,,0,0
2414,1791019585043000064,1791019585145818779,,0,102.818715,,0,0
2415,1791019585076000000,1791019585177499127,,0,101.499127,,0,0
2416,1791019585108999936,1791019585210102254,,0,101.102318,,0,0
2417,1791019585141999872,1791019585243223063,,0,101.223191,,0,0
2418,1791019585175000064,1791019585276158088,,0,101.158024,,0,0
2419,1791019585208000000,1791019585309430039,,0,101.430039,,0,0
2420,1791019585240999936,1791019585342729928,,0,101.729992,,0,0
2421,1791019585273999872,1791019585376306119,,0,102.306247,,0,0
2422,1791019585308000000,1791019585410540240,,0,102.540240,,0,0
2423,1791019585340000000,1791019585442319767,,0,102.319767,,0,0
2424,1791019585374000128,1791019585475979492,,0,101.979364,,0,0
2425,1791019585408000000,1791019585509409570,,0,101.409570,,0,0
2426,1791019585440999936,1791019585547733470,,0,106.733534,,0,0
2427,1791019585473999872,1791019585576169430,,0,102.169558,,0,0
2428,1791019585507000064,1791019585609428251,,0,102.428187,,0,0
2429,1791019585540999936,1791019585644886037,,0,103.886101,,0,0
2430,1791019585575000064,1791019585676920913,,0,101.920849,,0,0
2431,1791019585608000000,1791019585709735248,,0,101.735248,,0,0
2432,1791019585640999936,1791019585742966410,,0,101.966474,,0,0
2433,1791019585670000128,1791019585773708337,,0,103.708209,,0,0
2434,1791019585703000064,1791019585804780206,,0,101.780142,,0,0
2435,1791019585736000000,1791019585838000193,,0,102.000193,,0,0
2436,1791019585768999936,1791019585870680427,,0,101.680491,,0,0
2437,1791019585802000128,1791019585903604277,,0,101.604149,,0,0
2438,1791019585835000064,1791019585938679877,,0,103.679813,,0,0
2439,1791019585868000000,1791019585969940045,,0,101.940045,,0,0
2440,1791019585900999936,1791019586002711634,,0,101.711698,,0,0
2441,1791019585934000128,1791019586035835237,,0,101.835109,,0,0
2442,1791019585967000064,1791019586067881566,,0,100.881502,,0,0
2443,1791019586000000000,1791019586101915374,,0,101.915374,,0,0
2444,1791019586032999936,1791019586134750102,,0,101.750166,,0,0
2445,1791019586065999872,1791019586167297631,,0,101.297759,,0,0
2446,1791019586099000064,1791019586200982499,,0,101.982435,,0,0
2447,1791019586132000000,1791019586233688993,,0,101.688993,,0,0
2448,1791019586164999936,1791019586267818627,,0,102.818691,,0,0
2449,1791019586200000000,1791019586301978991,,0,101.978991,,0,0
2450,1791019586232999936,1791019586334827967,,0,101.828031,,0,0
2451,1791019586265000192,1791019586368434889,,0,103.434697,,0,0
2452,1791019586300000000,1791019586401451211,,0,101.451211,,0,0
2453,1791019586332999936,1791019586437105117,,0,104.105181,,0,0
2454,1791019586365999872,1791019586468558333,,0,102.558461,,0,0
2455,1791019586398999808,1791019586500369708,,0,101.369900,,0,0
2456,1791019586432000000,1791019586533616515,,0,101.616515,,0,0
2457,1791019586466000128,1791019586568355466,,0,102.355338,,0,0
2458,1791019586494999808,1791019586596872724,,0,101.872916,,0,0
2459,1791019586528999936,1791019586631218874,,0,102.218938,,0,0
2460,1791019586562000128,1791019586664123166,,0,102.123038,,0,0
2461,1791019586595000064,1791019586695988181,,0,100.988117,,0,0
2462,1791019586628999936,1791019586730641644,,0,101.641708,,0,0
2463,1791019586661999872,1791019586764056355,,0,102.056483,,0,0
2464,1791019586694999808,1791019586797253154,,0,102.253346,,0,0
2465,1791019586728000000,1791019586830762853,,0,102.762853,,0,0
2466,1791019586760000000,1791019586863006701,,0,103.006701,,0,0
2467,1791019586795000064,1791019586905779655,,0,110.779591,,0,0
2468,1791019586828000000,1791019586929779969,,0,101.779969,,0,0
2469,1791019586859000064,1791019586962829816,,0,103.829752,,0,0
2470,1791019586891000064,1791019586993050706,,0,102.050642,,0,0
2471,1791019586924999936,1791019587026985056,,0,101.985120,,0,0
2472,1791019586957999872,1791019587059550464,,0,101.550592,,0,0
2473,1791019586991000064,1791019587092012504,,0,101.012440,,0,0
2474,1791019587025000192,1791019587126938077,,0,101.937885,,0,0
2475,1791019587056999936,1791019587158413922,,0,101.413986,,0,0
2476,1791019587091000064,1791019587192913168,,0,101.913104,,0,0
2477,1791019587122999808,1791019587225528305,,0,102.528497,,0,0
2478,1791019587157000192,1791019587259064544,,0,102.064352,,0,0
2479,1791019587188999936,1791019587290410758,,0,101.410822,,0,0
2480,1791019587224000000,1791019587325394442,,0,101.394442,,0,0
2481,1791019587256999936,1791019587360250171,,0,103.250235,,0,0
2482,1791019587289999872,1791019587394304372,,0,104.304500,,0,0
2483,1791019587324000000,1791019587425067529,,0,101.067529,,0,0
2484,1791019587356000000,1791019587458055633,,0,102.055633,,0,0
2485,1791019587391000064,1791019587492218791,,0,101.218727,,0,0
2486,1791019587423000064,1791019587524975013,,0,101.974949,,0,0
2488,1791019587484999936,1791019587586541557,,0,101.541621,,0,0
2489,1791019587517999872,1791019587619654542,,0,101.654670,,0,0
2490,1791019587551000064,1791019587652975383,,0,101.975319,,0,0
2491,1791019587584000000,1791019587687622418,,0,103.622418,,0,0
2492,1791019587617000192,1791019587718862470,,0,101.862278,,0,0
2493,1791019587650000128,1791019587752775586,,0,102.775458,,0,0
2494,1791019587683000064,1791019587784709327,,0,101.709263,,0,0
2495,1791019587716000000,1791019587818243889,,0,102.243889,,0,0
2496,1791019587749000192,1791019587851150136,,0,102.149944,,0,0
2497,1791019587782000128,1791019587885569202,,0,103.569074,,0,0
2498,1791019587815000064,1791019587916002975,,0,101.002911,,0,0
2499,1791019587848000000,1791019587949840660,,0,101.840660,,0,0
2500,1791019587881999872,1791019587983804902,,0,101.805030,,0,0
2501,1791019587914000128,1791019588016313877,,0,102.313749,,0,0
2502,1791019587948000000,1791019588049777477,,0,101.777477,,0,0
2503,1791019587980999936,1791019588082794635,,0,101.794699,,0,0
2504,1791019588013999872,1791019588115669032,,0,101.669160,,0,0
2505,1791019588046999808,1791019588149700044,,0,102.700236,,0,0
2506,1791019588080000000,1791019588182811631,,0,102.811631,,0,0
2507,1791019588115000064,1791019588217003563,,0,102.003499,,0,0
2508,1791019588148999936,1791019588250793194,,0,101.793258,,0,0
2509,1791019588180999936,1791019588283754757,,0,102.754821,,0,0
2510,1791019588214999808,1791019588319408382,,0,104.408574,,0,0
2511,1791019588244000000,1791019588346900051,,0,102.900051,,0,0
2512,1791019588276999936,1791019588379191391,,0,102.191455,,0,0
2513,1791019588309999872,1791019588412110768,,0,102.110896,,0,0
2514,1791019588342999808,1791019588445458148,,0,102.458340,,0,0
2515,1791019588376000000,1791019588477583539,,0,101.583539,,0,0
2516,1791019588408999936,1791019588510976457,,0,101.976521,,0,0
2517,1791019588441999872,1791019588544188061,,0,102.188189,,0,0
2518,1791019588474999808,1791019588576593945,,0,101.594137,,0,0
2519,1791019588508000000,1791019588610098334,,0,102.098334,,0,0
2520,1791019588542000128,1791019588643418335,,0,101.418207,,0,0
2521,1791019588573999872,1791019588677972617,,0,103.972745,,0,0
2522,1791019588608000000,1791019588709627820,,0,101.627820,,0,0
2523,1791019588641999872,1791019588744000508,,0,102.000636,,0,0
2524,1791019588676000000,1791019588777803829,,0,101.803829,,0,0
2525,1791019588708000000,1791019588809752375,,0,101.752375,,0,0
2526,1791019588740999936,1791019588843059525,,0,102.059589,,0,0
2527,1791019588773999872,1791019588876398803,,0,102.398931,,0,0
2528,1791019588808000000,1791019588909370423,,0,101.370423,,0,0
2529,1791019588842000128,1791019588943990079,,0,101.989951,,0,0
2530,1791019588874000128,1791019588976419431,,0,102.419303,,0,0
2531,1791019588904000000,1791019589006397542,,0,102.397542,,0,0
2532,1791019588936999936,1791019589039678989,,0,102.679053,,0,0
2533,1791019588970000128,1791019589072102193,,0,102.102065,,0,0
2534,1791019589003000064,1791019589105256803,,0,102.256739,,0,0
2535,1791019589036000000,1791019589138758677,,0,102.758677,,0,0
2536,1791019589068999936,1791019589170731528,,0,101.731592,,0,0
2537,1791019589101999872,1791019589210944002,,0,108.944130,,0,0
2538,1791019589135000064,1791019589236823953,,0,101.823889,,0,0
2539,1791019589168000000,1791019589270173846,,0,102.173846,,0,0
2540,1791019589200999936,1791019589302221291,,0,101.221355,,0,0
2541,1791019589233999872,1791019589335375621,,0,101.375749,,0,0
2542,1791019589267000064,1791019589368843690,,0,101.843626,,0,0
2544,1791019589332999936,1791019589434784414,,0,101.784478,,0,0
2545,1791019589365999872,1791019589468369821,,0,102.369949,,0,0
2546,1791019589398999808,1791019589500296296,,0,101.296488,,0,0
2547,1791019589432000000,1791019589538307290,,0,106.307290,,0,0
2549,1791019589500000000,1791019589602236231,,0,102.236231,,0,0
2550,1791019589532999936,1791019589634904727,,0,101.904791,,0,0
2551,1791019589565999872,1791019589668059337,,0,102.059465,,0,0
2552,1791019589599000064,1791019589700828968,,0,101.828904,,0,0
2553,1791019589632000000,1791019589734200373,,0,102.200373,,0,0
2554,1791019589664999936,1791019589767154670,,0,102.154734,,0,0
2555,1791019589697999872,1791019589800734490,,0,102.734618,,0,0
2556,1791019589732999936,1791019589834949330,,0,101.949394,,0,0
2557,1791019589762000128,1791019589864563973,,0,102.563845,,0,0
2558,1791019589795000064,1791019589896783513,,0,101.783449,,0,0
2559,1791019589828999936,1791019589932443283,,0,103.443347,,0,0
2560,1791019589860999936,1791019589962770054,,0,101.770118,,0,0
2561,1791019589895000064,1791019589996809166,,0,101.809102,,0,0
2562,1791019589928000000,1791019590029638303,,0,101.638303,,0,0
2563,1791019589961999872,1791019590063543315,,0,101.543443,,0,0
2564,1791019589994999808,1791019590096378877,,0,101.379069,,0,0
2565,1791019590028000000,1791019590130365745,,0,102.365745,,0,0
2566,1791019590062000128,1791019590163317248,,0,101.317120,,0,0
2567,1791019590095000064,1791019590196673287,,0,101.673223,,0,0
2568,1791019590128000000,1791019590229546844,,0,101.546844,,0,0
2569,1791019590157999872,1791019590259963852,,0,101.963980,,0,0
2570,1791019590192000000,1791019590293548420,,0,101.548420,,0,0
2571,1791019590224999936,1791019590326752758,,0,101.752822,,0,0
2572,1791019590257999872,1791019590359941451,,0,101.941579,,0,0
2573,1791019590292000000,1791019590392987383,,0,100.987383,,0,0
2574,1791019590323000064,1791019590424454284,,0,101.454220,,0,0
2575,1791019590356000000,1791019590459658392,,0,103.658392,,0,0
2576,1791019590388999936,1791019590490947890,,0,101.947954,,0,0
2577,1791019590423000064,1791019590525269730,,0,102.269666,,0,0
2578,1791019590456000000,1791019590558993706,,0,102.993706,,0,0
2579,1791019590490000128,1791019590592182398,,0,102.182270,,0,0
2580,1791019590525000192,1791019590626336892,,0,101.336700,,0,0
2581,1791019590553999872,1791019590662921674,,0,108.921802,,0,0
2582,1791019590586999808,1791019590689731386,,0,102.731578,,0,0
2583,1791019590620000000,1791019590721678254,,0,101.678254,,0,0
2584,1791019590653000192,1791019590754906339,,0,101.906147,,0,0
2585,1791019590686000128,1791019590787731843,,0,101.731715,,0,0
2586,1791019590719000064,1791019590820281046,,0,101.280982,,0,0
2587,1791019590752000000,1791019590858686238,,0,106.686238,,0,0
2588,1791019590785000192,1791019590887381455,,0,102.381263,,0,0
2589,1791019590818000128,1791019590921242325,,0,103.242197,,0,0
2590,1791019590851000064,1791019590953608536,,0,102.608472,,0,0
2591,1791019590884000000,1791019590986412250,,0,102.412250,,0,0
2592,1791019590916999936,1791019591019188584,,0,102.188648,,0,0
2593,1791019590950000128,1791019591052437062,,0,102.436934,,0,0
2594,1791019590983000064,1791019591084914743,,0,101.914679,,0,0
2595,1791019591016000000,1791019591118102597,,0,102.102597,,0,0
2596,1791019591049999872,1791019591151787180,,0,101.787308,,0,0
2597,1791019591083000064,1791019591185445223,,0,102.445159,,0,0
2598,1791019591116000000,1791019591225051449,,0,109.051449,,0,0
2599,1791019591150000128,1791019591252346435,,0,102.346307,,0,0
2600,1791019591184000000,1791019591285699120,,0,101.699120,,0,0
2601,1791019591216999936,1791019591318265922,,0,101.265986,,0,0
2602,1791019591249999872,1791019591351236422,,0,101.236550,,0,0
2603,1791019591283000064,1791019591385341465,,0,102.341401,,0,0
2604,1791019591316000000,1791019591418756172,,0,102.756172,,0,0
2605,1791019591345999872,1791019591448132226,,0,102.132354,,0,0
2606,1791019591379000064,1791019591481489940,,0,102.489876,,0,0
2607,1791019591412000000,1791019591513872354,,0,101.872354,,0,0
2609,1791019591477999872,1791019591580073173,,0,102.073301,,0,0
2610,1791019591510999808,1791019591613814190,,0,102.814382,,0,0
2611,1791019591544000000,1791019591645490901,,0,101.490901,,0,0
2612,1791019591576999936,1791019591680609799,,0,103.609863,,0,0
2613,1791019591609999872,1791019591711238014,,0,101.238142,,0,0
2614,1791019591642999808,1791019591743886673,,0,100.886865,,0,0
2615,1791019591676000000,1791019591777790566,,0,101.790566,,0,0
2616,1791019591709000192,1791019591810856612,,0,101.856420,,0,0
2617,1791019591742000128,1791019591843783249,,0,101.783121,,0,0
2618,1791019591775000064,1791019591878457939,,0,103.457875,,0,0
2619,1791019591808000000,1791019591910289425,,0,102.289425,,0,0
2620,1791019591842000128,1791019591944056145,,0,102.056017,,0,0
2621,1791019591874000128,1791019591976616521,,0,102.616393,,0,0
2622,1791019591908000000,1791019592010369551,,0,102.369551,,0,0
2623,1791019591941999872,1791019592043744306,,0,101.744434,,0,0
2624,1791019591973999872,1791019592076837450,,0,102.837578,,0,0
2625,1791019592008000000,1791019592109951827,,0,101.951827,,0,0
2626,1791019592040999936,1791019592143079614,,0,102.079678,,0,0
2627,1791019592075000064,1791019592176900532,,0,101.900468,,0,0
2628,1791019592108000000,1791019592209818787,,0,101.818787,,0,0
2629,1791019592140999936,1791019592249503517,,0,108.503581,,0,0
2631,1791019592204000000,1791019592306449462,,0,102.449462,,0,0
2632,1791019592236999936,1791019592338702803,,0,101.702867,,0,0
2633,1791019592269999872,1791019592372487123,,0,102.487251,,0,0
2634,1791019592303000064,1791019592405027104,,0,102.027040,,0,0
2635,1791019592336000000,1791019592438104882,,0,102.104882,,0,0
2636,1791019592368999936,1791019592471516236,,0,102.516300,,0,0
2637,1791019592401999872,1791019592503949495,,0,101.949623,,0,0
2638,1791019592435000064,1791019592536617989,,0,101.617925,,0,0
2639,1791019592468000000,1791019592570340566,,0,102.340566,,0,0
2640,1791019592500999936,1791019592603204064,,0,102.204128,,0,0
2641,1791019592533999872,1791019592635281120,,0,101.281248,,0,0
2642,1791019592566999808,1791019592669399013,,0,102.399205,,0,0
2643,1791019592600000000,1791019592701384434,,0,101.384434,,0,0
2644,1791019592632999936,1791019592735172385,,0,102.172449,,0,0
2645,1791019592665999872,1791019592768267485,,0,102.267613,,0,0
2646,1791019592700000000,1791019592803139134,,0,103.139134,,0,0
2647,1791019592732000000,1791019592834441761,,0,102.441761,,0,0
2648,1791019592766000128,1791019592868279721,,0,102.279593,,0,0
2649,1791019592799000064,1791019592903751747,,0,104.751683,,0,0
2650,1791019592832999936,1791019592934888984,,0,101.889048,,0,0
2651,1791019592865999872,1791019592975017083,,0,109.017211,,0,0
2652,1791019592898999808,1791019593008113300,,0,109.113492,,0,0
2653,1791019592933000192,1791019593035894119,,0,102.893927,,0,0
2654,1791019592966000128,1791019593068061132,,0,102.061004,,0,0
2655,1791019592996000000,1791019593098637941,,0,102.637941,,0,0
2656,1791019593029999872,1791019593132224182,,0,102.224310,,0,0
2657,1791019593063000064,1791019593167653184,,0,104.653120,,0,0
2658,1791019593096000000,1791019593197869319,,0,101.869319,,0,0
2659,1791019593130000128,1791019593231437121,,0,101.436993,,0,0
2660,1791019593163000064,1791019593264556805,,0,101.556741,,0,0
2661,1791019593196000000,1791019593298476062,,0,102.476062,,0,0
2662,1791019593230000128,1791019593331591276,,0,101.591148,,0,0
2663,1791019593263000064,1791019593365452423,,0,102.452359,,0,0
2664,1791019593296000000,1791019593397668607,,0,101.668607,,0,0
2665,1791019593325999872,1791019593429015654,,0,103.015782,,0,0
2666,1791019593360000000,1791019593462446003,,0,102.446003,,0,0
2667,1791019593392000000,1791019593493877142,,0,101.877142,,0,0
2668,1791019593424999936,1791019593531208132,,0,106.208196,,0,0
2669,1791019593457999872,1791019593559916757,,0,101.916885,,0,0
2670,1791019593491000064,1791019593592637493,,0,101.637429,,0,0
2671,1791019593524000000,1791019593627680957,,0,103.680957,,0,0
2672,1791019593558000128,1791019593660659836,,0,102.659708,,0,0
2673,1791019593591000064,1791019593693438402,,0,102.438338,,0,0
2675,1791019593657000192,1791019593758530655,,0,101.530463,,0,0
2676,1791019593691000064,1791019593793152541,,0,102.152477,,0,0
2678,1791019593757999872,1791019593859685254,,0,101.685382,,0,0
2679,1791019593789999872,1791019593892726154,,0,102.726282,,0,0
2681,1791019593854000128,1791019593956550321,,0,102.550193,,0,0
2682,1791019593887000064,1791019593989940720,,0,102.940656,,0,0
2683,1791019593920000000,1791019594021976427,,0,101.976427,,0,0
2684,1791019593953000192,1791019594054789356,,0,101.789164,,0,0
2685,1791019593986000128,1791019594088370288,,0,102.370160,,0,0
2686,1791019594019000064,1791019594120853554,,0,101.853490,,0,0
2687,1791019594052000000,1791019594154113483,,0,102.113483,,0,0
2688,1791019594084999936,1791019594187942501,,0,102.942565,,0,0
2689,1791019594118000128,1791019594220192768,,0,102.192640,,0,0
2690,1791019594152000000,1791019594253596855,,0,101.596855,,0,0
2691,1791019594184000000,1791019594285429456,,0,101.429456,,0,0
2692,1791019594216999936,1791019594318345753,,0,101.345817,,0,0
2693,1791019594249999872,1791019594351807672,,0,101.807800,,0,0
2694,1791019594283000064,1791019594384968144,,0,101.968080,,0,0
2695,1791019594316000000,1791019594418724803,,0,102.724803,,0,0
2696,1791019594349999872,1791019594452673952,,0,102.674080,,0,0
2697,1791019594382999808,1791019594484906059,,0,101.906251,,0,0
2698,1791019594416000000,1791019594518273269,,0,102.273269,,0,0
2699,1791019594450000128,1791019594552286954,,0,102.286826,,0,0
2700,1791019594483000064,1791019594584790335,,0,101.790271,,0,0
2701,1791019594516999936,1791019594618811563,,0,101.811627,,0,0
2702,1791019594549999872,1791019594652072610,,0,102.072738,,0,0
2703,1791019594583000064,1791019594685071603,,0,102.071539,,0,0
2704,1791019594617000192,1791019594719361869,,0,102.361677,,0,0
2705,1791019594650000128,1791019594751907436,,0,101.907308,,0,0
2706,1791019594683000064,1791019594784800546,,0,101.800482,,0,0
2707,1791019594712000000,1791019594814282760,,0,102.282760,,0,0
2708,1791019594749000192,1791019594850185582,,0,101.185390,,0,0
2709,1791019594778000128,1791019594882916095,,0,104.915967,,0,0
2710,1791019594815000064,1791019594919930273,,0,104.930209,,0,0
2711,1791019594844000000,1791019594947003991,,0,103.003991,,0,0
2712,1791019594877000192,1791019594979893190,,0,102.892998,,0,0
2713,1791019594910000128,1791019595012524524,,0,102.524396,,0,0
2714,1791019594943000064,1791019595044799654,,0,101.799590,,0,0
2715,1791019594976000000,1791019595077598055,,0,101.598055,,0,0
2716,1791019595008999936,1791019595111369241,,0,102.369305,,0,0
2717,1791019595042000128,1791019595143398521,,0,101.398393,,0,0
2718,1791019595075000064,1791019595176257825,,0,101.257761,,0,0
2719,1791019595108000000,1791019595209730917,,0,101.730917,,0,0
2720,1791019595140999936,1791019595243865012,,0,102.865076,,0,0
2721,1791019595175000064,1791019595276539090,,0,101.539026,,0,0
2722,1791019595208000000,1791019595309390851,,0,101.390851,,0,0
2723,1791019595240000000,1791019595341683582,,0,101.683582,,0,0
2724,1791019595273999872,1791019595375784711,,0,101.784839,,0,0
2725,1791019595308999936,1791019595411220974,,0,102.221038,,0,0
2726,1791019595341000192,1791019595443054132,,0,102.053940,,0,0
2727,1791019595374000128,1791019595478756920,,0,104.756792,,0,0
2728,1791019595407000064,1791019595509921254,,0,102.921190,,0,0
2729,1791019595440999936,1791019595542201971,,0,101.202035,,0,0
2730,1791019595473999872,1791019595575677857,,0,101.677985,,0,0
2731,1791019595507000064,1791019595609907219,,0,102.907155,,0,0
2732,1791019595539000064,1791019595641600690,,0,102.600626,,0,0
2733,1791019595572000000,1791019595674184530,,0,102.184530,,0,0
2734,1791019595602999808,1791019595706756357,,0,103.756549,,0,0
2735,1791019595640000000,1791019595741979736,,0,101.979736,,0,0
2737,1791019595701999872,1791019595803665001,,0,101.665129,,0,0
2738,1791019595734999808,1791019595837316335,,0,102.316527,,0,0
2740,1791019595802000128,1791019595904130375,,0,102.130247,,0,0
2741,1791019595835000064,1791019595937424667,,0,102.424603,,0,0
2742,1791019595868999936,1791019595970709740,,0,101.709804,,0,0
2743,1791019595900999936,1791019596002704656,,0,101.704720,,0,0
2744,1791019595936000000,1791019596037356433,,0,101.356433,,0,0
2745,1791019595967000064,1791019596068845679,,0,101.845615,,0,0
2746,1791019596002000128,1791019596108497438,,0,106.497310,,0,0
2748,1791019596066999808,1791019596169006530,,0,102.006722,,0,0
2750,1791019596134000128,1791019596238405629,,0,104.405501,,0,0
2752,1791019596198999808,1791019596301525765,,0,102.525957,,0,0
2753,1791019596236000000,1791019596338255536,,0,102.255536,,0,0
2754,1791019596267000064,1791019596369080427,,0,102.080363,,0,0
2755,1791019596302000128,1791019596403950117,,0,101.949989,,0,0
2756,1791019596334000128,1791019596436218262,,0,102.218134,,0,0
2757,1791019596362999808,1791019596464262529,,0,101.262721,,0,0
2758,1791019596396000000,1791019596497325218,,0,101.325218,,0,0
2759,1791019596428999936,1791019596530453839,,0,101.453903,,0,0
2760,1791019596461999872,1791019596563596988,,0,101.597116,,0,0
2761,1791019596493999872,1791019596597991739,,0,103.991867,,0,0
2762,1791019596527000064,1791019596628914970,,0,101.914906,,0,0
2763,1791019596560000000,1791019596661449360,,0,101.449360,,0,0
2764,1791019596592999936,1791019596695214119,,0,102.214183,,0,0
2765,1791019596625999872,1791019596727881771,,0,101.881899,,0,0
2766,1791019596658999808,1791019596761018495,,0,102.018687,,0,0
2767,1791019596692000000,1791019596793703188,,0,101.703188,,0,0
2768,1791019596724999936,1791019596826888802,,0,101.888866,,0,0
2769,1791019596757999872,1791019596859504770,,0,101.504898,,0,0
2770,1791019596790999808,1791019596893721279,,0,102.721471,,0,0
2771,1791019596824000000,1791019596925998923,,0,101.998923,,0,0
2772,1791019596857000192,1791019596959927675,,0,102.927483,,0,0
2773,1791019596891000064,1791019596992859896,,0,101.859832,,0,0
2774,1791019596923000064,1791019597024915994,,0,101.915930,,0,0
2775,1791019596956999936,1791019597059523908,,0,102.523972,,0,0
2776,1791019596990000128,1791019597092794171,,0,102.794043,,0,0
2777,1791019597024000000,1791019597126407788,,0,102.407788,,0,0
2778,1791019597056999936,1791019597159722751,,0,102.722815,,0,0
2779,1791019597091000064,1791019597192857518,,0,101.857454,,0,0
2780,1791019597124000000,1791019597226293172,,0,102.293172,,0,0
2781,1791019597157000192,1791019597259510634,,0,102.510442,,0,0
2782,1791019597187000064,1791019597288877185,,0,101.877121,,0,0
2783,1791019597220000000,1791019597322082354,,0,102.082354,,0,0
2784,1791019597252999936,1791019597355953834,,0,102.953898,,0,0
2785,1791019597286000128,1791019597388342109,,0,102.341981,,0,0
2786,1791019597319000064,1791019597420992159,,0,101.992095,,0,0
2787,1791019597352000000,1791019597453848947,,0,101.848947,,0,0
2788,1791019597384999936,1791019597486861906,,0,101.861970,,0,0
2789,1791019597417999872,1791019597525507354,,0,107.507482,,0,0
2790,1791019597451000064,1791019597552704554,,0,101.704490,,0,0
2791,1791019597484000000,1791019597585095065,,0,101.095065,,0,0
2792,1791019597516999936,1791019597619230833,,0,102.230897,,0,0
2793,1791019597549999872,1791019597651602905,,0,101.603033,,0,0
2794,1791019597583000064,1791019597684956143,,0,101.956079,,0,0
2795,1791019597616000000,1791019597719238585,,0,103.238585,,0,0
2796,1791019597650000128,1791019597755995454,,0,105.995326,,0,0
2797,1791019597683000064,1791019597785429055,,0,102.428991,,0,0
2798,1791019597716000000,1791019597818241701,,0,102.241701,,0,0
2799,1791019597749000192,1791019597851749155,,0,102.748963,,0,0
2800,1791019597783000064,1791019597885202130,,0,102.202066,,0,0
2801,1791019597816000000,1791019597919682369,,0,103.682369,,0,0
2802,1791019597848999936,1791019597951508262,,0,102.508326,,0,0
2803,1791019597881999872,1791019597984293809,,0,102.293937,,0,0
2804,1791019597915000064,1791019598017253966,,0,102.253902,,0,0
2806,1791019597979000064,1791019598080984533,,0,101.984469,,0,0
2807,1791019598012000000,1791019598113882389,,0,101.882389,,0,0
2808,1791019598045000192,1791019598147896349,,0,102.896157,,0,0
2809,1791019598078000128,1791019598180613448,,0,102.613320,,0,0
2810,1791019598111000064,1791019598212613670,,0,101.613606,,0,0
2811,1791019598144000000,1791019598245877228,,0,101.877228,,0,0
2812,1791019598176999936,1791019598278590416,,0,101.590480,,0,0
2813,1791019598210000128,1791019598312356850,,0,102.356722,,0,0
2814,1791019598243000064,1791019598345424286,,0,102.424222,,0,0
2815,1791019598276000000,1791019598377762553,,0,101.762553,,0,0
2816,1791019598308999936,1791019598411269167,,0,102.269231,,0,0
2817,1791019598342000128,1791019598444310901,,0,102.310773,,0,0
2818,1791019598375000064,1791019598477484220,,0,102.484156,,0,0
2819,1791019598408000000,1791019598510051575,,0,102.051575,,0,0
2820,1791019598440999936,1791019598546943661,,0,105.943725,,0,0
2821,1791019598474999808,1791019598577716307,,0,102.716499,,0,0
2822,1791019598508999936,1791019598610577844,,0,101.577908,,0,0
2823,1791019598542000128,1791019598645121220,,0,103.121092,,0,0
2824,1791019598573999872,1791019598676640079,,0,102.640207,,0,0
2825,1791019598608000000,1791019598709821779,,0,101.821779,,0,0
2826,1791019598641999872,1791019598748729280,,0,106.729408,,0,0
2827,1791019598675000064,1791019598778498410,,0,103.498346,,0,0
2828,1791019598708000000,1791019598809887638,,0,101.887638,,0,0
2829,1791019598742000128,1791019598843167399,,0,101.167271,,0,0
2830,1791019598773999872,1791019598878008590,,0,104.008718,,0,0
2831,1791019598805000192,1791019598911424408,,0,106.424216,,0,0
2832,1791019598836999936,1791019598939026981,,0,102.027045,,0,0
2833,1791019598872000000,1791019598973899462,,0,101.899462,,0,0
2834,1791019598904000000,1791019599005616397,,0,101.616397,,0,0
2835,1791019598936999936,1791019599040501449,,0,103.501513,,0,0
2836,1791019598970000128,1791019599072164464,,0,102.164336,,0,0
2837,1791019599006000128,1791019599107618604,,0,101.618476,,0,0
2838,1791019599036999936,1791019599139182999,,0,102.183063,,0,0
2839,1791019599069999872,1791019599172436778,,0,102.436906,,0,0
2840,1791019599104999936,1791019599206340663,,0,101.340727,,0,0
2841,1791019599137000192,1791019599238697647,,0,101.697455,,0,0
2842,1791019599170000128,1791019599273232921,,0,103.232793,,0,0
2843,1791019599200999936,1791019599302652831,,0,101.652895,,0,0
2844,1791019599232999936,1791019599335700151,,0,102.700215,,0,0
2845,1791019599268000000,1791019599370434899,,0,102.434899,,0,0
2846,1791019599300000000,1791019599402567823,,0,102.567823,,0,0
2847,1791019599334000128,1791019599436130033,,0,102.129905,,0,0
2848,1791019599368000000,1791019599469904567,,0,101.904567,,0,0
2849,1791019599400999936,1791019599503185445,,0,102.185509,,0,0
2850,1791019599434000128,1791019599536082462,,0,102.082334,,0,0
2851,1791019599464000000,1791019599567434252,,0,103.434252,,0,0
2852,1791019599500999936,1791019599602877776,,0,101.877840,,0,0
2853,1791019599533999872,1791019599636369303,,0,102.369431,,0,0
2854,1791019599566999808,1791019599669264084,,0,102.264276,,0,0
2855,1791019599596999936,1791019599700553295,,0,103.553359,,0,0
2856,1791019599628999936,1791019599731078414,,0,102.078478,,0,0
2857,1791019599661999872,1791019599764346441,,0,102.346569,,0,0
2858,1791019599694999808,1791019599796956818,,0,101.957010,,0,0
2859,1791019599728000000,1791019599830697827,,0,102.697827,,0,0
2860,1791019599760999936,1791019599865444589,,0,104.444653,,0,0
2861,1791019599793999872,1791019599896613388,,0,102.613516,,0,0
2862,1791019599826999808,1791019599930629862,,0,103.630054,,0,0
2863,1791019599860000000,1791019599963306451,,0,103.306451,,0,0
2864,1791019599892999936,1791019599995513131,,0,102.513195,,0,0
2865,1791019599926000128,1791019600031565971,,0,105.565843,,0,0
2866,1791019599959000064,1791019600061777630,,0,102.777566,,0,0
2867,1791019599992000000,1791019600100927626,,0,108.927626,,0,0
2868,1791019600025000192,1791019600126820979,,0,101.820787,,0,0
2869,1791019600058000128,1791019600160052966,,0,102.052838,,0,0
2870,1791019600091000064,1791019600193438609,,0,102.438545,,0,0
2871,1791019600124000000,1791019600226775361,,0,102.775361,,0,0
2872,1791019600157999872,1791019600260003436,,0,102.003564,,0,0
2873,1791019600191000064,1791019600293395784,,0,102.395720,,0,0
2874,1791019600224999936,1791019600326728067,,0,101.728131,,0,0
2875,1791019600257999872,1791019600360356487,,0,102.356615,,0,0
2876,1791019600289999872,1791019600392929147,,0,102.929275,,0,0
2877,1791019600324000000,1791019600426632999,,0,102.632999,,0,0
2878,1791019600358000128,1791019600459872808,,0,101.872680,,0,0
2880,1791019600420999936,1791019600522992099,,0,101.992163,,0,0
2881,1791019600453999872,1791019600556047799,,0,102.047927,,0,0
2882,1791019600487000064,1791019600589931848,,0,102.931784,,0,0
2883,1791019600520000000,1791019600622168699,,0,102.168699,,0,0
2884,1791019600552999936,1791019600654678221,,0,101.678285,,0,0
2885,1791019600585999872,1791019600688221432,,0,102.221560,,0,0
2886,1791019600619000064,1791019600721507617,,0,102.507553,,0,0
2887,1791019600652000000,1791019600753446933,,0,101.446933,,0,0
2888,1791019600684999936,1791019600787451672,,0,102.451736,,0,0
2889,1791019600717999872,1791019600819963429,,0,101.963557,,0,0
2890,1791019600750999808,1791019600852824126,,0,101.824318,,0,0
2891,1791019600784000000,1791019600886191330,,0,102.191330,,0,0
2892,1791019600816999936,1791019600920178468,,0,103.178532,,0,0
2893,1791019600849999872,1791019600952771523,,0,102.771651,,0,0
2894,1791019600882999808,1791019600985640042,,0,102.640234,,0,0
2895,1791019600916000000,1791019601018552982,,0,102.552982,,0,0
2896,1791019600950000128,1791019601058208926,,0,108.208798,,0,0
2897,1791019600983000064,1791019601085783280,,0,102.783216,,0,0
2898,1791019601016000000,1791019601118372981,,0,102.372981,,0,0
2899,1791019601048999936,1791019601151642962,,0,102.643026,,0,0
2900,1791019601083000064,1791019601185100962,,0,102.100898,,0,0
2901,1791019601116000000,1791019601218985848,,0,102.985848,,0,0
2902,1791019601150000128,1791019601251953824,,0,101.953696,,0,0
2903,1791019601183000064,1791019601285688406,,0,102.688342,,0,0
2904,1791019601216999936,1791019601318867869,,0,101.867933,,0,0
2905,1791019601246000128,1791019601347822058,,0,101.821930,,0,0
2906,1791019601279000064,1791019601381009902,,0,102.009838,,0,0
2907,1791019601312000000,1791019601414042414,,0,102.042414,,0,0
2908,1791019601344999936,1791019601446981335,,0,101.981399,,0,0
2909,1791019601378000128,1791019601480332614,,0,102.332486,,0,0
2910,1791019601411000064,1791019601518510382,,0,107.510318,,0,0
2911,1791019601444000000,1791019601547572131,,0,103.572131,,0,0
2912,1791019601476999936,1791019601578931743,,0,101.931807,,0,0
2913,1791019601509999872,1791019601613160540,,0,103.160668,,0,0
2914,1791019601543000064,1791019601646075155,,0,103.075091,,0,0
2915,1791019601576000000,1791019601678600041,,0,102.600041,,0,0
2916,1791019601608999936,1791019601711770285,,0,102.770349,,0,0
2917,1791019601641999872,1791019601744980759,,0,102.980887,,0,0
2918,1791019601675000064,1791019601777521849,,0,102.521785,,0,0
2919,1791019601709000192,1791019601811846192,,0,102.846000,,0,0
2920,1791019601740999936,1791019601843497751,,0,102.497815,,0,0
2921,1791019601773999872,1791019601876792596,,0,102.792724,,0,0
2922,1791019601808000000,1791019601910872766,,0,102.872766,,0,0
2925,1791019601908000000,1791019602010966553,,0,102.966553,,0,0
2926,1791019601940999936,1791019602043774166,,0,102.774230,,0,0
2927,1791019601974999808,1791019602077499807,,0,102.499999,,0,0
2928,1791019602008999936,1791019602111056147,,0,102.056211,,0,0
2929,1791019602040999936,1791019602145805419,,0,104.805483,,0,0
2930,1791019602071000064,1791019602173040890,,0,102.040826,,0,0
2931,1791019602104000000,1791019602206167271,,0,102.167271,,0,0
2932,1791019602137000192,1791019602239575821,,0,102.575629,,0,0
2933,1791019602171000064,1791019602272992752,,0,101.992688,,0,0
2934,1791019602204999936,1791019602307679724,,0,102.679788,,0,0
2935,1791019602236999936,1791019602339180140,,0,102.180204,,0,0
2936,1791019602270999808,1791019602372658254,,0,101.658446,,0,0
2937,1791019602304000000,1791019602405986344,,0,101.986344,,0,0
2938,1791019602338000128,1791019602441073381,,0,103.073253,,0,0
2939,1791019602371000064,1791019602473467519,,0,102.467455,,0,0
2940,1791019602400999936,1791019602503643696,,0,102.643760,,0,0
2941,1791019602434000128,1791019602538767331,,0,104.767203,,0,0
2942,1791019602467000064,1791019602569689999,,0,102.689935,,0,0
2943,1791019602500000000,1791019602602007867,,0,102.007867,,0,0
2944,1791019602533999872,1791019602635727362,,0,101.727490,,0,0
2945,1791019602566999808,1791019602669959790,,0,102.959982,,0,0
2946,1791019602601000192,1791019602707127615,,0,106.127423,,0,0
2947,1791019602632000000,1791019602735900210,,0,103.900210,,0,0
2948,1791019602667000064,1791019602769274117,,0,102.274053,,0,0
2949,1791019602700999936,1791019602803542864,,0,102.542928,,0,0
2950,1791019602733999872,1791019602837007568,,0,103.007696,,0,0
2951,1791019602768000000,1791019602869393045,,0,101.393045,,0,0
2952,1791019602801000192,1791019602903059738,,0,102.059546,,0,0
2953,1791019602834000128,1791019602936142257,,0,102.142129,,0,0
2954,1791019602867000064,1791019602969248243,,0,102.248179,,0,0
2955,1791019602900999936,1791019603002646177,,0,101.646241,,0,0
2957,1791019602961999872,1791019603064102340,,0,102.102468,,0,0
2958,1791019602994999808,1791019603096867767,,0,101.867959,,0,0
2959,1791019603028000000,1791019603130069578,,0,102.069578,,0,0
2960,1791019603061000192,1791019603163018834,,0,102.018642,,0,0
2961,1791019603094000128,1791019603196165050,,0,102.164922,,0,0
2962,1791019603127000064,1791019603228963164,,0,101.963100,,0,0
2963,1791019603160000000,1791019603261600078,,0,101.600078,,0,0
2964,1791019603193000192,1791019603294554362,,0,101.554170,,0,0
2965,1791019603226000128,1791019603327713988,,0,101.713860,,0,0
2967,1791019603292000000,1791019603394511530,,0,102.511530,,0,0
2968,1791019603324999936,1791019603426695297,,0,101.695361,,0,0
2969,1791019603358000128,1791019603460637173,,0,102.637045,,0,0
2970,1791019603391000064,1791019603494987497,,0,103.987433,,0,0
2971,1791019603424000000,1791019603529029669,,0,105.029669,,0,0
2972,1791019603456999936,1791019603559550594,,0,102.550658,,0,0
2973,1791019603491000064,1791019603593320096,,0,102.320032,,0,0
2974,1791019603524000000,1791019603626160954,,0,102.160954,,0,0
2975,1791019603558000128,1791019603660250900,,0,102.250772,,0,0
2976,1791019603591000064,1791019603694475784,,0,103.475720,,0,0
2977,1791019603624000000,1791019603725966979,,0,101.966979,,0,0
2978,1791019603657000192,1791019603759004797,,0,102.004605,,0,0
2979,1791019603691000064,1791019603793362105,,0,102.362041,,0,0
2980,1791019603724000000,1791019603826214138,,0,102.214138,,0,0
2981,1791019603753999872,1791019603857154406,,0,103.154534,,0,0
2982,1791019603787000064,1791019603891117794,,0,104.117730,,0,0
2983,1791019603820000000,1791019603922892277,,0,102.892277,,0,0
2984,1791019603852999936,1791019603955954959,,0,102.955023,,0,0
2985,1791019603885999872,1791019603988452744,,0,102.452872,,0,0
2986,1791019603918999808,1791019604021715179,,0,102.715371,,0,0
2987,1791019603952000000,1791019604055643924,,0,103.643924,,0,0
2988,1791019603984999936,1791019604089850648,,0,104.850712,,0,0
2989,1791019604017999872,1791019604119728450,,0,101.728578,,0,0
2990,1791019604051000064,1791019604153625066,,0,102.625002,,0,0
2991,1791019604084000000,1791019604185704346,,0,101.704346,,0,0
2992,1791019604117000192,1791019604219679747,,0,102.679555,,0,0
2993,1791019604150000128,1791019604253557087,,0,103.556959,,0,0
2994,1791019604183000064,1791019604285502546,,0,102.502482,,0,0
2995,1791019604216999936,1791019604318946296,,0,101.946360,,0,0
2996,1791019604249000192,1791019604351698311,,0,102.698119,,0,0
2997,1791019604283000064,1791019604385698856,,0,102.698792,,0,0
2998,1791019604316000000,1791019604418831661,,0,102.831661,,0,0
2999,1791019604349999872,1791019604452867965,,0,102.868093,,0,0
3000,1791019604381999872,1791019604485088888,,0,103.089016,,0,0
3001,1791019604416000000,1791019604517728875,,0,101.728875,,0,0
3002,1791019604448999936,1791019604554360297,,0,105.360361,,0,0
3003,1791019604483000064,1791019604587083258,,0,104.083194,,0,0
3004,1791019604516999936,1791019604619419284,,0,102.419348,,0,0
3005,1791019604549999872,1791019604660179875,,0,110.180003,,0,0
3006,1791019604583000064,1791019604685196266,,0,102.196202,,0,0
3007,1791019604612000000,1791019604714161907,,0,102.161907,,0,0
3008,1791019604644999936,1791019604746953594,,0,101.953658,,0,0
3009,1791019604677999872,1791019604780797688,,0,102.797816,,0,0
3010,1791019604711000064,1791019604813184002,,0,102.183938,,0,0
3011,1791019604744000000,1791019604846808787,,0,102.808787,,0,0
3012,1791019604776999936,1791019604879115478,,0,102.115542,,0,0
3013,1791019604809999872,1791019604912870452,,0,102.870580,,0,0
3014,1791019604842999808,1791019604945798753,,0,102.798945,,0,0
3015,1791019604876000000,1791019604978767285,,0,102.767285,,0,0
3016,1791019604910000128,1791019605012139235,,0,102.139107,,0,0
3017,1791019604941999872,1791019605044376361,,0,102.376489,,0,0
3018,1791019604974999808,1791019605077873749,,0,102.873941,,0,0
3019,1791019605009999872,1791019605111781820,,0,101.781948,,0,0
3020,1791019605043000064,1791019605145282561,,0,102.282497,,0,0
3021,1791019605076000000,1791019605177978142,,0,101.978142,,0,0
3022,1791019605108999936,1791019605211151176,,0,102.151240,,0,0
3023,1791019605141999872,1791019605244183684,,0,102.183812,,0,0
3024,1791019605176000000,1791019605278654416,,0,102.654416,,0,0
3025,1791019605209000192,1791019605311031230,,0,102.031038,,0,0
3026,1791019605240999936,1791019605343730443,,0,102.730507,,0,0
3027,1791019605275000064,1791019605378014832,,0,103.014768,,0,0
3028,1791019605308999936,1791019605411027225,,0,102.027289,,0,0
3029,1791019605338000128,1791019605440941344,,0,102.941216,,0,0
3030,1791019605372000000,1791019605474410516,,0,102.410516,,0,0
3031,1791019605404000000,1791019605512831896,,0,108.831896,,0,0
3032,1791019605437999872,1791019605540469944,,0,102.470072,,0,0
3033,1791019605472000000,1791019605575112492,,0,103.112492,,0,0
3034,1791019605503000064,1791019605611837505,,0,108.837441,,0,0
3035,1791019605539000064,1791019605642724130,,0,103.724066,,0,0
3036,1791019605572000000,1791019605675176376,,0,103.176376,,0,0
3038,1791019605638000128,1791019605739483282,,0,101.483154,,0,0
3039,1791019605668000000,1791019605771636316,,0,103.636316,,0,0
3040,1791019605701999872,1791019605805154378,,0,103.154506,,0,0
3041,1791019605734999808,1791019605836456715,,0,101.456907,,0,0
3042,1791019605767000064,1791019605871214086,,0,104.214022,,0,0
3043,1791019605800000000,1791019605902113842,,0,102.113842,,0,0
3044,1791019605832999936,1791019605935341354,,0,102.341418,,0,0
3046,1791019605898999808,1791019606000776378,,0,101.776570,,0,0
3047,1791019605932000000,1791019606035328129,,0,103.328129,,0,0
3048,1791019605966000128,1791019606067953865,,0,101.953737,,0,0
3049,1791019605999000064,1791019606101207358,,0,102.207294,,0,0
3050,1791019606032999936,1791019606134968755,,0,101.968819,,0,0
3051,1791019606065999872,1791019606168428707,,0,102.428835,,0,0
3052,1791019606099000064,1791019606201451156,,0,102.451092,,0,0
3053,1791019606131000064,1791019606233649169,,0,102.649105,,0,0
3054,1791019606165999872,1791019606268592324,,0,102.592452,,0,0
3055,1791019606198999808,1791019606301324782,,0,102.324974,,0,0
3056,1791019606232000000,1791019606333827872,,0,101.827872,,0,0
3057,1791019606265000192,1791019606368793377,,0,103.793185,,0,0
3058,1791019606298000128,1791019606401364077,,0,103.363949,,0,0
3059,1791019606328000000,1791019606430315189,,0,102.315189,,0,0
3060,1791019606360999936,1791019606463005740,,0,102.005804,,0,0
3061,1791019606394000128,1791019606495961419,,0,101.961291,,0,0
3062,1791019606427000064,1791019606529647944,,0,102.647880,,0,0
3063,1791019606460000000,1791019606561944576,,0,101.944576,,0,0
3064,1791019606492999936,1791019606594715308,,0,101.715372,,0,0
3065,1791019606526000128,1791019606628124972,,0,102.124844,,0,0
3066,1791019606559000064,1791019606661304151,,0,102.304087,,0,0
3067,1791019606592000000,1791019606694037447,,0,102.037447,,0,0
3068,1791019606624999936,1791019606726648935,,0,101.648999,,0,0
3069,1791019606657999872,1791019606760143250,,0,102.143378,,0,0
3070,1791019606691000064,1791019606794680472,,0,103.680408,,0,0
3071,1791019606724000000,1791019606826674821,,0,102.674821,,0,0
3072,1791019606756999936,1791019606861856283,,0,104.856347,,0,0
3073,1791019606790999808,1791019606893736366,,0,102.736558,,0,0
3074,1791019606824000000,1791019606926608233,,0,102.608233,,0,0
3075,1791019606857000192,1791019606959452440,,0,102.452248,,0,0
3076,1791019606890000128,1791019606992350847,,0,102.350719,,0,0
3077,1791019606923000064,1791019607025540921,,0,102.540857,,0,0
3078,1791019606956000000,1791019607058763403,,0,102.763403,,0,0
3079,1791019606989000192,1791019607091253641,,0,102.253449,,0,0
3080,1791019607023000064,1791019607125788628,,0,102.788564,,0,0
3081,1791019607056999936,1791019607159405028,,0,102.405092,,0,0
3082,1791019607089999872,1791019607192378866,,0,102.378994,,0,0
3083,1791019607121999872,1791019607224220674,,0,102.220802,,0,0
3084,1791019607153000192,1791019607255454561,,0,102.454369,,0,0
3085,1791019607186000128,1791019607288197634,,0,102.197506,,0,0
3086,1791019607219000064,1791019607321466771,,0,102.466707,,0,0
3087,1791019607252000000,1791019607355170058,,0,103.170058,,0,0
3088,1791019607285000192,1791019607387083107,,0,102.082915,,0,0
3089,1791019607318000128,1791019607419932342,,0,101.932214,,0,0
